{
    "frequencies": [
        29.730776236512366,
        26.239838479843385,
        56.2973403523291
    ],
    "anharmonicities": [
        -1.3885839528866886,
        -1.4451326206513049,
        -0.5026548245743669
    ],
    "couplings": [
        0.34243359924128747,
        0.34884244825461064
    ]
}