{
    "frequencies": [
        4.7381,
        4.2936,
        8.692
    ],
    "anharmonicities": [
        -0.221,
        -0.226,
        -0.08
    ],
    "couplings": [
        0.055,
        0.05574
    ],
    "creationTime": "2021-08-07 01:17:17",
    "gateType": "CZ",
    "nOptimizationLvls": 4,
    "riseTime": 25,
    "theta": -0.40359390399202455,
    "delta": 0.0006711665532772868,
    "omegaPhi": 0.24692001746116396,
    "modulationTime": 119.02715422980177,
    "gateFidelity": 0.9905246699465181,
    "times": [
        105.65331667589145,
        105.98766261473921,
        106.32200855358697,
        106.65635449243473,
        106.99070043128248,
        107.32504637013024,
        107.659392308978,
        107.99373824782576,
        108.32808418667352,
        108.66243012552127,
        108.99677606436903,
        109.33112200321679,
        109.66546794206455,
        109.9998138809123,
        110.33415981976006,
        110.66850575860782,
        111.00285169745558,
        111.33719763630333,
        111.67154357515109,
        112.00588951399885,
        112.34023545284661,
        112.67458139169436,
        113.00892733054212,
        113.34327326938988,
        113.67761920823764,
        114.01196514708539,
        114.34631108593315,
        114.68065702478091,
        115.01500296362867,
        115.34934890247642,
        115.68369484132418,
        116.01804078017194,
        116.3523867190197,
        116.68673265786745,
        117.02107859671521,
        117.35542453556297,
        117.68977047441074,
        118.0241164132585,
        118.35846235210624,
        118.692808290954,
        119.02715422980177,
        119.36150016864953,
        119.69584610749729,
        120.03019204634504,
        120.3645379851928,
        120.69888392404056,
        121.03322986288832,
        121.36757580173607,
        121.70192174058383,
        122.03626767943159,
        122.37061361827935,
        122.7049595571271,
        123.03930549597486,
        123.37365143482262,
        123.70799737367038,
        124.04234331251813,
        124.37668925136589,
        124.71103519021365,
        125.04538112906141,
        125.37972706790916,
        125.71407300675692,
        126.04841894560468,
        126.38276488445244,
        126.71711082330019,
        127.05145676214795,
        127.38580270099571,
        127.72014863984347,
        128.05449457869122,
        128.388840517539,
        128.72318645638674,
        129.0575323952345,
        129.39187833408226,
        129.72622427293,
        130.06057021177776,
        130.39491615062553,
        130.72926208947328,
        131.06360802832103,
        131.3979539671688,
        131.73229990601655,
        132.06664584486433,
        132.40099178371207,
        132.73533772255982,
        133.0696836614076,
        133.40402960025534,
        133.7383755391031,
        134.07272147795086,
        134.4070674167986,
        134.7414133556464,
        135.07575929449413,
        135.41010523334188,
        135.74445117218966,
        136.0787971110374,
        136.41314304988515,
        136.74748898873293,
        137.08183492758067,
        137.41618086642842,
        137.7505268052762,
        138.08487274412394,
        138.41921868297172,
        138.75356462181946,
        139.0879105606672,
        139.422256499515,
        139.75660243836273,
        140.0909483772105,
        140.42529431605826,
        140.759640254906,
        141.09398619375378,
        141.42833213260153,
        141.76267807144927,
        142.09702401029705,
        142.4313699491448,
        142.76571588799254,
        143.10006182684032,
        143.43440776568806,
        143.76875370453584,
        144.1030996433836
    ],
    "fidelitiesAtTimes": [
        0.9515382801757715,
        0.9526844783078399,
        0.9539129422255661,
        0.9552661482579969,
        0.9566944987995967,
        0.9581035907431298,
        0.9594283638813916,
        0.9606674685538813,
        0.9618587734467452,
        0.9630301962561993,
        0.9641764759527245,
        0.965278504452687,
        0.9663362695059214,
        0.96737734153274,
        0.9684366401960091,
        0.9695282325688973,
        0.9706372828845327,
        0.9717336742465192,
        0.972793994120486,
        0.9738127445717051,
        0.9747974940356852,
        0.975756652601851,
        0.9766930095300944,
        0.9776062655371097,
        0.9784986093047887,
        0.9793749231344357,
        0.9802404068697926,
        0.9810967489599793,
        0.9819411504548331,
        0.982768774380909,
        0.9835753259346948,
        0.9843593521539962,
        0.9851215488989435,
        0.9858629417295663,
        0.9865847104267621,
        0.9872876195906344,
        0.9879721435737698,
        0.9886383277571269,
        0.9892860102573524,
        0.9899149064966091,
        0.9905246699465181,
        0.9911155368846231,
        0.9916873582419191,
        0.9922400771841208,
        0.9927736574689877,
        0.9932880606550937,
        0.9937832581665657,
        0.9942592148287648,
        0.9947159021706075,
        0.99515327718372,
        0.9955713431211795,
        0.9959700477709642,
        0.996349370326253,
        0.9967092741676391,
        0.9970496685893309,
        0.9973706159473649,
        0.9976721785309561,
        0.997954193632417,
        0.9982166913664235,
        0.9984596624333051,
        0.9986830712322703,
        0.9988869302512601,
        0.9990712304700875,
        0.9992359834540796,
        0.9993811517593372,
        0.9995067112457969,
        0.9996126864926985,
        0.9996990393377747,
        0.9997657874035955,
        0.9998129162380183,
        0.9998404256684026,
        0.9998482990812695,
        0.9998365357744194,
        0.9998051380448706,
        0.9997541160370922,
        0.999683470550012,
        0.9995931868887766,
        0.9994833063466413,
        0.9993538307793379,
        0.9992047246416069,
        0.9990360192412296,
        0.9988477900405469,
        0.998639988824262,
        0.9984126479376625,
        0.9981657800715474,
        0.9978994394511652,
        0.9976135546456508,
        0.9973081113257074,
        0.9969831859523571,
        0.9966388240180173,
        0.9962750233656678,
        0.9958918351855288,
        0.9954893309730372,
        0.9950674009340258,
        0.9946261400059508,
        0.9941655942267511,
        0.9936857748437367,
        0.9931867389799507,
        0.9926686353162246,
        0.992131378801329,
        0.9915748447115946,
        0.9909993795095877,
        0.9904048660882783,
        0.9897911895808745,
        0.9891587134885729,
        0.9885073737682891,
        0.9878370715985108,
        0.9871477577773055,
        0.986439735435709,
        0.9857128632276144,
        0.9849674506592863,
        0.9842034135382576,
        0.9834207656310087,
        0.9826194932910799,
        0.9817995502380146,
        0.9809611881637732
    ],
    "deviations": [
        [],
        [],
        [],
        []
    ],
    "fidelities1D_Dev": [
        [],
        [],
        [],
        []
    ],
    "fidelities2D_Theta_delta": null,
    "fidelities2D_Theta_omegaPhi": null,
    "fidelities2D_Theta_opTime": null,
    "fidelities2D_delta_omegaPhi": null,
    "fidelities2D_delta_opTime": null,
    "fidelities2D_omegaPhi_opTime": null
}