{
    "frequencies": [
        4.7381,
        4.2936,
        8.692
    ],
    "anharmonicities": [
        -0.221,
        -0.226,
        -0.08
    ],
    "couplings": [
        0.055,
        0.05574
    ],
    "creationTime": "2021-08-05 23:09:22",
    "gateType": "iSWAP",
    "nOptimizationLvls": 4,
    "riseTime": 25,
    "theta": -0.39157085200231956,
    "delta": 0.05281715123027224,
    "omegaPhi": 0.4469626947217244,
    "modulationTime": 94.95104666408034,
    "gateFidelity": 0.9982046598677089,
    "times": [
        81.43488343787672,
        81.77278751853181,
        82.11069159918691,
        82.448595679842,
        82.78649976049708,
        83.12440384115217,
        83.46230792180727,
        83.80021200246236,
        84.13811608311745,
        84.47602016377253,
        84.81392424442762,
        85.15182832508272,
        85.48973240573781,
        85.82763648639289,
        86.16554056704798,
        86.50344464770308,
        86.84134872835817,
        87.17925280901326,
        87.51715688966834,
        87.85506097032344,
        88.19296505097853,
        88.53086913163362,
        88.8687732122887,
        89.2066772929438,
        89.54458137359889,
        89.88248545425398,
        90.22038953490907,
        90.55829361556415,
        90.89619769621925,
        91.23410177687434,
        91.57200585752943,
        91.90990993818451,
        92.2478140188396,
        92.5857180994947,
        92.92362218014979,
        93.26152626080489,
        93.59943034145996,
        93.93733442211506,
        94.27523850277015,
        94.61314258342524,
        94.95104666408034,
        95.28895074473543,
        95.62685482539052,
        95.96475890604562,
        96.3026629867007,
        96.64056706735579,
        96.97847114801088,
        97.31637522866598,
        97.65427930932105,
        97.99218338997615,
        98.33008747063124,
        98.66799155128633,
        99.00589563194141,
        99.3437997125965,
        99.6817037932516,
        100.0196078739067,
        100.35751195456179,
        100.69541603521687,
        101.03332011587196,
        101.37122419652705,
        101.70912827718215,
        102.04703235783722,
        102.38493643849232,
        102.72284051914741,
        103.0607445998025,
        103.3986486804576,
        103.73655276111268,
        104.07445684176777,
        104.41236092242286,
        104.75026500307794,
        105.08816908373304,
        105.42607316438813,
        105.76397724504322,
        106.10188132569832,
        106.4397854063534,
        106.77768948700849,
        107.11559356766358,
        107.45349764831867,
        107.79140172897377,
        108.12930580962885,
        108.46720989028394,
        108.80511397093903,
        109.14301805159411,
        109.4809221322492,
        109.8188262129043,
        110.15673029355939,
        110.49463437421448,
        110.83253845486956,
        111.17044253552466,
        111.50834661617975,
        111.84625069683484,
        112.18415477748994,
        112.52205885814502,
        112.85996293880011,
        113.1978670194552,
        113.53577110011028,
        113.87367518076537,
        114.21157926142047,
        114.54948334207556,
        114.88738742273065,
        115.22529150338573,
        115.56319558404083,
        115.90109966469592,
        116.23900374535101,
        116.5769078260061,
        116.91481190666119,
        117.25271598731628,
        117.59062006797137,
        117.92852414862645,
        118.26642822928154,
        118.60433230993664,
        118.94223639059173,
        119.28014047124682,
        119.6180445519019,
        119.955948632557,
        120.29385271321209
    ],
    "fidelitiesAtTimes": [
        0.9493741535465148,
        0.9507475966526975,
        0.941185700978831,
        0.9491328421292756,
        0.9723122736802988,
        0.956038310571102,
        0.9503915773218999,
        0.9643949378729453,
        0.9643008830756455,
        0.9570944997699113,
        0.9720648710160497,
        0.9802657603188607,
        0.9677642803086739,
        0.9723764402109529,
        0.9814257914100123,
        0.9777218716310341,
        0.977153291370248,
        0.9871128879946104,
        0.9869737212576044,
        0.9833753163162712,
        0.9885445702355284,
        0.991664058201434,
        0.9899361582372933,
        0.9916068574622606,
        0.9947778512904522,
        0.9943959593036966,
        0.9944514608795106,
        0.9962713420783796,
        0.9969695732844892,
        0.9968747019526589,
        0.997393404234695,
        0.9978538981908203,
        0.9978801526960188,
        0.9979514465436393,
        0.998074775698071,
        0.998131683066487,
        0.9981444228606122,
        0.9981626286928836,
        0.998182376370633,
        0.9981939829269084,
        0.9982046598677089,
        0.9982152740583473,
        0.9982257821998595,
        0.9982361765254606,
        0.9982464642978279,
        0.9982566392151805,
        0.9982667085862149,
        0.9982766662253878,
        0.998286517730147,
        0.9982962551769621,
        0.9983058866600135,
        0.9983154048095836,
        0.9983248168669402,
        0.9983341162587609,
        0.9983433088345424,
        0.9983523893553945,
        0.9983613620722613,
        0.9983702084425928,
        0.9983789407280442,
        0.9983875687153603,
        0.9983960834050866,
        0.9984044949445681,
        0.998412798469045,
        0.9984209920471919,
        0.9984290707622488,
        0.9984370382598661,
        0.9984448988330008,
        0.9984526485603062,
        0.9984602893514168,
        0.9984678202048126,
        0.9984752425890342,
        0.998482555129271,
        0.9984897587472086,
        0.9984968545707854,
        0.9985038407641257,
        0.9985107173936856,
        0.9985174858057153,
        0.9985241452194366,
        0.998530695157435,
        0.9985371359207503,
        0.9985434665167052,
        0.9985497034166544,
        0.9985558205242933,
        0.998561829362141,
        0.998567736741472,
        0.9985735264776199,
        0.9985792144780282,
        0.9985847856984058,
        0.9985902544718916,
        0.9985956153937732,
        0.9986008523212024,
        0.9986059941047503,
        0.9986110238890265,
        0.9986159468155595,
        0.9986207571749354,
        0.9986254600393536,
        0.9986300504057383,
        0.9986345270653473,
        0.9986388984861732,
        0.9986431566685796,
        0.9986473024710136,
        0.9986513478980814,
        0.9986552801684276,
        0.9986591007152142,
        0.9986628051611135,
        0.9986664032305207,
        0.9986698914103807,
        0.9986732714525755,
        0.9986765382698104,
        0.9986796995775254,
        0.9986827475237716,
        0.9986856938040678,
        0.9986885304533242,
        0.9986912621653472,
        0.9986938790771651,
        0.9986963849429074
    ],