{
    "frequencies": [
        4.7381,
        4.1762,
        8.960
    ],
    "anharmonicities": [
        -0.221,
        -0.230,
        -0.08
    ],
    "couplings": [
        0.0545,
        0.05552
    ],
    "theta": 0.4382578199412206,
    "delta": 0.043553774474412194,
    "omega-phi": 3.5584423330634243,
    "modulation-time": 90.68181739158138
}