{
    "frequencies": [
        4.7381,
        4.1762,
        8.96
    ],
    "anharmonicities": [
        -0.221,
        -0.23,
        -0.08
    ],
    "couplings": [
        0.0545,
        0.05552
    ],
    "boundaryPresets": [
        [
            "Default",
            true,
            [
                -0.5,
                0.5
            ],
            [
                0.0,
                0.25
            ],
            [
                0.0,
                1.3
            ],
            [
                50.0,
                250.0
            ]
        ],
        [
            "Fast Gate",
            true,
            [
                -0.5,
                0.5
            ],
            [
                0.0,
                0.25
            ],
            [
                0.0,
                1.3
            ],
            [
                50.0,
                130.0
            ]
        ],
        [
            "Traditional iSWAP",
            false,
            [
                -0.4097863551711449,
                0
            ],
            [
                0,
                0.25
            ],
            [
                0.4819000000000005,
                0.6019000000000005
            ],
            [
                50,
                100
            ],
            "iSWAP"
        ],
        [
            "Traditional CZ (|11> <-> |20>)",
            false,
            [
                -0.4182017511364558,
                0
            ],
            [
                0,
                0.25
            ],
            [
                0.2609000000000004,
                0.3809000000000004
            ],
            [
                50,
                120
            ],
            "CZ"
        ],
        [
            "Traditional CZ (|11> <-> |02>)",
            false,
            [
                -0.4097863551711449,
                0
            ],
            [
                0,
                0.25
            ],
            [
                0.7119000000000005,
                0.8319000000000005
            ],
            [
                50,
                120
            ],
            "CZ"
        ],
        [
            "Intercrossing iSWAP",
            false,
            [
                -0.4302934718539981,
                -0.4097863551711449
            ],
            [
                0,
                0.15
            ],
            [
                0.5419000000000005,
                0.6419000000000005
            ],
            [
                50,
                100
            ],
            "iSWAP"
        ],
        [
            "Intercrossing CZ (|11> <-> |20>)",
            false,
            [
                -0.4302934718539981,
                -0.4182017511364558
            ],
            [
                0,
                0.15
            ],
            [
                0.3209000000000004,
                0.42090000000000044
            ],
            [
                50,
                120
            ],
            "CZ"
        ],
        [
            "Intercrossing CZ (|11> <-> |02>)",
            false,
            [
                -0.4378624534404422,
                -0.4097863551711449
            ],
            [
                0,
                0.15
            ],
            [
                0.7719000000000005,
                0.8719000000000005
            ],
            [
                50,
                120
            ],
            "CZ"
        ],
        [
            "Constrained SWAP",
            false,
            [
                -0.48,
                -0.3
            ],
            [
                0,
                0.15
            ],
            [
                0.4819000000000005,
                0.6419000000000005
            ],
            [
                50,
                150
            ],
            "SWAP"
        ]
    ]
}