{
    "frequencies": [
        4.7381,
        4.2936,
        8.692
    ],
    "anharmonicities": [
        -0.221,
        -0.226,
        -0.08
    ],
    "couplings": [
        0.055,
        0.05574
    ],
    "boundaryPresets": [
        [
            "Default",
            true,
            [
                -0.5,
                0.5
            ],
            [
                0.0,
                0.25
            ],
            [
                0.0,
                1.3
            ],
            [
                50.0,
                250.0
            ]
        ],
        [
            "Fast Gate",
            true,
            [
                -0.5,
                0.5
            ],
            [
                0.0,
                0.25
            ],
            [
                0.0,
                1.3
            ],
            [
                50.0,
                130.0
            ]
        ],
        [
            "Traditional iSWAP",
            false,
            [
                -0.40396539132691883,
                0
            ],
            [
                0,
                0.25
            ],
            [
                0.36450000000000055,
                0.48450000000000054
            ],
            [
                50,
                100
            ],
            "iSWAP"
        ],
        [
            "Traditional CZ (|11> <-> |20>)",
            false,
            [
                -0.4129524075111981,
                0
            ],
            [
                0,
                0.25
            ],
            [
                0.14350000000000046,
                0.26350000000000046
            ],
            [
                50,
                120
            ],
            "CZ"
        ],
        [
            "Traditional CZ (|11> <-> |02>)",
            false,
            [
                -0.40396539132691883,
                0
            ],
            [
                0,
                0.25
            ],
            [
                0.5905000000000006,
                0.7105000000000006
            ],
            [
                50,
                120
            ],
            "CZ"
        ],
        [
            "Intercrossing iSWAP",
            false,
            [
                -0.42153774418704637,
                -0.40396539132691883
            ],
            [
                0,
                0.15
            ],
            [
                0.42450000000000054,
                0.5245000000000005
            ],
            [
                50,
                100
            ],
            "iSWAP"
        ],
        [
            "Intercrossing CZ (|11> <-> |20>)",
            false,
            [
                -0.42153774418704637,
                -0.4129524075111981
            ],
            [
                0,
                0.15
            ],
            [
                0.20350000000000049,
                0.3035000000000005
            ],
            [
                50,
                120
            ],
            "CZ"
        ],
        [
            "Intercrossing CZ (|11> <-> |02>)",
            false,
            [
                -0.42972169138680305,
                -0.40396539132691883
            ],
            [
                0,
                0.15
            ],
            [
                0.6505000000000005,
                0.7505000000000005
            ],
            [
                50,
                120
            ],
            "CZ"
        ],
        [
            "Constrained SWAP",
            false,
            [
                -0.48,
                -0.3
            ],
            [
                0,
                0.15
            ],
            [
                0.36450000000000055,
                0.5245000000000005
            ],
            [
                50,
                150
            ],
            "SWAP"
        ]
    ]
}