{
    "frequencies": [
        4.733295,
        4.183434,
        7.8998
    ],
    "anharmonicities": [
        -0.222696,
        -0.228889,
        -0.22
    ],
    "couplings": [
        0.05938,
        0.05861
    ],
    "boundaryPresets": [
        [
            "Default",
            true,
            [
                -0.4128440524388672,
                -0.3827766887550388
            ],
            [
                0.0,
                0.25
            ],
            [
                0.22,
                0.6
            ],
            [
                50.0,
                60.0
            ],
            "common"
        ],
        [
            "Fast Gate",
            true,
            [
                -0.5,
                0.5
            ],
            [
                0.0,
                0.25
            ],
            [
                0.0,
                1.3
            ],
            [
                50.0,
                130.0
            ],
            "common"
        ],
        [
            "Traditional iSWAP",
            false,
            [
                -0.3831176618945899,
                0
            ],
            [
                0,
                0.25
            ],
            [
                0.4698609999999999,
                0.589861
            ],
            [
                50,
                100
            ],
            "iSWAP"
        ],
        [
            "Traditional CZ (|11> <-> |20>)",
            false,
            [
                -0.39429433898430966,
                0
            ],
            [
                0,
                0.25
            ],
            [
                0.2471649999999999,
                0.3671649999999999
            ],
            [
                50,
                120
            ],
            "CZ"
        ],
        [
            "Traditional CZ (|11> <-> |02>)",
            false,
            [
                -0.3831176618945899,
                0
            ],
            [
                0,
                0.25
            ],
            [
                0.69875,
                0.81875
            ],
            [
                50,
                120
            ],
            "CZ"
        ],
        [
            "Intercrossing iSWAP",
            false,
            [
                -0.4095209783138105,
                -0.3831176618945899
            ],
            [
                0,
                0.15
            ],
            [
                0.5298609999999999,
                0.6298609999999999
            ],
            [
                50,
                100
            ],
            "iSWAP"
        ],
        [
            "Intercrossing CZ (|11> <-> |20>)",
            false,
            [
                -0.4095209783138105,
                -0.39429433898430966
            ],
            [
                0,
                0.15
            ],
            [
                0.3071649999999999,
                0.40716499999999994
            ],
            [
                50,
                120
            ],
            "CZ"
        ],
        [
            "Intercrossing CZ (|11> <-> |02>)",
            false,
            [
                -0.4193759468946222,
                -0.3831176618945899
            ],
            [
                0,
                0.15
            ],
            [
                0.7587499999999999,
                0.8587499999999999
            ],
            [
                50,
                120
            ],
            "CZ"
        ],
        [
            "Constrained SWAP",
            false,
            [
                -0.48,
                -0.3
            ],
            [
                0,
                0.15
            ],
            [
                0.4698609999999999,
                0.6298609999999999
            ],
            [
                50,
                150
            ],
            "SWAP"
        ]
    ]
}