{
    "frequencies": [
        4.733295,
        4.183434,
        7.8998
    ],
    "anharmonicities": [
        -0.222696,
        -0.228889,
        -0.22
    ],
    "couplings": [
        0.05938,
        0.05861
    ],
    "creationTime": "2022-05-31 12:34:00",
    "comboSignal": false,
    "signalType": "cos",
    "gateType": "iSWAP",
    "nOptimizationLvls": 4,
    "riseTime": 25,
    "theta": -0.34903766229331634,
    "delta": 0.04117712236564922,
    "omegaPhi": 0.5372255754914015,
    "modulationTime": 77.3601273305216,
    "gateFidelity": 0.999383917212038,
    "times": [
        63.90619214260481,
        64.24254052230273,
        64.57888890200064,
        64.91523728169857,
        65.25158566139649,
        65.5879340410944,
        65.92428242079232,
        66.26063080049025,
        66.59697918018817,
        66.93332755988608,
        67.269675939584,
        67.60602431928193,
        67.94237269897985,
        68.27872107867776,
        68.61506945837569,
        68.95141783807361,
        69.28776621777152,
        69.62411459746944,
        69.96046297716737,
        70.29681135686529,
        70.6331597365632,
        70.96950811626112,
        71.30585649595905,
        71.64220487565697,
        71.97855325535488,
        72.3149016350528,
        72.65125001475073,
        72.98759839444865,
        73.32394677414656,
        73.66029515384449,
        73.99664353354241,
        74.33299191324032,
        74.66934029293824,
        75.00568867263617,
        75.34203705233409,
        75.678385432032,
        76.01473381172993,
        76.35108219142785,
        76.68743057112577,
        77.02377895082368,
        77.3601273305216,
        77.69647571021953,
        78.03282408991745,
        78.36917246961536,
        78.70552084931329,
        79.04186922901121,
        79.37821760870914,
        79.71456598840705,
        80.05091436810497,
        80.3872627478029,
        80.72361112750082,
        81.05995950719873,
        81.39630788689665,
        81.73265626659457,
        82.06900464629248,
        82.40535302599041,
        82.74170140568833,
        83.07804978538626,
        83.41439816508417,
        83.75074654478209,
        84.08709492448001,
        84.42344330417794,
        84.75979168387585,
        85.09614006357377,
        85.4324884432717,
        85.7688368229696,
        86.10518520266753,
        86.44153358236545,
        86.77788196206338,
        87.1142303417613,
        87.45057872145921,
        87.78692710115713,
        88.12327548085506,
        88.45962386055297,
        88.79597224025089,
        89.13232061994881,
        89.46866899964674,
        89.80501737934465,
        90.14136575904257,
        90.4777141387405,
        90.81406251843842,
        91.15041089813633,
        91.48675927783425,
        91.82310765753218,
        92.15945603723009,
        92.49580441692801,
        92.83215279662593,
        93.16850117632386,
        93.50484955602177,
        93.84119793571969,
        94.17754631541762,
        94.51389469511554,
        94.85024307481345,
        95.18659145451137,
        95.5229398342093,
        95.8592882139072,
        96.19563659360513,
        96.53198497330305,
        96.86833335300098,
        97.20468173269889,
        97.54103011239681,
        97.87737849209473,
        98.21372687179266,
        98.55007525149057,
        98.88642363118849,
        99.22277201088642,
        99.55912039058433,
        99.89546877028225,
        100.23181714998017,
        100.5681655296781,
        100.90451390937602,
        101.24086228907393,
        101.57721066877185,
        101.91355904846978,
        102.24990742816769,
        102.58625580786561
    ],
    "fidelitiesAtTimes": [
        0.9724581006661328,
        0.9756104292153374,
        0.9813171007863506,
        0.9790098858420005,
        0.977733247710648,
        0.9838925568576545,
        0.9835475370268949,
        0.986832044634172,
        0.9889160948013191,
        0.9858196761203487,
        0.9893488359550879,
        0.9904116423506801,
        0.9907311228302159,
        0.9930455157792215,
        0.9926166074128613,
        0.9927621724987254,
        0.9947249631868413,
        0.9944692544786301,
        0.995414554764463,
        0.9963763752671142,
        0.9960905205915941,
        0.9970725696997997,
        0.9973291844469856,
        0.9974396977779474,
        0.9982054028511852,
        0.9982750196259292,
        0.9985417870132028,
        0.9987857064307114,
        0.9987996194128389,
        0.999073804336366,
        0.9991690063797112,
        0.9992265307822363,
        0.9992894462034141,
        0.9993030810924346,
        0.9993527243487407,
        0.9993744154799359,
        0.99937426492033,
        0.9993796788530218,
        0.99938071830018,
        0.999382439490271,
        0.999383917212038,
        0.9993850776708115,
        0.9993862557363444,
        0.9993873998795193,
        0.9993885612725704,
        0.9993896890996261,
        0.9993908338207881,
        0.9993919453327061,
        0.9993930733811919,
        0.9993941685770018,
        0.9993952799541891,
        0.9993963588357107,
        0.9993974535399666,
        0.9993985161058075,
        0.9993995941395207,
        0.999400640391159,
        0.9994017017516141,
        0.9994027316879353,
        0.9994037763763093,
        0.9994047899991166,
        0.9994058180157521,
        0.999406815323356,
        0.9994078266681349,
        0.9994088076620878,
        0.999409802334641,
        0.9994107670131737,
        0.9994117450131356,
        0.9994126933795403,
        0.999413654706786,
        0.9994145867604249,
        0.9994155314155451,
        0.9994164471575063,
        0.999417375140718,
        0.9994182745710274,
        0.99941918588127,
        0.9994200689997413,
        0.9994209636378354,
        0.9994218304440988,
        0.9994227084099545,
        0.9994235589056466,
        0.9994244201985983,
        0.9994252543821862,
        0.9994260990032362,
        0.9994269168766119,
        0.999427744825003,
        0.9994285463869206,
        0.9994293576627395,
        0.9994301429143693,
        0.9994309133828085,
        0.9994317066967909,
        0.9994324608367805,
        0.9994332374846439,
        0.9994339752958015,
        0.999434735277872,
        0.99943545676197,
        0.9994362000775345,
        0.9994369052350386,
        0.9994376318843404,
        0.9994383207145431,
        0.999439030698429,
        0.9994397032016504,
        0.9994403965200304,
        0.9994410526969192,
        0.9994417293486574,
        0.9994423691998746,
        0.9994430291861487,
        0.9994436527116697,
        0.9994442960324431,
        0.999444903230825,
        0.9994455298854495,
        0.999446120759399,
        0.9994467307477921,
        0.9994473052957755,
        0.9994478986188413,
        0.9994484568411647,
        0.9994490334989949
    ],
    "deviations": [
        [
            -0.0005,
            -0.000375,
            -0.00025,
            -0.000125,
            0.0,
            0.000125,
            0.00025,
            0.000375,
            0.0005
        ],
        [
            -0.001,
            -0.00075,
            -0.0005,
            -0.00025,
            0.0,
            0.00025,
            0.0005,
            0.00075,
            0.001
        ],
        [
            -0.002,
            -0.0015,
            -0.001,
            -0.0005,
            0.0,
            0.0005,
            0.001,
            0.0015,
            0.002
        ],
        [
            -4.0,
            -3.0,
            -2.0,
            -1.0,
            0.0,
            1.0,
            2.0,
            3.0,
            4.0
        ]
    ],