{
    "frequencies": [
        4.733295,
        4.183434,
        7.8998
    ],
    "anharmonicities": [
        -0.222696,
        -0.228889,
        -0.22
    ],
    "couplings": [
        0.05938,
        0.05861
    ],
    "creationTime": "2022-06-01 20:56:51",
    "comboSignal": false,
    "signalType": "arccos",
    "gateType": "iSWAP",
    "nOptimizationLvls": 4,
    "riseTime": 25,
    "dcAmplitude": 0.65468634,
    "acAmplitude": 0.1524057,
    "omegaPhi": 0.5582252,
    "modulationTime": 73.34834251,
    "gateFidelity": 0.9998354495523321,
    "times": [
        59.88993104027522,
        60.22639132701834,
        60.56285161376146,
        60.89931190050458,
        61.2357721872477,
        61.572232473990816,
        61.90869276073394,
        62.24515304747706,
        62.58161333422018,
        62.9180736209633,
        63.25453390770642,
        63.590994194449536,
        63.927454481192655,
        64.26391476793577,
        64.60037505467889,
        64.93683534142201,
        65.27329562816513,
        65.60975591490825,
        65.94621620165137,
        66.28267648839449,
        66.6191367751376,
        66.95559706188072,
        67.29205734862384,
        67.62851763536696,
        67.96497792211008,
        68.3014382088532,
        68.63789849559632,
        68.97435878233944,
        69.31081906908256,
        69.64727935582567,
        69.98373964256879,
        70.32019992931193,
        70.65666021605504,
        70.99312050279816,
        71.32958078954128,
        71.6660410762844,
        72.00250136302752,
        72.33896164977064,
        72.67542193651376,
        73.01188222325688,
        73.34834251,
        73.68480279674311,
        74.02126308348623,
        74.35772337022935,
        74.69418365697247,
        75.03064394371559,
        75.36710423045871,
        75.70356451720183,
        76.04002480394495,
        76.37648509068806,
        76.71294537743118,
        77.0494056641743,
        77.38586595091742,
        77.72232623766054,
        78.05878652440366,
        78.39524681114678,
        78.7317070978899,
        79.06816738463301,
        79.40462767137613,
        79.74108795811927,
        80.07754824486238,
        80.4140085316055,
        80.75046881834862,
        81.08692910509174,
        81.42338939183486,
        81.75984967857798,
        82.0963099653211,
        82.43277025206422,
        82.76923053880734,
        83.10569082555045,
        83.44215111229357,
        83.77861139903669,
        84.11507168577981,
        84.45153197252293,
        84.78799225926605,
        85.12445254600917,
        85.46091283275229,
        85.7973731194954,
        86.13383340623852,
        86.47029369298164,
        86.80675397972476,
        87.14321426646788,
        87.479674553211,
        87.81613483995412,
        88.15259512669724,
        88.48905541344035,
        88.82551570018347,
        89.16197598692659,
        89.49843627366971,
        89.83489656041283,
        90.17135684715595,
        90.50781713389907,
        90.84427742064219,
        91.1807377073853,
        91.51719799412842,
        91.85365828087154,
        92.19011856761466,
        92.52657885435778,
        92.8630391411009,
        93.19949942784402,
        93.53595971458714,
        93.87242000133027,
        94.20888028807339,
        94.5453405748165,
        94.88180086155963,
        95.21826114830274,
        95.55472143504586,
        95.89118172178898,
        96.2276420085321,
        96.56410229527522,
        96.90056258201834,
        97.23702286876146,
        97.57348315550458,
        97.9099434422477,
        98.24640372899081,
        98.58286401573393
    ],
    "fidelitiesAtTimes": [
        0.9447326700343881,
        0.945495305002925,
        0.9434976438735221,
        0.9670497956039688,
        0.9493958452681379,
        0.9519914376845456,
        0.9587089248591946,
        0.9533483005216976,
        0.9689476746416691,
        0.9669127655958747,
        0.9612821901531717,
        0.971117776780574,
        0.9697629057438185,
        0.9739679650206361,
        0.9825330305866864,
        0.9761828139012687,
        0.9823030153557208,
        0.9851539372813841,
        0.9846559612900718,
        0.9911275954067327,
        0.9902787352819116,
        0.9915472777982017,
        0.9946728862711428,
        0.9943908415062255,
        0.9960917043039231,
        0.9974170922467295,
        0.9973312845795121,
        0.9985878475391538,
        0.998875100760381,
        0.9990089459665736,
        0.9994329088931441,
        0.9995147305102616,
        0.9996331941371283,
        0.9997880277016895,
        0.9997994899500615,
        0.9998191142701849,
        0.999832659198319,
        0.9998306871798487,
        0.9998319725667415,
        0.9998347747832325,
        0.9998354495523321,
        0.9998361576026774,
        0.9998368495040632,
        0.9998375066536248,
        0.9998381469814625,
        0.9998387532312119,
        0.9998393419855622,
        0.9998398973346004,
        0.9998404345155965,
        0.9998409389643671,
        0.9998414245718896,
        0.9998418781202743,
        0.9998423121536597,
        0.9998427148013784,
        0.9998430972607746,
        0.9998434490083283,
        0.9998437798938801,
        0.9998440807410734,
        0.9998443600524839,
        0.9998446099996553,
        0.9998448377368157,
        0.9998450367840631,
        0.9998452129469095,
        0.9998453610940279,
        0.9998454856827215,
        0.9998455829299647,
        0.9998456559443654,
        0.9998457022918614,
        0.9998457237320357,
        0.9998457191799011,
        0.9998456890458431,
        0.9998456335942297,
        0.9998455518860215,
        0.9998454455350305,
        0.9998453067504605,
        0.9998451550397041,
        0.999844965330167,
        0.9998447620571959,
        0.9998445214230154,
        0.9998442665877596,
        0.999843975029199,
        0.999843668632028,
        0.9998433261497436,
        0.9998429681905098,
        0.9998425747848427,
        0.999842165264307,
        0.9998417209358028,
        0.9998412598539483,
        0.999840764602907,
        0.9998402519598677,
        0.9998397057869924,
        0.9998391415833405,
        0.9998385444890262,
        0.9998379287248282,
        0.9998372807094343,
        0.9998366133849625,
        0.999835914449395,
        0.9998351955652881,
        0.999834445709525,
        0.9998336752660182,
        0.9998328744906818,
        0.9998320524882418,
        0.9998312007940997,
        0.9998303272326847,
        0.9998294246208002,
        0.9998284995008507,
        0.9998275459714019,
        0.9998265692932167,
        0.9998255648471563,
        0.9998245366116976,
        0.9998234812494866,
        0.9998224014571478,
        0.999821295179134,
        0.9998201638305826,
        0.999819006637712,
        0.9998178237331498
    ],
    "deviations": [
        [],
        [],
        [],
        []
    ],
    "fidelities1D_Dev": [
        [],
        [],
        [],
        []
    ],
    "fidelities2D_Theta_delta": null,
    "fidelities2D_Theta_omegaPhi": null,
    "fidelities2D_Theta_opTime": null,
    "fidelities2D_delta_omegaPhi": null,
    "fidelities2D_delta_opTime": null,
    "fidelities2D_omegaPhi_opTime": null
}