{
    "frequencies": [
        4.733295,
        4.183434,
        7.8998
    ],
    "anharmonicities": [
        -0.222696,
        -0.228889,
        -0.22
    ],
    "couplings": [
        0.05938,
        0.05861
    ],
    "creationTime": "2022-06-02 22:10:37",
    "comboSignal": false,
    "signalType": "arccos",
    "gateType": "iSWAP",
    "nOptimizationLvls": 4,
    "riseTime": 25,
    "dcAmplitude": 0.5626189301385807,
    "acAmplitude": 0.1633474753405103,
    "omegaPhi": 0.5493894790316043,
    "modulationTime": 58.008940937920926,
    "gateFidelity": 0.9996412582559471,
    "times": [
        44.59646904476001,
        44.93178084208904,
        45.26709263941806,
        45.60240443674708,
        45.937716234076106,
        46.273028031405126,
        46.60833982873415,
        46.94365162606317,
        47.2789634233922,
        47.61427522072122,
        47.94958701805024,
        48.284898815379265,
        48.620210612708284,
        48.95552241003731,
        49.29083420736633,
        49.62614600469536,
        49.96145780202438,
        50.2967695993534,
        50.63208139668242,
        50.96739319401144,
        51.30270499134047,
        51.63801678866949,
        51.973328585998516,
        52.308640383327536,
        52.643952180656555,
        52.97926397798558,
        53.3145757753146,
        53.64988757264363,
        53.98519936997265,
        54.320511167301675,
        54.655822964630694,
        54.991134761959714,
        55.32644655928874,
        55.66175835661776,
        55.99707015394679,
        56.332381951275806,
        56.66769374860483,
        57.00300554593385,
        57.33831734326287,
        57.6736291405919,
        58.008940937920926,
        58.344252735249945,
        58.679564532578965,
        59.01487632990799,
        59.35018812723701,
        59.68549992456604,
        60.02081172189506,
        60.356123519224084,
        60.691435316553104,
        61.02674711388213,
        61.36205891121115,
        61.69737070854017,
        62.0326825058692,
        62.367994303198216,
        62.70330610052724,
        63.03861789785626,
        63.37392969518529,
        63.70924149251431,
        64.04455328984334,
        64.37986508717236,
        64.71517688450137,
        65.0504886818304,
        65.38580047915943,
        65.72111227648844,
        66.05642407381747,
        66.3917358711465,
        66.72704766847552,
        67.06235946580453,
        67.39767126313356,
        67.73298306046259,
        68.06829485779161,
        68.40360665512063,
        68.73891845244965,
        69.07423024977868,
        69.40954204710769,
        69.74485384443672,
        70.08016564176575,
        70.41547743909476,
        70.75078923642378,
        71.08610103375281,
        71.42141283108184,
        71.75672462841085,
        72.09203642573988,
        72.4273482230689,
        72.76266002039793,
        73.09797181772694,
        73.43328361505597,
        73.768595412385,
        74.10390720971401,
        74.43921900704304,
        74.77453080437206,
        75.10984260170109,
        75.4451543990301,
        75.78046619635913,
        76.11577799368816,
        76.45108979101718,
        76.7864015883462,
        77.12171338567522,
        77.45702518300425,
        77.79233698033326,
        78.12764877766229,
        78.46296057499131,
        78.79827237232033,
        79.13358416964935,
        79.46889596697838,
        79.8042077643074,
        80.13951956163643,
        80.47483135896545,
        80.81014315629447,
        81.1454549536235,
        81.48076675095251,
        81.81607854828154,
        82.15139034561057,
        82.48670214293958,
        82.8220139402686,
        83.15732573759763
    ],
    "fidelitiesAtTimes": [
        0.9161718364476268,
        0.8831681203085207,
        0.8977237508192925,
        0.9314401362422704,
        0.8978989415766337,
        0.9319398915182902,
        0.938268693794862,
        0.9201836909152924,
        0.9585059322330995,
        0.9444602815901302,
        0.9452036211475405,
        0.9721638968577905,
        0.9536842744483576,
        0.967991734240529,
        0.9790027228733156,
        0.9668113248419198,
        0.9836143036763392,
        0.9828792827617608,
        0.9797790521009455,
        0.9917841832830814,
        0.9869232993546273,
        0.989439685173848,
        0.9950187952114786,
        0.9916174313690046,
        0.9953325054251337,
        0.9967046821867888,
        0.995549406287395,
        0.9980303630553718,
        0.998070318300031,
        0.998131357041229,
        0.9991011792570479,
        0.9989827729515349,
        0.9991945681414768,
        0.9994270246885867,
        0.9994149621187546,
        0.9994991011147517,
        0.9995423625682174,
        0.9995640300090118,
        0.9995946553361754,
        0.9996194705075465,
        0.9996412582559471,
        0.9996622755455743,
        0.9996827109196861,
        0.9997024208527122,
        0.9997215442600123,
        0.9997399466661605,
        0.9997577579374084,
        0.9997748526557088,
        0.9997913516364945,
        0.9998071385194557,
        0.9998223250655569,
        0.9998368039762072,
        0.9998506779547511,
        0.9998638487670568,
        0.999876410057259,
        0.9998882726581215,
        0.9998995211492605,
        0.9999100754352641,
        0.9999200110310669,
        0.9999292569116018,
        0.9999378795240175,
        0.9999458169185262,
        0.999953126471962,
        0.9999597553120024,
        0.9999657517439744,
        0.9999710719739386,
        0.9999757552310093,
        0.9999797668039161,
        0.9999831368454218,
        0.9999858397276558,
        0.9999878965243505,
        0.9999892906929304,
        0.9999900342271404,
        0.9999901196707011,
        0.9999895499357494,
        0.9999883266543634,
        0.9999864436554731,
        0.9999839116605802,
        0.9999807154137915,
        0.9999768747284821,
        0.9999723652626565,
        0.9999672159209556,
        0.9999613932747771,
        0.9999549353226392,
        0.9999478161837951,
        0.9999400328324398,
        0.9999316047516194,
        0.9999225087089435,
        0.9999127717618105,
        0.9999023631086926,
        0.9998913173830954,
        0.9998795962090943,
        0.9998672418038991,
        0.999854208211462,
        0.9998405452352689,
        0.9998261993411439,
        0.9998112279171816,
        0.9997955698450525,
        0.9997792901044941,
        0.9997623199932171,
        0.9997447320813361,
        0.9997264500762858,
        0.9997075541458283,
        0.9996879604101541,
        0.9996677566329918,
        0.9996468513363442,
        0.999625339884876,
        0.9996031232142819,
        0.9995803042853085,
        0.9995567764317871,
        0.9995326502240902,
        0.9995078113946889,
        0.9994823781216328,
        0.999456228535181,
        0.9994294884187539,
        0.9994020283022994
    ],
    "deviations": [
        [],
        [],
        [],
        []
    ],
    "fidelities1D_Dev": [
        [],
        [],
        [],
        []
    ],
    "fidelities2D_Theta_delta": null,
    "fidelities2D_Theta_omegaPhi": null,
    "fidelities2D_Theta_opTime": null,
    "fidelities2D_delta_omegaPhi": null,
    "fidelities2D_delta_opTime": null,
    "fidelities2D_omegaPhi_opTime": null
}