{
    "frequencies": [
        4.733295,
        4.183434,
        7.8998
    ],
    "anharmonicities": [
        -0.222696,
        -0.228889,
        -0.22
    ],
    "couplings": [
        0.05938000000000001,
        0.05861
    ],
    "creationTime": "2022-06-16 15:24:21",
    "comboSignal": false,
    "signalType": "arccos",
    "gateType": "iSWAP",
    "nOptimizationLvls": 4,
    "riseTime": 25,
    "dcAmplitude": 0.5621754371386771,
    "acAmplitude": 0.15446877573294338,
    "omegaPhi": 0.550967764299668,
    "modulationTime": 51.81406152647005,
    "gateFidelity": 0.9995835897633192,
    "times": [
        38.178782177398986,
        38.51966416112576,
        38.860546144852535,
        39.201428128579316,
        39.54231011230609,
        39.883192096032865,
        40.224074079759646,
        40.56495606348642,
        40.905838047213194,
        41.246720030939976,
        41.58760201466675,
        41.928483998393524,
        42.269365982120306,
        42.61024796584708,
        42.951129949573854,
        43.292011933300635,
        43.63289391702741,
        43.973775900754184,
        44.314657884480965,
        44.65553986820774,
        44.996421851934514,
        45.337303835661295,
        45.67818581938807,
        46.019067803114844,
        46.359949786841625,
        46.7008317705684,
        47.04171375429517,
        47.382595738021955,
        47.72347772174873,
        48.0643597054755,
        48.405241689202285,
        48.74612367292906,
        49.08700565665583,
        49.427887640382615,
        49.76876962410939,
        50.10965160783616,
        50.450533591562944,
        50.79141557528972,
        51.13229755901649,
        51.473179542743274,
        51.81406152647005,
        52.15494351019682,
        52.4958254939236,
        52.83670747765038,
        53.17758946137715,
        53.51847144510393,
        53.85935342883071,
        54.20023541255748,
        54.54111739628426,
        54.88199938001104,
        55.22288136373781,
        55.56376334746459,
        55.90464533119137,
        56.24552731491814,
        56.58640929864492,
        56.9272912823717,
        57.26817326609847,
        57.609055249825246,
        57.94993723355203,
        58.2908192172788,
        58.631701201005576,
        58.97258318473236,
        59.31346516845913,
        59.654347152185906,
        59.99522913591269,
        60.33611111963946,
        60.67699310336624,
        61.01787508709302,
        61.35875707081979,
        61.699639054546566,
        62.04052103827335,
        62.38140302200012,
        62.7222850057269,
        63.06316698945368,
        63.40404897318045,
        63.744930956907226,
        64.085812940634,
        64.42669492436079,
        64.76757690808756,
        65.10845889181434,
        65.44934087554111,
        65.79022285926789,
        66.13110484299466,
        66.47198682672143,
        66.81286881044822,
        67.153750794175,
        67.49463277790177,
        67.83551476162854,
        68.17639674535533,
        68.51727872908211,
        68.85816071280888,
        69.19904269653566,
        69.53992468026243,
        69.8808066639892,
        70.22168864771598,
        70.56257063144275,
        70.90345261516954,
        71.24433459889632,
        71.58521658262309,
        71.92609856634986,
        72.26698055007665,
        72.60786253380343,
        72.9487445175302,
        73.28962650125698,
        73.63050848498375,
        73.97139046871052,
        74.3122724524373,
        74.65315443616407,
        74.99403641989086,
        75.33491840361764,
        75.67580038734441,
        76.01668237107118,
        76.35756435479797,
        76.69844633852475,
        77.03932832225152,
        77.3802103059783
    ],
    "fidelitiesAtTimes": [
        0.9167772951284135,
        0.8805477070662832,
        0.9124292761223526,
        0.9234082310481233,
        0.9010783481905268,
        0.9448990389873189,
        0.9268598050387548,
        0.9298424543603934,
        0.9599832486015758,
        0.9358468505857929,
        0.9584507906140416,
        0.9659574157357435,
        0.9531694212906358,
        0.9780289750669364,
        0.970461851997662,
        0.9725663225620194,
        0.9870968887144684,
        0.9772175255058414,
        0.9866177679247443,
        0.9897137875519775,
        0.98548341884995,
        0.9939505522074361,
        0.9919267265794728,
        0.9926597503547863,
        0.9968522351033938,
        0.9949898296462486,
        0.9970599612817811,
        0.9979817341345465,
        0.9974125413699095,
        0.9986931709253618,
        0.9986540155026669,
        0.9987623025529337,
        0.9992073571349289,
        0.9991757608444474,
        0.9993100185515351,
        0.9994346252621462,
        0.999465274019537,
        0.999502453440452,
        0.9995341189411542,
        0.9995593910816545,
        0.9995835897633192,
        0.9996073388029748,
        0.9996302893786252,
        0.9996525840875694,
        0.999674085080277,
        0.9996948558949714,
        0.9997149771259604,
        0.9997342975862399,
        0.9997529643469232,
        0.9997708342694329,
        0.999788046383026,
        0.999804465598855,
        0.9998202228984343,
        0.9998351912547798,
        0.9998494935920794,
        0.9998630109480935,
        0.9998758581843188,
        0.9998879244139722,
        0.999899316428811,
        0.9999099314203311,
        0.9999198681049508,
        0.9999290317598375,
        0.999937513019334,
        0.9999452252539639,
        0.9999522510078982,
        0.9999585117511904,
        0.9999640819334367,
        0.9999688911298115,
        0.9999730056879983,
        0.9999763632942971,
        0.9999790291553066,
        0.9999809352246883,
        0.9999821454806547,
        0.9999825999973208,
        0.999982354636837,
        0.999981357598517,
        0.9999796566244588,
        0.9999772080430306,
        0.9999740514722071,
        0.9999701513736452,
        0.9999655392375468,
        0.9999601876614761,
        0.9999541200052986,
        0.9999473170060389,
        0.9999397938894827,
        0.9999315395333715,
        0.9999225610282009,
        0.9999128553989289,
        0.9999024215934569,
        0.9998912647853473,
        0.9998793757801598,
        0.9998667679029423,
        0.9998534238148498,
        0.9998393649913793,
        0.9998245659512813,
        0.9998090563198108,
        0.9997928024672087,
        0.9997758421803837,
        0.9997581336773242,
        0.9997397229022338,
        0.9997205599184052,
        0.9997006988332456,
        0.9996800815573392,
        0.9996587703578343,
        0.9996366989865326,
        0.999613937877878,
        0.9995904126260182,
        0.9995662018289517,
        0.9995412229291929,
        0.9995155626841037,
        0.9994891303756969,
        0.9994620209298821,
        0.9994341354682185,
        0.9994055770836432,
        0.9993762387394618,
        0.9993462317027374
    ],
    "deviations": [
        [],
        [],
        [],
        []
    ],
    "fidelities1D_Dev": [
        [],
        [],
        [],
        []
    ],
    "fidelities2D_Theta_delta": null,
    "fidelities2D_Theta_omegaPhi": null,
    "fidelities2D_Theta_opTime": null,
    "fidelities2D_delta_omegaPhi": null,
    "fidelities2D_delta_opTime": null,
    "fidelities2D_omegaPhi_opTime": null
}