{
    "frequencies": [
        4.733295,
        4.183434,
        7.8998
    ],
    "anharmonicities": [
        -0.222696,
        -0.228889,
        -0.22
    ],
    "couplings": [
        0.05938000000000001,
        0.05861
    ],
    "creationTime": "2022-06-04 00:55:02",
    "comboSignal": false,
    "signalType": "cos",
    "gateType": "CZ",
    "nOptimizationLvls": 4,
    "riseTime": 25,
    "theta": -0.36159929761954235,
    "delta": 0.04141670462879199,
    "omegaPhi": 0.34596605331509633,
    "modulationTime": 82.63486347098853,
    "gateFidelity": 0.9952087243800024,
    "times": [
        69.14345719001082,
        69.48074234703526,
        69.8180275040597,
        70.15531266108414,
        70.49259781810859,
        70.82988297513303,
        71.16716813215747,
        71.50445328918191,
        71.84173844620636,
        72.1790236032308,
        72.51630876025524,
        72.8535939172797,
        73.19087907430414,
        73.52816423132857,
        73.86544938835301,
        74.20273454537747,
        74.5400197024019,
        74.87730485942635,
        75.21459001645079,
        75.55187517347524,
        75.88916033049968,
        76.22644548752412,
        76.56373064454856,
        76.90101580157301,
        77.23830095859745,
        77.57558611562189,
        77.91287127264633,
        78.25015642967078,
        78.58744158669522,
        78.92472674371966,
        79.26201190074411,
        79.59929705776855,
        79.93658221479299,
        80.27386737181743,
        80.61115252884188,
        80.94843768586632,
        81.28572284289076,
        81.6230079999152,
        81.96029315693966,
        82.2975783139641,
        82.63486347098853,
        82.97214862801297,
        83.30943378503741,
        83.64671894206187,
        83.9840040990863,
        84.32128925611075,
        84.65857441313518,
        84.99585957015964,
        85.33314472718408,
        85.67042988420852,
        86.00771504123296,
        86.34500019825741,
        86.68228535528185,
        87.01957051230629,
        87.35685566933074,
        87.69414082635518,
        88.03142598337962,
        88.36871114040406,
        88.70599629742851,
        89.04328145445295,
        89.38056661147739,
        89.71785176850183,
        90.05513692552628,
        90.39242208255072,
        90.72970723957516,
        91.0669923965996,
        91.40427755362406,
        91.7415627106485,
        92.07884786767293,
        92.41613302469739,
        92.75341818172183,
        93.09070333874627,
        93.4279884957707,
        93.76527365279516,
        94.1025588098196,
        94.43984396684404,
        94.77712912386848,
        95.11441428089293,
        95.45169943791737,
        95.78898459494181,
        96.12626975196625,
        96.4635549089907,
        96.80084006601514,
        97.13812522303958,
        97.47541038006403,
        97.81269553708847,
        98.14998069411291,
        98.48726585113735,
        98.8245510081618,
        99.16183616518624,
        99.49912132221068,
        99.83640647923514,
        100.17369163625958,
        100.51097679328402,
        100.84826195030845,
        101.1855471073329,
        101.52283226435735,
        101.86011742138179,
        102.19740257840623,
        102.53468773543068,
        102.87197289245512,
        103.20925804947956,
        103.546543206504,
        103.88382836352845,
        104.22111352055289,
        104.55839867757733,
        104.89568383460178,
        105.23296899162622,
        105.57025414865066,
        105.9075393056751,
        106.24482446269954,
        106.582109619724,
        106.91939477674843,
        107.25667993377289,
        107.59396509079733,
        107.93125024782177
    ],
    "fidelitiesAtTimes": [
        0.882029115709042,
        0.8746201590988776,
        0.9052042538287377,
        0.9127455379890712,
        0.9175464801624891,
        0.9321389185841535,
        0.9429502297423296,
        0.9489598734297555,
        0.9415504542774972,
        0.9311468649235412,
        0.9446588221283154,
        0.955957715523688,
        0.9564118461869814,
        0.9609093670309953,
        0.9706392584532765,
        0.978224085559989,
        0.9794560465310568,
        0.9770848591509675,
        0.9799544689084975,
        0.9855286232293151,
        0.986711626284961,
        0.9872214196029485,
        0.9893039469053552,
        0.9918573375146277,
        0.9929519475687432,
        0.9930504484566717,
        0.993760222396608,
        0.9944421570701735,
        0.9947200012140393,
        0.9947558856518697,
        0.9950545667469367,
        0.9952333168096784,
        0.995187701774352,
        0.9951710123672234,
        0.9952224347272342,
        0.9952609960038694,
        0.9952158801411175,
        0.995200675026666,
        0.9952033545155661,
        0.9952060973360553,
        0.9952087243800024,
        0.9952116592389697,
        0.9952145261059225,
        0.9952173851884565,
        0.995220177039599,
        0.9952229603426075,
        0.99522567717838,
        0.9952283847032648,
        0.9952310265204887,
        0.9952336582640772,
        0.9952362250648997,
        0.9952387810275602,
        0.9952412728095329,
        0.9952437529893627,
        0.9952461697526497,
        0.995248574148421,
        0.9952509158929228,
        0.9952532445044169,
        0.9952555112312165,
        0.9952577640569729,
        0.9952599557670816,
        0.9952621328052785,
        0.995264249496832,
        0.9952663507473527,
        0.9952683924222858,
        0.9952704178849918,
        0.9952723845417731,
        0.9952743064436047,
        0.9952762261243654,
        0.9952780730134432,
        0.9952799168782711,
        0.9952816887540019,
        0.995283456802597,
        0.9952851536659783,
        0.9952868458982221,
        0.9952884677493685,
        0.9952900841640083,
        0.9952916310022365,
        0.995293171599051,
        0.9952946434252139,
        0.9952961082029725,
        0.9952975050169162,
        0.9952988939747465,
        0.9953002157759869,
        0.9953015289140061,
        0.9953027757025028,
        0.9953040130203187,
        0.9953051847972498,
        0.9953063462946172,
        0.9953074430584579,
        0.9953085287346253,
        0.9953095504869788,
        0.9953105603413739,
        0.9953115070818648,
        0.9953124411139971,
        0.9953133128421026,
        0.9953141710525963,
        0.9953149677695883,
        0.9953157501576921,
        0.9953164718640177,
        0.9953171784296317,
        0.9953178251249735,
        0.9953184558677914,
        0.9953190275535295,
        0.9953195824735774,
        0.9953200791494613,
        0.9953205582465247,
        0.9953209799137472,
        0.995321383188086,
        0.9953217298472007,
        0.9953220572986652,
        0.995322328950617,
        0.9953225805793506,
        0.9953227772248953,
        0.9953229530307162,
        0.9953230746706374
    ],
    "deviations": [
        [],
        [],
        [],
        []
    ],
    "fidelities1D_Dev": [
        [],
        [],
        [],
        []
    ],
    "fidelities2D_Theta_delta": null,
    "fidelities2D_Theta_omegaPhi": null,
    "fidelities2D_Theta_opTime": null,
    "fidelities2D_delta_omegaPhi": null,
    "fidelities2D_delta_opTime": null,
    "fidelities2D_omegaPhi_opTime": null
}