{
    "frequencies": [
        4.733295,
        4.183434,
        7.8998
    ],
    "anharmonicities": [
        -0.222696,
        -0.228889,
        -0.22
    ],
    "couplings": [
        0.05938000000000001,
        0.05861
    ],
    "creationTime": "2022-06-15 03:54:57",
    "comboSignal": false,
    "signalType": "cos",
    "gateType": "SWAP",
    "nOptimizationLvls": 4,
    "riseTime": 25,
    "theta": -0.37824283658547175,
    "delta": 0.04690772240711516,
    "omegaPhi": 0.5444829278868554,
    "modulationTime": 89.52450449438453,
    "gateFidelity": 0.9975545923281569,
    "times": [
        76.06217299146955,
        76.39873127904244,
        76.73528956661531,
        77.07184785418818,
        77.40840614176105,
        77.74496442933393,
        78.0815227169068,
        78.41808100447967,
        78.75463929205254,
        79.09119757962543,
        79.4277558671983,
        79.76431415477117,
        80.10087244234404,
        80.43743072991693,
        80.7739890174898,
        81.11054730506267,
        81.44710559263554,
        81.78366388020842,
        82.1202221677813,
        82.45678045535416,
        82.79333874292703,
        83.12989703049992,
        83.46645531807279,
        83.80301360564566,
        84.13957189321853,
        84.47613018079142,
        84.81268846836429,
        85.14924675593716,
        85.48580504351003,
        85.82236333108291,
        86.15892161865578,
        86.49547990622865,
        86.83203819380154,
        87.16859648137441,
        87.50515476894728,
        87.84171305652015,
        88.17827134409303,
        88.5148296316659,
        88.85138791923877,
        89.18794620681165,
        89.52450449438453,
        89.8610627819574,
        90.19762106953027,
        90.53417935710316,
        90.87073764467603,
        91.2072959322489,
        91.54385421982177,
        91.88041250739465,
        92.21697079496752,
        92.5535290825404,
        92.89008737011326,
        93.22664565768615,
        93.56320394525902,
        93.89976223283189,
        94.23632052040476,
        94.57287880797765,
        94.90943709555052,
        95.24599538312339,
        95.58255367069626,
        95.91911195826914,
        96.25567024584201,
        96.59222853341488,
        96.92878682098775,
        97.26534510856064,
        97.60190339613351,
        97.93846168370638,
        98.27501997127925,
        98.61157825885213,
        98.948136546425,
        99.28469483399788,
        99.62125312157076,
        99.95781140914363,
        100.2943696967165,
        100.63092798428937,
        100.96748627186224,
        101.30404455943513,
        101.640602847008,
        101.97716113458087,
        102.31371942215375,
        102.65027770972662,
        102.9868359972995,
        103.32339428487236,
        103.65995257244525,
        103.99651086001812,
        104.33306914759099,
        104.66962743516386,
        105.00618572273675,
        105.34274401030962,
        105.67930229788249,
        106.01586058545536,
        106.35241887302824,
        106.68897716060111,
        107.02553544817398,
        107.36209373574687,
        107.69865202331974,
        108.03521031089261,
        108.37176859846548,
        108.70832688603835,
        109.04488517361123,
        109.3814434611841,
        109.71800174875698,
        110.05456003632986,
        110.39111832390273,
        110.7276766114756,
        111.06423489904847,
        111.40079318662134,
        111.73735147419423,
        112.0739097617671,
        112.41046804933997,
        112.74702633691285,
        113.08358462448572,
        113.4201429120586,
        113.75670119963146,
        114.09325948720434,
        114.42981777477722,
        114.76637606235009
    ],
    "fidelitiesAtTimes": [
        0.8435876598103912,
        0.8783749808676987,
        0.8652970945596529,
        0.9049181882616555,
        0.8823583908022397,
        0.8763795403034009,
        0.9294810862482834,
        0.9251021963925415,
        0.9361051767619731,
        0.9502576922843062,
        0.9271429303466437,
        0.953288965992164,
        0.9644349859246237,
        0.9591016437290396,
        0.9771180293919068,
        0.9729968842011182,
        0.9741832509058875,
        0.9859328985618754,
        0.9800577455829839,
        0.9856837366125699,
        0.9911893884120742,
        0.9877954078719817,
        0.9931062790510914,
        0.9935567773702065,
        0.9928413515367144,
        0.9951230384801976,
        0.993701833250546,
        0.994243128559879,
        0.9958788460079429,
        0.9959209763444568,
        0.9962388910291509,
        0.9963311435356281,
        0.99632935984075,
        0.9966268812279809,
        0.9967921124897192,
        0.9969075023190976,
        0.9971079612244653,
        0.9972544942120134,
        0.9973595481390918,
        0.9974584655753025,
        0.9975545923281569,
        0.9976468876992806,
        0.9977350225318187,
        0.9978187867262422,
        0.9978983779830513,
        0.9979736062203761,
        0.9980446493517494,
        0.9981113373387377,
        0.9981738282858329,
        0.9982319722191967,
        0.9982859074113598,
        0.9983355039754176,
        0.9983808803321903,
        0.9984219266949264,
        0.9984587416205037,
        0.998491235442103,
        0.9985194868345986,
        0.9985434262645232,
        0.9985631125101427,
        0.9985784961867405,
        0.99858961616085,
        0.9985964432106744,
        0.99859899627874,
        0.9985972663169009,
        0.9985912523337459,
        0.9985809654647875,
        0.9985663847738703,
        0.998547541592224,
        0.9985243950297743,
        0.998496996616218,
        0.998465285504093,
        0.9984293334320224,
        0.9983890595856248,
        0.998344555915291,
        0.9982957216370154,
        0.998242668921246,
        0.9981852770016261,
        0.9981236782710431,
        0.9980577319903267,
        0.9979875907778105,
        0.9979130939110774,
        0.997834414226849,
        0.9977513710263184,
        0.9976641573766495,
        0.99757257259118,
        0.9974768299655986,
        0.997376708838045,
        0.9972724427137116,
        0.9971637909592364,
        0.9970510073022034,
        0.9969338311313919,
        0.9968125363965369,
        0.9966868425149895,
        0.9965570436396369,
        0.9964228392298198,
        0.9962845436412604,
        0.9961418363645406,
        0.9959950519614245,
        0.9958438499913236,
        0.9956885851768332,
        0.9955288971431477,
        0.9953651607945693,
        0.995196995830643,
        0.9950247973125524,
        0.9948481650368322,
        0.994667514199425,
        0.9944824246929885,
        0.9942933318714109,
        0.9940999976235106,
        0.9939022695469717,
        0.9937005087807746,
        0.9934943516188002,
        0.9932841758738278,
        0.9930696013928413,
        0.9928510226858676,
        0.9926280431404642
    ],
    "deviations": [
        [],
        [],
        [],
        []
    ],
    "fidelities1D_Dev": [
        [],
        [],
        [],
        []
    ],
    "fidelities2D_Theta_delta": null,
    "fidelities2D_Theta_omegaPhi": null,
    "fidelities2D_Theta_opTime": null,
    "fidelities2D_delta_omegaPhi": null,
    "fidelities2D_delta_opTime": null,
    "fidelities2D_omegaPhi_opTime": null
}