{
    "frequencies": [
        4.733295,
        4.183434,
        7.8998
    ],
    "anharmonicities": [
        -0.222696,
        -0.228889,
        -0.22
    ],
    "couplings": [
        0.05938000000000001,
        0.05861
    ],
    "creationTime": "2022-06-17 22:14:58",
    "comboSignal": false,
    "signalType": "cos",
    "gateType": "SWAP",
    "nOptimizationLvls": 4,
    "riseTime": 25,
    "theta": -0.3794885455603896,
    "delta": 0.036551928351800725,
    "omegaPhi": 0.5344914097951348,
    "modulationTime": 83.00162087374582,
    "gateFidelity": 0.9948548033959275,
    "times": [
        69.61426266830294,
        69.94894662343901,
        70.28363057857509,
        70.61831453371116,
        70.95299848884723,
        71.2876824439833,
        71.62236639911937,
        71.95705035425544,
        72.29173430939152,
        72.62641826452759,
        72.96110221966366,
        73.29578617479973,
        73.6304701299358,
        73.96515408507187,
        74.29983804020794,
        74.63452199534402,
        74.9692059504801,
        75.30388990561617,
        75.63857386075225,
        75.97325781588832,
        76.30794177102439,
        76.64262572616046,
        76.97730968129653,
        77.3119936364326,
        77.64667759156868,
        77.98136154670475,
        78.31604550184082,
        78.65072945697689,
        78.98541341211296,
        79.32009736724903,
        79.6547813223851,
        79.98946527752118,
        80.32414923265725,
        80.65883318779332,
        80.99351714292939,
        81.32820109806546,
        81.66288505320153,
        81.9975690083376,
        82.33225296347368,
        82.66693691860975,
        83.00162087374582,
        83.3363048288819,
        83.67098878401796,
        84.00567273915404,
        84.34035669429011,
        84.67504064942618,
        85.00972460456225,
        85.34440855969832,
        85.6790925148344,
        86.01377646997047,
        86.34846042510654,
        86.68314438024261,
        87.01782833537868,
        87.35251229051475,
        87.68719624565082,
        88.0218802007869,
        88.35656415592297,
        88.69124811105904,
        89.02593206619511,
        89.36061602133118,
        89.69529997646725,
        90.02998393160333,
        90.3646678867394,
        90.69935184187547,
        91.03403579701154,
        91.36871975214761,
        91.70340370728368,
        92.03808766241976,
        92.37277161755583,
        92.7074555726919,
        93.04213952782797,
        93.37682348296404,
        93.71150743810011,
        94.04619139323619,
        94.38087534837226,
        94.71555930350833,
        95.0502432586444,
        95.38492721378047,
        95.71961116891654,
        96.05429512405263,
        96.38897907918869,
        96.72366303432477,
        97.05834698946083,
        97.39303094459692,
        97.72771489973297,
        98.06239885486906,
        98.39708281000512,
        98.7317667651412,
        99.06645072027726,
        99.40113467541335,
        99.7358186305494,
        100.07050258568549,
        100.40518654082155,
        100.73987049595763,
        101.07455445109369,
        101.40923840622978,
        101.74392236136585,
        102.07860631650192,
        102.41329027163799,
        102.74797422677406,
        103.08265818191013,
        103.4173421370462,
        103.75202609218228,
        104.08671004731835,
        104.42139400245442,
        104.75607795759049,
        105.09076191272656,
        105.42544586786263,
        105.7601298229987,
        106.09481377813478,
        106.42949773327085,
        106.76418168840692,
        107.098865643543,
        107.43354959867906,
        107.76823355381514,
        108.10291750895121
    ],
    "fidelitiesAtTimes": [
        0.8732127070077148,
        0.8972108433769644,
        0.926439728257977,
        0.906904454121791,
        0.9344847283853628,
        0.9338203490630775,
        0.914002403761841,
        0.946729221748096,
        0.9475181385949313,
        0.944298417118387,
        0.9659146300280547,
        0.9551602825229308,
        0.9587408655118603,
        0.9729655927602272,
        0.9648637716991058,
        0.9722553266815825,
        0.9800345167328238,
        0.9747103396395713,
        0.9820618319411928,
        0.9840166899276614,
        0.9819601604951703,
        0.9866754022242891,
        0.9855784584472719,
        0.9853349543658464,
        0.9892981068765296,
        0.9898244896865356,
        0.9903455264254066,
        0.9907174488814489,
        0.9900504540004589,
        0.9908845947821338,
        0.991820026224785,
        0.9921258563035329,
        0.9925457646132998,
        0.9929115986753081,
        0.9932180118338089,
        0.9934975871298806,
        0.9937419207972893,
        0.9940217955048254,
        0.99431615846328,
        0.9945919740556295,
        0.9948548033959275,
        0.9951096068509191,
        0.9953569334852637,
        0.9955963453640596,
        0.995828254445188,
        0.9960522498291804,
        0.9962687172050986,
        0.9964772727815656,
        0.9966782759311347,
        0.9968713699959639,
        0.9970568879916764,
        0.9972345004492148,
        0.9974045139638352,
        0.9975666263276896,
        0.9977211176755946,
        0.9978677130787803,
        0.9980066661713515,
        0.998137729354109,
        0.9982611297300963,
        0.998376647051354,
        0.9984844818656624,
        0.9985844413077445,
        0.998676699329673,
        0.9987610904884401,
        0.9988377621156088,
        0.9989065762146849,
        0.998967653463465,
        0.9990208833427671,
        0.9990663598561692,
        0.9991039999817749,
        0.9991338710289759,
        0.9991559174857707,
        0.9991701799568611,
        0.9991766304566188,
        0.9991752828670993,
        0.999166136744298,
        0.999149179235474,
        0.9991244374477514,
        0.9990918717871622,
        0.9990515369152675,
        0.9990033664917293,
        0.9989474427410391,
        0.9988836725692369,
        0.9988121657672607,
        0.9987328024888228,
        0.9986457200867122,
        0.9985507719687486,
        0.9984481230384331,
        0.9983375999583632,
        0.9982193951889663,
        0.9980934045680335,
        0.9979595592839914,
        0.9978180306580102,
        0.9976686432337859,
        0.9975115913375978,
        0.9973466773295436,
        0.9971741185338203,
        0.9969936951165679,
        0.9968056473900992,
        0.9966097333447366,
        0.996406216280884,
        0.9961948319998613,
        0.9959758667938031,
        0.9957490342947303,
        0.9955146437420119,
        0.995272386646411,
        0.9950225951633976,
        0.9947649386818757,
        0.9944997722766195,
        0.9942267432368173,
        0.9939462295045989,
        0.9936578563467385,
        0.9933620245263646,
        0.9930583372572738,
        0.9927472181435879,
        0.9924282483821983
    ],
    "deviations": [
        [],
        [],
        [],
        []
    ],
    "fidelities1D_Dev": [
        [],
        [],
        [],
        []
    ],
    "fidelities2D_Theta_delta": null,
    "fidelities2D_Theta_omegaPhi": null,
    "fidelities2D_Theta_opTime": null,
    "fidelities2D_delta_omegaPhi": null,
    "fidelities2D_delta_opTime": null,
    "fidelities2D_omegaPhi_opTime": null
}