{
    "frequencies": [
        4.733295,
        4.183434,
        7.8998
    ],
    "anharmonicities": [
        -0.222696,
        -0.228889,
        -0.22
    ],
    "couplings": [
        0.05938000000000001,
        0.05861
    ],
    "creationTime": "2022-06-14 01:31:17",
    "comboSignal": false,
    "signalType": "arccos",
    "gateType": "SWAP",
    "nOptimizationLvls": 4,
    "riseTime": 25,
    "dcAmplitude": -0.3232245905182485,
    "acAmplitude": 0.22292220245974517,
    "omegaPhi": 0.5413631654957876,
    "modulationTime": 95.56813499176275,
    "gateFidelity": 0.1862059409251402,
    "times": [
        82.10783428869757,
        82.4443418062742,
        82.78084932385083,
        83.11735684142747,
        83.45386435900409,
        83.79037187658072,
        84.12687939415734,
        84.46338691173398,
        84.79989442931061,
        85.13640194688723,
        85.47290946446387,
        85.80941698204049,
        86.14592449961712,
        86.48243201719376,
        86.81893953477038,
        87.15544705234701,
        87.49195456992364,
        87.82846208750027,
        88.1649696050769,
        88.50147712265353,
        88.83798464023016,
        89.17449215780678,
        89.51099967538342,
        89.84750719296005,
        90.18401471053667,
        90.52052222811331,
        90.85702974568993,
        91.19353726326656,
        91.5300447808432,
        91.86655229841982,
        92.20305981599645,
        92.53956733357309,
        92.87607485114971,
        93.21258236872634,
        93.54908988630297,
        93.8855974038796,
        94.22210492145624,
        94.55861243903286,
        94.89511995660949,
        95.23162747418611,
        95.56813499176275,
        95.90464250933938,
        96.24115002691602,
        96.57765754449264,
        96.91416506206927,
        97.2506725796459,
        97.58718009722253,
        97.92368761479916,
        98.26019513237578,
        98.59670264995242,
        98.93321016752904,
        99.26971768510568,
        99.60622520268231,
        99.94273272025893,
        100.27924023783557,
        100.6157477554122,
        100.95225527298882,
        101.28876279056546,
        101.62527030814208,
        101.96177782571871,
        102.29828534329535,
        102.63479286087197,
        102.9713003784486,
        103.30780789602522,
        103.64431541360186,
        103.9808229311785,
        104.31733044875511,
        104.65383796633175,
        104.99034548390838,
        105.326853001485,
        105.66336051906164,
        105.99986803663826,
        106.3363755542149,
        106.67288307179152,
        107.00939058936815,
        107.34589810694479,
        107.68240562452141,
        108.01891314209804,
        108.35542065967468,
        108.6919281772513,
        109.02843569482793,
        109.36494321240455,
        109.70145072998119,
        110.03795824755782,
        110.37446576513445,
        110.71097328271108,
        111.0474808002877,
        111.38398831786434,
        111.72049583544097,
        112.05700335301759,
        112.39351087059423,
        112.73001838817086,
        113.06652590574748,
        113.40303342332412,
        113.73954094090074,
        114.07604845847737,
        114.412555976054,
        114.74906349363063,
        115.08557101120726,
        115.42207852878389,
        115.75858604636052,
        116.09509356393716,
        116.43160108151378,
        116.76810859909041,
        117.10461611666705,
        117.44112363424367,
        117.77763115182029,
        118.11413866939692,
        118.45064618697356,
        118.78715370455018,
        119.12366122212681,
        119.46016873970345,
        119.79667625728007,
        120.1331837748567,
        120.46969129243334,
        120.80619881000996
    ],
    "fidelitiesAtTimes": [
        0.18291020419203846,
        0.18355366748433236,
        0.1833032299338977,
        0.1831221922633916,
        0.18337235398360813,
        0.183503561126741,
        0.18522386410404923,
        0.18462401470657314,
        0.18505858916255252,
        0.18534777454853382,
        0.1848537956741388,
        0.18562768005310326,
        0.1850650388281876,
        0.18533021840376948,
        0.18521879269420044,
        0.18554586588285865,
        0.18545123092321064,
        0.18582756326124178,
        0.18570456871938806,
        0.18597706081866647,
        0.1859913157278444,
        0.18587158044297572,
        0.18617716336060441,
        0.1858732360316488,
        0.18607564060453297,
        0.18596832525340912,
        0.18610337333352836,
        0.1860842614890421,
        0.18613031001460595,
        0.18615401371180268,
        0.18619778608919046,
        0.1862014090873981,
        0.18617972974712355,
        0.18622506627272054,
        0.1861867517337855,
        0.18620771980132747,
        0.18619776956479475,
        0.1862055068836411,
        0.18620467345320918,
        0.18620620400284632,
        0.1862059409251402,
        0.18620580278198476,
        0.18620566383071435,
        0.186205527680749,
        0.1862053869544741,
        0.1862052488907538,
        0.18620510833063245,
        0.18620497250971554,
        0.18620483189372616,
        0.18620469300906886,
        0.18620455381068618,
        0.18620441672408994,
        0.18620427819225757,
        0.1862041407740147,
        0.18620400178743418,
        0.18620386450810705,
        0.18620372698669935,
        0.1862035912273725,
        0.18620345384955064,
        0.1862033173384245,
        0.1862031787774173,
        0.18620304192715875,
        0.18620290360335087,
        0.18620276692530915,
        0.18620262975702423,
        0.18620249521732984,
        0.18620235852774777,
        0.1862022232927148,
        0.18620208665702115,
        0.186201951734086,
        0.1862018151294276,
        0.18620168027785117,
        0.1862015438070947,
        0.18620140820769243,
        0.18620127184536717,
        0.18620113818617975,
        0.18620100153182706,
        0.18620086660130203,
        0.1862007300758312,
        0.18620059431668518,
        0.18620048047093976,
        0.1862003436011993,
        0.18620022951392334,
        0.18620011804597883,
        0.18619998078481417,
        0.18619987067876384,
        0.1861997590582393,
        0.18619962335483078,
        0.18619951154826536,
        0.1861994012955877,
        0.18619928954356307,
        0.1861991794697258,
        0.18619904267052093,
        0.18619893116131656,
        0.18619881805640603,
        0.18619868232090384,
        0.1861985705119756,
        0.18619846050041508,
        0.1861983486236265,
        0.1861982386052727,
        0.18619810323491764,
        0.1861979933186415,
        0.18619788198822407,
        0.18619777247535585,
        0.1861976365175325,
        0.18619752499290146,
        0.18619741308054275,
        0.18619730274277396,
        0.18619716761197103,
        0.18619705664270084,
        0.18619694348114954,
        0.18619683187015026,
        0.18619669586298881,
        0.18619658562718838,
        0.18619647384805188,
        0.18619636227570488
    ],
    "deviations": [
        [],
        [],
        [],
        []
    ],
    "fidelities1D_Dev": [
        [],
        [],
        [],
        []
    ],
    "fidelities2D_Theta_delta": null,
    "fidelities2D_Theta_omegaPhi": null,
    "fidelities2D_Theta_opTime": null,
    "fidelities2D_delta_omegaPhi": null,
    "fidelities2D_delta_opTime": null,
    "fidelities2D_omegaPhi_opTime": null
}