{
    "frequencies": [
        4.733295,
        4.183434,
        7.8998
    ],
    "anharmonicities": [
        -0.222696,
        -0.228889,
        -0.22
    ],
    "couplings": [
        0.05938000000000001,
        0.05861
    ],
    "creationTime": "2022-06-13 22:35:55",
    "comboSignal": false,
    "signalType": "cos",
    "gateType": "SWAP",
    "nOptimizationLvls": 4,
    "riseTime": 25,
    "theta": -0.35225429901613503,
    "delta": 0.07537873327847752,
    "omegaPhi": 0.5155972741021153,
    "modulationTime": 99.6304347150458,
    "gateFidelity": 0.9951078001428814,
    "times": [
        86.16686245625583,
        86.50345176272558,
        86.84004106919532,
        87.17663037566507,
        87.51321968213483,
        87.84980898860458,
        88.18639829507433,
        88.52298760154407,
        88.85957690801382,
        89.19616621448357,
        89.53275552095332,
        89.86934482742308,
        90.20593413389282,
        90.54252344036257,
        90.87911274683232,
        91.21570205330207,
        91.55229135977181,
        91.88888066624156,
        92.22546997271131,
        92.56205927918107,
        92.89864858565082,
        93.23523789212057,
        93.57182719859031,
        93.90841650506006,
        94.24500581152981,
        94.58159511799956,
        94.91818442446932,
        95.25477373093906,
        95.59136303740881,
        95.92795234387856,
        96.2645416503483,
        96.60113095681805,
        96.9377202632878,
        97.27430956975756,
        97.61089887622731,
        97.94748818269706,
        98.2840774891668,
        98.62066679563655,
        98.9572561021063,
        99.29384540857605,
        99.6304347150458,
        99.96702402151554,
        100.30361332798529,
        100.64020263445504,
        100.97679194092478,
        101.31338124739455,
        101.64997055386429,
        101.98655986033404,
        102.32314916680379,
        102.65973847327353,
        102.99632777974328,
        103.33291708621303,
        103.66950639268279,
        104.00609569915254,
        104.34268500562229,
        104.67927431209203,
        105.01586361856178,
        105.35245292503153,
        105.68904223150128,
        106.02563153797102,
        106.36222084444078,
        106.69881015091053,
        107.03539945738028,
        107.37198876385003,
        107.70857807031977,
        108.04516737678952,
        108.38175668325927,
        108.71834598972902,
        109.05493529619878,
        109.39152460266853,
        109.72811390913827,
        110.06470321560802,
        110.40129252207777,
        110.73788182854751,
        111.07447113501726,
        111.41106044148702,
        111.74764974795677,
        112.08423905442652,
        112.42082836089627,
        112.75741766736601,
        113.09400697383576,
        113.43059628030551,
        113.76718558677527,
        114.10377489324502,
        114.44036419971476,
        114.77695350618451,
        115.11354281265426,
        115.450132119124,
        115.78672142559375,
        116.12331073206352,
        116.45990003853326,
        116.79648934500301,
        117.13307865147276,
        117.4696679579425,
        117.80625726441225,
        118.142846570882,
        118.47943587735176,
        118.81602518382151,
        119.15261449029126,
        119.489203796761,
        119.82579310323075,
        120.1623824097005,
        120.49897171617025,
        120.83556102264001,
        121.17215032910974,
        121.5087396355795,
        121.84532894204925,
        122.181918248519,
        122.51850755498874,
        122.85509686145849,
        123.19168616792825,
        123.52827547439799,
        123.86486478086775,
        124.2014540873375,
        124.53804339380724,
        124.87463270027699
    ],
    "fidelitiesAtTimes": [
        0.7486545776991709,
        0.7979112371644776,
        0.8126120461736551,
        0.7838392124841065,
        0.8194247497984598,
        0.8303104706633768,
        0.85792793506543,
        0.8920715080956964,
        0.8966480493778765,
        0.8871674345296633,
        0.9131503567428381,
        0.9167495313139101,
        0.9339915344174459,
        0.951596111969527,
        0.9500497645153487,
        0.9530977328273409,
        0.9638423309063562,
        0.9650781646413886,
        0.973474574371811,
        0.9798874602376195,
        0.9788158354592991,
        0.9826541490341999,
        0.9854034727190566,
        0.9860178113746851,
        0.989403314043361,
        0.9907590314312322,
        0.9908795703203996,
        0.9923613032904391,
        0.9927931244030251,
        0.9932587342606954,
        0.9941402458605122,
        0.9942539355180507,
        0.9944665574182618,
        0.994782539290307,
        0.9948235581149177,
        0.9949853611427535,
        0.9950529051630905,
        0.9950614807174463,
        0.9950933757785798,
        0.9951040815566665,
        0.9951078001428814,
        0.995111434921484,
        0.9951151246939685,
        0.9951187371101277,
        0.9951224041380342,
        0.9951259941876174,
        0.9951296384689993,
        0.99513320615686,
        0.9951368276914175,
        0.9951403730145959,
        0.9951439718048052,
        0.9951474947691532,
        0.9951510708094287,
        0.9951545714113715,
        0.9951581247055852,
        0.9951616029500912,
        0.9951651334959507,
        0.9951685893814777,
        0.9951720971798664,
        0.9951755307053929,
        0.9951790157523934,
        0.9951824269207403,
        0.9951858185418281,
        0.9951892787607635,
        0.9951926480190145,
        0.9951960854719459,
        0.995199432371469,
        0.9952028470529395,
        0.9952061715922496,
        0.9952095635092647,
        0.995212865690504,
        0.9952162348376546,
        0.9952195146614529,
        0.9952228610413905,
        0.9952261185074324,
        0.9952294421197273,
        0.9952326772236166,
        0.995235978067123,
        0.9952391908134253,
        0.9952424688888677,
        0.9952456592779265,
        0.9952489145815762,
        0.9952520826134146,
        0.9952553151462199,
        0.9952584608169728,
        0.9952616705814548,
        0.9952647938917483,
        0.9952679808857876,
        0.9952710818388688,
        0.9952742460613153,
        0.995277324652044,
        0.9952804661039902,
        0.9952835223356061,
        0.9952866410107862,
        0.9952896748823286,
        0.9952927707884698,
        0.9952957822987125,
        0.9952988554315298,
        0.9953018445793876,
        0.9953048949389889,
        0.9953078617273373,
        0.9953108893120455,
        0.9953138337369276,
        0.9953168385508089,
        0.9953197606168913,
        0.9953227426567024,
        0.9953256423567215,
        0.9953286016199229,
        0.9953314789584098,
        0.9953344154470317,
        0.9953372704229606,
        0.9953401841355196,
        0.9953430167515258,
        0.9953459076882097,
        0.9953487179405389,
        0.9953515861048998
    ],
    "deviations": [
        [],
        [],
        [],
        []
    ],
    "fidelities1D_Dev": [
        [],
        [],
        [],
        []
    ],
    "fidelities2D_Theta_delta": null,
    "fidelities2D_Theta_omegaPhi": null,
    "fidelities2D_Theta_opTime": null,
    "fidelities2D_delta_omegaPhi": null,
    "fidelities2D_delta_opTime": null,
    "fidelities2D_omegaPhi_opTime": null
}