{
    "frequencies": [
        4.733295,
        4.183434,
        7.8998
    ],
    "anharmonicities": [
        -0.222696,
        -0.228889,
        -0.22
    ],
    "couplings": [
        0.05938000000000001,
        0.05861
    ],
    "creationTime": "2022-06-20 02:04:17",
    "comboSignal": false,
    "signalType": "cos",
    "gateType": "SWAP",
    "nOptimizationLvls": 4,
    "riseTime": 25,
    "theta": -0.35223803760559314,
    "delta": 0.07522254348165722,
    "omegaPhi": 0.5158721234234084,
    "modulationTime": 99.83714059279954,
    "gateFidelity": 0.9951448970047465,
    "times": [
        86.34563510728609,
        86.68292274442392,
        87.02021038156175,
        87.35749801869959,
        87.69478565583744,
        88.03207329297527,
        88.3693609301131,
        88.70664856725094,
        89.04393620438877,
        89.3812238415266,
        89.71851147866445,
        90.05579911580229,
        90.39308675294012,
        90.73037439007796,
        91.06766202721579,
        91.40494966435362,
        91.74223730149147,
        92.0795249386293,
        92.41681257576714,
        92.75410021290497,
        93.0913878500428,
        93.42867548718064,
        93.76596312431849,
        94.10325076145632,
        94.44053839859416,
        94.77782603573199,
        95.11511367286982,
        95.45240131000766,
        95.7896889471455,
        96.12697658428334,
        96.46426422142117,
        96.80155185855901,
        97.13883949569684,
        97.47612713283468,
        97.81341476997252,
        98.15070240711036,
        98.48799004424819,
        98.82527768138603,
        99.16256531852386,
        99.4998529556617,
        99.83714059279954,
        100.17442822993738,
        100.51171586707521,
        100.84900350421304,
        101.18629114135089,
        101.52357877848873,
        101.86086641562656,
        102.1981540527644,
        102.53544168990223,
        102.87272932704006,
        103.2100169641779,
        103.54730460131574,
        103.88459223845358,
        104.22187987559141,
        104.55916751272925,
        104.89645514986708,
        105.23374278700491,
        105.57103042414276,
        105.9083180612806,
        106.24560569841843,
        106.58289333555626,
        106.9201809726941,
        107.25746860983193,
        107.59475624696978,
        107.93204388410761,
        108.26933152124545,
        108.60661915838328,
        108.94390679552112,
        109.28119443265895,
        109.6184820697968,
        109.95576970693463,
        110.29305734407247,
        110.6303449812103,
        110.96763261834813,
        111.30492025548597,
        111.64220789262382,
        111.97949552976165,
        112.31678316689948,
        112.65407080403732,
        112.99135844117515,
        113.32864607831299,
        113.66593371545082,
        114.00322135258867,
        114.3405089897265,
        114.67779662686434,
        115.01508426400217,
        115.35237190114,
        115.68965953827785,
        116.02694717541569,
        116.36423481255352,
        116.70152244969135,
        117.03881008682919,
        117.37609772396702,
        117.71338536110486,
        118.0506729982427,
        118.38796063538054,
        118.72524827251837,
        119.0625359096562,
        119.39982354679404,
        119.73711118393189,
        120.07439882106972,
        120.41168645820756,
        120.74897409534539,
        121.08626173248322,
        121.42354936962106,
        121.76083700675889,
        122.09812464389674,
        122.43541228103457,
        122.7726999181724,
        123.10998755531024,
        123.44727519244807,
        123.78456282958592,
        124.12185046672376,
        124.45913810386159,
        124.79642574099942,
        125.13371337813726
    ],
    "fidelitiesAtTimes": [
        0.7733254262505878,
        0.799551453049835,
        0.7787083535047425,
        0.7895787661816108,
        0.8166770196015036,
        0.833714854126985,
        0.8738977464991121,
        0.8908465580890461,
        0.8746970405550207,
        0.8977543297375601,
        0.907016127187563,
        0.9201454362224206,
        0.9423508141869327,
        0.9471883433612142,
        0.9436590776746694,
        0.9579657036296891,
        0.9599953620607454,
        0.9672235765711752,
        0.9766571604325464,
        0.9767009362803731,
        0.9787762763957659,
        0.9835653602780596,
        0.9839073430377903,
        0.9872521360756152,
        0.9899267219421922,
        0.9898413842596167,
        0.9913259116657436,
        0.9923025215855479,
        0.9925430402539407,
        0.9937127881583956,
        0.9940548231485808,
        0.9941924321920258,
        0.9946261604034108,
        0.9947293074438628,
        0.9948951238693796,
        0.9950507990211943,
        0.9950606049586181,
        0.9951049142734112,
        0.9951359031596245,
        0.9951400346141265,
        0.9951448970047465,
        0.9951483209848961,
        0.9951516628959736,
        0.9951550640780754,
        0.9951583835657383,
        0.995161761948965,
        0.9951650590011971,
        0.9951684145854174,
        0.9951716892088521,
        0.9951749537958156,
        0.9951782748940389,
        0.9951815170717232,
        0.9951848153276772,
        0.9951880350960115,
        0.9951913105155514,
        0.9951945078797078,
        0.995197760454726,
        0.9952009354083394,
        0.9952041651455461,
        0.9952073176911889,
        0.9952105245859089,
        0.9952136547265212,
        0.9952168387816173,
        0.9952199465168894,
        0.995223107725751,
        0.9952261930506137,
        0.9952293314172047,
        0.9952323943320834,
        0.9952355098569733,
        0.9952385503650344,
        0.9952416430507306,
        0.9952446611471719,
        0.9952477309883487,
        0.9952507266756712,
        0.9952537736731608,
        0.9952567469522895,
        0.9952597711042708,
        0.9952627219717431,
        0.9952657232793811,
        0.9952686517360887,
        0.9952716301995638,
        0.9952745362458362,
        0.9952774918629441,
        0.9952803754969874,
        0.9952833082690061,
        0.9952861694909897,
        0.9952890794173301,
        0.9952919182265566,
        0.995294805305132,
        0.9952976217045997,
        0.995300485940722,
        0.9953032799323612,
        0.9953061213198033,
        0.9953088929035229,
        0.9953117114435412,
        0.9953144606207023,
        0.9953172563149039,
        0.9953199830857384,
        0.9953227559312803,
        0.9953254602935797,
        0.9953282102928135,
        0.9953308922529074,
        0.9953336194005505,
        0.9953362789559916,
        0.995338983253584,
        0.995341620403787,
        0.9953443018513107,
        0.9953469165968641,
        0.9953495751977322,
        0.9953521675406467,
        0.9953548032931941,
        0.9953573732303681,
        0.9953599861299407,
        0.9953625336670276,
        0.9953650689304954,
        0.9953676494026347
    ],
    "deviations": [
        [],
        [],
        [],
        []
    ],
    "fidelities1D_Dev": [
        [],
        [],
        [],
        []
    ],
    "fidelities2D_Theta_delta": null,
    "fidelities2D_Theta_omegaPhi": null,
    "fidelities2D_Theta_opTime": null,
    "fidelities2D_delta_omegaPhi": null,
    "fidelities2D_delta_opTime": null,
    "fidelities2D_omegaPhi_opTime": null
}