{
    "frequencies": [
        4.733295,
        4.183434,
        7.8998
    ],
    "anharmonicities": [
        -0.222696,
        -0.228889,
        -0.22
    ],
    "couplings": [
        0.05938000000000001,
        0.05861
    ],
    "creationTime": "2022-06-04 16:07:41",
    "comboSignal": false,
    "signalType": "arccos",
    "gateType": "CZ",
    "nOptimizationLvls": 4,
    "riseTime": 25,
    "dcAmplitude": 0.6201960550280916,
    "acAmplitude": 0.06246138665103779,
    "omegaPhi": 0.685186340095389,
    "modulationTime": 79.39100948843213,
    "gateFidelity": 0.9996604836238037,
    "times": [
        65.93490618530804,
        66.27130876788614,
        66.60771135046424,
        66.94411393304235,
        67.28051651562045,
        67.61691909819855,
        67.95332168077665,
        68.28972426335476,
        68.62612684593286,
        68.96252942851096,
        69.29893201108906,
        69.63533459366717,
        69.97173717624527,
        70.30813975882337,
        70.64454234140148,
        70.98094492397958,
        71.31734750655768,
        71.65375008913578,
        71.99015267171387,
        72.32655525429197,
        72.66295783687008,
        72.99936041944818,
        73.33576300202628,
        73.67216558460439,
        74.00856816718249,
        74.34497074976059,
        74.6813733323387,
        75.0177759149168,
        75.3541784974949,
        75.690581080073,
        76.0269836626511,
        76.36338624522921,
        76.69978882780731,
        77.03619141038541,
        77.37259399296352,
        77.70899657554162,
        78.04539915811972,
        78.38180174069782,
        78.71820432327593,
        79.05460690585403,
        79.39100948843213,
        79.72741207101024,
        80.06381465358834,
        80.40021723616644,
        80.73661981874454,
        81.07302240132265,
        81.40942498390075,
        81.74582756647885,
        82.08223014905695,
        82.41863273163506,
        82.75503531421316,
        83.09143789679126,
        83.42784047936937,
        83.76424306194747,
        84.10064564452557,
        84.43704822710366,
        84.77345080968176,
        85.10985339225986,
        85.44625597483797,
        85.78265855741607,
        86.11906113999417,
        86.45546372257228,
        86.79186630515038,
        87.12826888772848,
        87.46467147030658,
        87.80107405288469,
        88.13747663546279,
        88.47387921804089,
        88.810281800619,
        89.1466843831971,
        89.4830869657752,
        89.8194895483533,
        90.1558921309314,
        90.49229471350951,
        90.82869729608761,
        91.16509987866571,
        91.50150246124382,
        91.83790504382192,
        92.17430762640001,
        92.51071020897811,
        92.84711279155621,
        93.18351537413432,
        93.51991795671242,
        93.85632053929052,
        94.19272312186862,
        94.52912570444673,
        94.86552828702483,
        95.20193086960293,
        95.53833345218104,
        95.87473603475914,
        96.21113861733724,
        96.54754119991534,
        96.88394378249345,
        97.22034636507155,
        97.55674894764965,
        97.89315153022775,
        98.22955411280586,
        98.56595669538396,
        98.90235927796206,
        99.23876186054017,
        99.57516444311827,
        99.91156702569637,
        100.24796960827447,
        100.58437219085258,
        100.92077477343068,
        101.25717735600878,
        101.59357993858688,
        101.92998252116499,
        102.26638510374309,
        102.60278768632118,
        102.93919026889928,
        103.27559285147738,
        103.61199543405549,
        103.94839801663359,
        104.28480059921169,
        104.6212031817898
    ],
    "fidelitiesAtTimes": [
        0.9659508867715637,
        0.9701953778092299,
        0.9736003471683248,
        0.9747066354038335,
        0.9794642110507109,
        0.9778318941800295,
        0.9839585084689633,
        0.9824069235755164,
        0.9877912743986641,
        0.9857140611385595,
        0.990103447787129,
        0.9897159006636178,
        0.9922478430201697,
        0.9924228338326582,
        0.9936473357083614,
        0.9948694327667186,
        0.9951137770300994,
        0.996494769511064,
        0.9962114103666806,
        0.9975514846071022,
        0.997256399846993,
        0.9982392955601807,
        0.9980197028004054,
        0.9986435276598156,
        0.9986283303134483,
        0.9989214891463941,
        0.9989790649966814,
        0.9990991583412526,
        0.9992295128431253,
        0.9992650908836664,
        0.9993555152323251,
        0.9993699044735191,
        0.9994405753414686,
        0.999462287546583,
        0.9995042503296692,
        0.9995299498678278,
        0.9995600500736807,
        0.9995866131576182,
        0.9996121446388191,
        0.999636644163161,
        0.9996604836238037,
        0.9996834575453886,
        0.9997056561370247,
        0.9997269884202689,
        0.999747540934429,
        0.9997672313504573,
        0.9997861375623467,
        0.9998041858958813,
        0.9998214455978648,
        0.9998378516540182,
        0.9998534646542161,
        0.9998682282529681,
        0.9998821943824799,
        0.9998953153657222,
        0.9999076344727099,
        0.9999191126967941,
        0.9999297846448219,
        0.9999396199870342,
        0.9999486446586365,
        0.9999568370122687,
        0.9999642143096688,
        0.9999707635874223,
        0.9999764934299179,
        0.9999813995603599,
        0.9999854818850281,
        0.9999887448166811,
        0.9999911795787257,
        0.9999927992770294,
        0.9999935864498761,
        0.99999356289846,
        0.999992702473644,
        0.9999910356745765,
        0.9999885276617247,
        0.9999852176342824,
        0.999981062061115,
        0.9999761088439417,
        0.9999703057553034,
        0.9999637094034158,
        0.9999562588640465,
        0.9999480194503239,
        0.9999389215420788,
        0.9999290391613631,
        0.9999182939835702,
        0.9999067687426859,
        0.9998943764151988,
        0.9998812084441353,
        0.9998671691009162,
        0.9998523585433613,
        0.9998366723387161,
        0.9998202193590598,
        0.9998028864671682,
        0.999784791248455,
        0.999765811855464,
        0.9997460745961213,
        0.9997254489152368,
        0.9997040698342172,
        0.9996817980879902,
        0.999658777420325,
        0.9996348598566488,
        0.9996101978595375,
        0.9995846347388934,
        0.999558331681363,
        0.9995311232834567,
        0.9995031794517304,
        0.9994743260775352,
        0.999444741785003,
        0.9994142437518787,
        0.9993830193222422,
        0.9993508769588189,
        0.999318012737033,
        0.9992842263985203,
        0.9992497227404996,
        0.9992142927997041,
        0.9991781500885513,
        0.9991410769334209,
        0.9991032955699332
    ],
    "deviations": [
        [],
        [],
        [],
        []
    ],
    "fidelities1D_Dev": [
        [],
        [],
        [],
        []
    ],
    "fidelities2D_Theta_delta": null,
    "fidelities2D_Theta_omegaPhi": null,
    "fidelities2D_Theta_opTime": null,
    "fidelities2D_delta_omegaPhi": null,
    "fidelities2D_delta_opTime": null,
    "fidelities2D_omegaPhi_opTime": null
}