{
    "frequencies": [
        4.733295,
        4.183434,
        7.8998
    ],
    "anharmonicities": [
        -0.222696,
        -0.228889,
        -0.22
    ],
    "couplings": [
        0.05938000000000001,
        0.05861
    ],
    "creationTime": "2022-06-04 19:45:39",
    "comboSignal": false,
    "signalType": "arccos",
    "gateType": "CZ",
    "nOptimizationLvls": 4,
    "riseTime": 25,
    "dcAmplitude": 0.5704300738254968,
    "acAmplitude": 0.037653159228298635,
    "omegaPhi": 0.3654707785372979,
    "modulationTime": 60.442423520492916,
    "gateFidelity": 0.9998541693184991,
    "times": [
        46.935736700271036,
        47.27340387077658,
        47.61107104128213,
        47.94873821178768,
        48.286405382293225,
        48.62407255279877,
        48.96173972330432,
        49.299406893809866,
        49.637074064315414,
        49.97474123482096,
        50.31240840532651,
        50.65007557583205,
        50.987742746337595,
        51.32540991684314,
        51.66307708734869,
        52.00074425785424,
        52.338411428359784,
        52.67607859886533,
        53.01374576937088,
        53.351412939876425,
        53.68908011038197,
        54.02674728088752,
        54.36441445139307,
        54.702081621898614,
        55.03974879240416,
        55.37741596290971,
        55.715083133415256,
        56.0527503039208,
        56.39041747442635,
        56.7280846449319,
        57.065751815437444,
        57.40341898594299,
        57.74108615644854,
        58.078753326954086,
        58.41642049745963,
        58.75408766796518,
        59.09175483847073,
        59.429422008976275,
        59.76708917948182,
        60.10475634998737,
        60.442423520492916,
        60.78009069099846,
        61.11775786150401,
        61.45542503200956,
        61.793092202515105,
        62.13075937302065,
        62.4684265435262,
        62.806093714031746,
        63.14376088453729,
        63.48142805504284,
        63.81909522554839,
        64.15676239605394,
        64.49442956655948,
        64.83209673706503,
        65.16976390757057,
        65.50743107807612,
        65.84509824858166,
        66.18276541908722,
        66.52043258959276,
        66.85809976009831,
        67.19576693060385,
        67.5334341011094,
        67.87110127161495,
        68.2087684421205,
        68.54643561262604,
        68.8841027831316,
        69.22176995363714,
        69.55943712414269,
        69.89710429464823,
        70.23477146515378,
        70.57243863565932,
        70.91010580616488,
        71.24777297667042,
        71.58544014717597,
        71.92310731768151,
        72.26077448818707,
        72.59844165869261,
        72.93610882919816,
        73.2737759997037,
        73.61144317020924,
        73.9491103407148,
        74.28677751122035,
        74.62444468172589,
        74.96211185223143,
        75.29977902273698,
        75.63744619324254,
        75.97511336374808,
        76.31278053425362,
        76.65044770475917,
        76.98811487526473,
        77.32578204577027,
        77.66344921627581,
        78.00111638678136,
        78.33878355728692,
        78.67645072779246,
        79.014117898298,
        79.35178506880355,
        79.68945223930909,
        80.02711940981465,
        80.36478658032019,
        80.70245375082574,
        81.04012092133128,
        81.37778809183683,
        81.71545526234237,
        82.05312243284793,
        82.39078960335347,
        82.72845677385902,
        83.06612394436456,
        83.40379111487012,
        83.74145828537566,
        84.07912545588121,
        84.41679262638675,
        84.7544597968923,
        85.09212696739785,
        85.4297941379034,
        85.76746130840894
    ],
    "fidelitiesAtTimes": [
        0.9401821444533127,
        0.9366611983559215,
        0.9485441402216793,
        0.9618182021355738,
        0.9621537535472019,
        0.9600213670857933,
        0.9663127827419888,
        0.9749619142856931,
        0.9755691364401967,
        0.9735749729024337,
        0.9786504893879968,
        0.9858219493346819,
        0.9870236713309832,
        0.9859172211270811,
        0.9883515010161918,
        0.9924646826413873,
        0.9937171260154031,
        0.9931641540943523,
        0.994457991652124,
        0.9967899770721192,
        0.9975806618616119,
        0.997376870407134,
        0.9978229334664397,
        0.9987625027865894,
        0.9991597320942759,
        0.999087114674923,
        0.9992402681278593,
        0.9995654188448929,
        0.9997105609028522,
        0.999707885016479,
        0.9997356088255197,
        0.9998073346367337,
        0.9998356638237992,
        0.9998303484631765,
        0.9998343582844921,
        0.999844232564314,
        0.9998515003123251,
        0.9998533472133545,
        0.9998535511676391,
        0.9998540728264198,
        0.9998541693184991,
        0.9998542070703005,
        0.9998542191189769,
        0.9998542549075319,
        0.9998542648475158,
        0.9998542986728021,
        0.9998543065039268,
        0.9998543383659909,
        0.9998543440881844,
        0.9998543739870067,
        0.9998543776001894,
        0.9998544055358064,
        0.9998544070399111,
        0.9998544330123366,
        0.9998544324071872,
        0.9998544564164289,
        0.9998544537020264,
        0.9998544757480845,
        0.9998544709243277,
        0.9998544910072408,
        0.9998544840740651,
        0.9998545021938636,
        0.9998544931511567,
        0.9998545093078188,
        0.9998544981554875,
        0.9998545123490471,
        0.9998544990870283,
        0.9998545113174909,
        0.999854495945707,
        0.999854498969148,
        0.9998544887915821,
        0.9998544896940341,
        0.9998544775666908,
        0.9998544763480697,
        0.999854462270972,
        0.9998544589311841,
        0.9998544429043783,
        0.9998544374432727,
        0.9998544194667414,
        0.9998544118842421,
        0.9998543919580557,
        0.9998543822540809,
        0.999854360378238,
        0.9998543485526763,
        0.9998543247271433,
        0.9998543107798523,
        0.9998542850048,
        0.9998542689357253,
        0.9998542412110503,
        0.9998542230201469,
        0.9998541933458835,
        0.9998541730330379,
        0.9998541414092997,
        0.9998541189744575,
        0.9998540854012046,
        0.9998540608440349,
        0.9998540253213385,
        0.9998539986419877,
        0.9998539611698776,
        0.9998539323681481,
        0.9998538929463893,
        0.9998538620223314,
        0.9998538206512377,
        0.9998537876046238,
        0.9998537442841625,
        0.9998537091148725,
        0.9998536638450591,
        0.9998536265531758,
        0.999853579333897,
        0.9998535399190128,
        0.9998534907505319,
        0.9998534492128501,
        0.9998533980950624,
        0.9998533544343078,
        0.9998533013672157,
        0.999853255583297
    ],
    "deviations": [
        [],
        [],
        [],
        []
    ],
    "fidelities1D_Dev": [
        [],
        [],
        [],
        []
    ],
    "fidelities2D_Theta_delta": null,
    "fidelities2D_Theta_omegaPhi": null,
    "fidelities2D_Theta_opTime": null,
    "fidelities2D_delta_omegaPhi": null,
    "fidelities2D_delta_opTime": null,
    "fidelities2D_omegaPhi_opTime": null,