{
    "frequencies": [
        4.733295,
        4.183434,
        7.8998
    ],
    "anharmonicities": [
        -0.222696,
        -0.228889,
        -0.22
    ],
    "couplings": [
        0.05938000000000001,
        0.05861
    ],
    "creationTime": "2022-06-16 13:40:06",
    "comboSignal": false,
    "signalType": "arccos",
    "gateType": "iSWAP",
    "nOptimizationLvls": 4,
    "riseTime": 25,
    "dcAmplitude": 0.5625174534904214,
    "acAmplitude": 0.1625144570027735,
    "omegaPhi": 0.5495194820064742,
    "modulationTime": 57.252595090561464,
    "gateFidelity": 0.9996518532673386,
    "times": [
        43.78139624572347,
        44.11817621684442,
        44.454956187965365,
        44.79173615908632,
        45.12851613020727,
        45.46529610132822,
        45.80207607244917,
        46.138856043570115,
        46.47563601469107,
        46.81241598581202,
        47.149195956932964,
        47.48597592805392,
        47.822755899174865,
        48.15953587029582,
        48.49631584141677,
        48.833095812537714,
        49.16987578365867,
        49.506655754779615,
        49.84343572590056,
        50.18021569702152,
        50.516995668142464,
        50.85377563926341,
        51.190555610384365,
        51.52733558150531,
        51.86411555262627,
        52.200895523747214,
        52.53767549486816,
        52.874455465989115,
        53.21123543711006,
        53.54801540823101,
        53.884795379351964,
        54.22157535047291,
        54.55835532159386,
        54.89513529271481,
        55.23191526383576,
        55.568695234956714,
        55.90547520607766,
        56.24225517719861,
        56.57903514831956,
        56.91581511944051,
        57.252595090561464,
        57.58937506168241,
        57.92615503280336,
        58.26293500392431,
        58.59971497504526,
        58.936494946166206,
        59.27327491728716,
        59.61005488840811,
        59.94683485952906,
        60.28361483065001,
        60.620394801770956,
        60.95717477289191,
        61.29395474401286,
        61.630734715133805,
        61.96751468625476,
        62.304294657375706,
        62.64107462849665,
        62.97785459961761,
        63.314634570738555,
        63.65141454185951,
        63.988194512980456,
        64.3249744841014,
        64.66175445522235,
        64.99853442634331,
        65.33531439746426,
        65.6720943685852,
        66.00887433970615,
        66.3456543108271,
        66.68243428194805,
        67.01921425306901,
        67.35599422418996,
        67.6927741953109,
        68.02955416643185,
        68.3663341375528,
        68.70311410867376,
        69.0398940797947,
        69.37667405091565,
        69.7134540220366,
        70.05023399315755,
        70.38701396427851,
        70.72379393539946,
        71.0605739065204,
        71.39735387764135,
        71.7341338487623,
        72.07091381988324,
        72.4076937910042,
        72.74447376212515,
        73.0812537332461,
        73.41803370436705,
        73.754813675488,
        74.09159364660894,
        74.4283736177299,
        74.76515358885085,
        75.1019335599718,
        75.43871353109274,
        75.77549350221369,
        76.11227347333465,
        76.4490534444556,
        76.78583341557655,
        77.1226133866975,
        77.45939335781844,
        77.7961733289394,
        78.13295330006035,
        78.4697332711813,
        78.80651324230224,
        79.14329321342319,
        79.48007318454415,
        79.81685315566509,
        80.15363312678605,
        80.490413097907,
        80.82719306902794,
        81.16397304014889,
        81.50075301126984,
        81.8375329823908,
        82.17431295351174,
        82.51109292463269
    ],
    "fidelitiesAtTimes": [
        0.9114545668151081,
        0.8758654788129906,
        0.915048293400692,
        0.9158535784409103,
        0.8976447746322144,
        0.943821928821335,
        0.9223828439024822,
        0.9278132275775643,
        0.9591221192538564,
        0.934551327723014,
        0.9569282582707304,
        0.9660113589402295,
        0.9510983332187593,
        0.9762184485152552,
        0.9704306594765864,
        0.9691711957542303,
        0.9866919549367955,
        0.9772178866088295,
        0.9840834089002953,
        0.9908349479643214,
        0.9849715203604346,
        0.9928575571376463,
        0.9929797351186187,
        0.9915518407008059,
        0.996633148576155,
        0.9953034893329111,
        0.996201619456707,
        0.9982293398780149,
        0.9974260694715393,
        0.998451958621982,
        0.9989700439976644,
        0.998828296637889,
        0.9992838548082774,
        0.999366952761935,
        0.9994040753736778,
        0.9995208980479952,
        0.9995540867467012,
        0.9995813226464243,
        0.9996074900888235,
        0.9996300868124729,
        0.9996518532673386,
        0.9996728847052905,
        0.9996933305925639,
        0.9997130209256555,
        0.9997321217663773,
        0.9997504708184556,
        0.9997682264420276,
        0.9997852340506496,
        0.999801644298785,
        0.9998173103141867,
        0.9998323750402192,
        0.9998466993234562,
        0.9998604183915051,
        0.9998734008146849,
        0.9998857741033863,
        0.9998974145517046,
        0.9999084419502658,
        0.9999187403207763,
        0.9999284217300362,
        0.9999373779310087,
        0.9999457132646612,
        0.9999533272173824,
        0.9999603164010373,
        0.9999665880401818,
        0.9999722310122126,
        0.9999771602817689,
        0.9999814569914871,
        0.9999850438481896,
        0.999987994257802,
        0.9999902386714263,
        0.999991842754298,
        0.9999927447056576,
        0.9999930024478532,
        0.9999925619301109,
        0.9999914733297907,
        0.9999896903481702,
        0.999987255415369,
        0.9999841299870751,
        0.9999803487438758,
        0.9999758808972643,
        0.9999707533774117,
        0.9999649431544789,
        0.9999584694051029,
        0.9999513168596987,
        0.9999434969376605,
        0.9999350021343624,
        0.9999258361128917,
        0.9999159991282076,
        0.9999054870874937,
        0.999894308012084,
        0.9998824500462818,
        0.9998699289792216,
        0.9998567251962804,
        0.9998428622532074,
        0.9998283127708246,
        0.999813108076317,
        0.9997972130263116,
        0.9997806667201392,
        0.9997634262452927,
        0.9997455384731513,
        0.999726952726473,
        0.9997077236532729,
        0.9996877928047306,
        0.9996672226008926,
        0.9996459468278616,
        0.9996240356768217,
        0.9996014151693178,
        0.9995781632754438,
        0.9995541982387076,
        0.9995296058038272,
        0.9995042964494184,
        0.9994783636976683,
        0.999451710254092,
        0.9994244374215165,
        0.9993964401265574,
        0.9993678274554629
    ],
    "deviations": [
        [],
        [],
        [],
        []
    ],
    "fidelities1D_Dev": [
        [],
        [],
        [],
        []
    ],
    "fidelities2D_Theta_delta": null,
    "fidelities2D_Theta_omegaPhi": null,
    "fidelities2D_Theta_opTime": null,
    "fidelities2D_delta_omegaPhi": null,
    "fidelities2D_delta_opTime": null,
    "fidelities2D_omegaPhi_opTime": null
}