{
    "frequencies": [
        4.733295,
        4.183434,
        7.8998
    ],
    "anharmonicities": [
        -0.222696,
        -0.228889,
        -0.22
    ],
    "couplings": [
        0.05938,
        0.05861
    ],
    "creationTime": "2022-06-03 13:08:38",
    "comboSignal": false,
    "signalType": "arccos",
    "gateType": "iSWAP",
    "nOptimizationLvls": 4,
    "riseTime": 25,
    "dcAmplitude": 0.5655351989030469,
    "acAmplitude": 0.05167489765574851,
    "omegaPhi": 0.5691013037800118,
    "modulationTime": 57.4424601085901,
    "gateFidelity": 0.9997960079225561,
    "times": [
        43.92658714186302,
        44.26448396603119,
        44.602380790199376,
        44.94027761436755,
        45.27817443853573,
        45.616071262703905,
        45.95396808687208,
        46.29186491104026,
        46.62976173520843,
        46.96765855937661,
        47.30555538354479,
        47.64345220771297,
        47.981349031881145,
        48.31924585604932,
        48.6571426802175,
        48.99503950438567,
        49.33293632855385,
        49.67083315272203,
        50.00872997689021,
        50.346626801058385,
        50.68452362522656,
        51.02242044939474,
        51.36031727356291,
        51.69821409773109,
        52.036110921899265,
        52.37400774606745,
        52.711904570235625,
        53.0498013944038,
        53.38769821857198,
        53.72559504274015,
        54.06349186690833,
        54.401388691076505,
        54.73928551524469,
        55.077182339412865,
        55.41507916358104,
        55.75297598774922,
        56.09087281191739,
        56.42876963608557,
        56.766666460253745,
        57.10456328442192,
        57.4424601085901,
        57.780356932758274,
        58.11825375692645,
        58.456150581094626,
        58.7940474052628,
        59.131944229430985,
        59.46984105359916,
        59.80773787776734,
        60.14563470193551,
        60.48353152610369,
        60.821428350271866,
        61.15932517444004,
        61.497221998608225,
        61.8351188227764,
        62.17301564694458,
        62.51091247111275,
        62.84880929528093,
        63.186706119449106,
        63.52460294361728,
        63.862499767785465,
        64.20039659195363,
        64.53829341612182,
        64.87619024029,
        65.21408706445817,
        65.55198388862635,
        65.88988071279452,
        66.2277775369627,
        66.56567436113087,
        66.90357118529906,
        67.24146800946724,
        67.57936483363541,
        67.91726165780359,
        68.25515848197176,
        68.59305530613995,
        68.93095213030813,
        69.2688489544763,
        69.60674577864448,
        69.94464260281265,
        70.28253942698083,
        70.620436251149,
        70.95833307531719,
        71.29622989948535,
        71.63412672365354,
        71.97202354782172,
        72.30992037198989,
        72.64781719615807,
        72.98571402032624,
        73.32361084449443,
        73.66150766866261,
        73.99940449283078,
        74.33730131699896,
        74.67519814116713,
        75.01309496533531,
        75.35099178950348,
        75.68888861367166,
        76.02678543783983,
        76.36468226200802,
        76.7025790861762,
        77.04047591034437,
        77.37837273451255,
        77.71626955868072,
        78.0541663828489,
        78.39206320701709,
        78.72996003118526,
        79.06785685535344,
        79.40575367952161,
        79.74365050368979,
        80.08154732785798,
        80.41944415202614,
        80.75734097619431,
        81.0952378003625,
        81.43313462453068,
        81.77103144869885,
        82.10892827286703,
        82.4468250970352,
        82.78472192120338
    ],
    "fidelitiesAtTimes": [
        0.9865572735298926,
        0.9815409892138757,
        0.9850833438132117,
        0.989488568024832,
        0.9852767882366266,
        0.9917651441937438,
        0.990215936104161,
        0.990274869225367,
        0.9946861997258887,
        0.9917565256964795,
        0.994867461703484,
        0.9954090053592012,
        0.9942441487966445,
        0.997238875863237,
        0.9959891698929383,
        0.9968987319687586,
        0.9979934440036045,
        0.9970203727791198,
        0.9984495755563619,
        0.9982678451050082,
        0.9982853526619262,
        0.9990493751969354,
        0.9986289387701592,
        0.9990876082029164,
        0.9992662129152347,
        0.9991697026566783,
        0.9994753207167839,
        0.9994136857820795,
        0.9994904742262568,
        0.9995977610087333,
        0.9995770126337329,
        0.9996463549479724,
        0.9996663913028847,
        0.999681123377003,
        0.9997131471856291,
        0.9997276076180871,
        0.9997431192154916,
        0.9997578952447348,
        0.9997708849885487,
        0.9997837137828289,
        0.9997960079225561,
        0.9998079714802737,
        0.9998195106379045,
        0.9998307486908942,
        0.9998415653079403,
        0.9998520778045116,
        0.9998621718303387,
        0.9998719587185958,
        0.9998813301054946,
        0.9998903913394045,
        0.999899040043902,
        0.999907375579266,
        0.9999153015613367,
        0.9999229113578586,
        0.9999301145805666,
        0.9999369986026275,
        0.9999434790320864,
        0.9999496372459722,
        0.9999553948533378,
        0.999960827230199,
        0.999965861988114,
        0.999970568500995,
        0.9999748803872844,
        0.9999788610145786,
        0.9999824500091646,
        0.9999857047320464,
        0.9999885708188282,
        0.9999910996208861,
        0.9999932427880266,
        0.999995045658497,
        0.9999964658966635,
        0.9999975428262504,
        0.9999982401297997,
        0.999998591113739,
        0.9999985654806395,
        0.9999981905176492,
        0.9999974419492587,
        0.9999963410413899,
        0.9999948695429716,
        0.9999930426953604,
        0.9999908482750168,
        0.9999882954969289,
        0.9999853781662524,
        0.9999820994706237,
        0.9999784592458287,
        0.9999744546484483,
        0.9999700915470916,
        0.9999653610674768,
        0.9999602751127744,
        0.9999548187738949,
        0.9999490099906572,
        0.9999428278209308,
        0.9999362962391928,
        0.9999293882672488,
        0.9999221339206426,
        0.9999145001781121,
        0.9999065231022646,
        0.999898163629279,
        0.9998894638629373,
        0.9998803786989633,
        0.9998709562876688,
        0.9998611454780122,
        0.9998510004664087,
        0.9998404640570941,
        0.9998295964952284,
        0.9998183345374707,
        0.9998067444789873,
        0.9997947570270437,
        0.9997824445321968,
        0.9997697316460116,
        0.9997566967731831,
        0.9997432585118735,
        0.999729501323132,
        0.9997153377553598,
        0.9997008583195643,
        0.999685969509855
    ],
    "deviations": [
        [],
        [],
        [],
        []
    ],
    "fidelities1D_Dev": [
        [],
        [],
        [],
        []
    ],
    "fidelities2D_Theta_delta": null,
    "fidelities2D_Theta_omegaPhi": null,
    "fidelities2D_Theta_opTime": null,
    "fidelities2D_delta_omegaPhi": null,
    "fidelities2D_delta_opTime": null,
    "fidelities2D_omegaPhi_opTime": null,