{
    "frequencies": [
        4.733295,
        4.183434,
        7.8998
    ],
    "anharmonicities": [
        -0.222696,
        -0.228889,
        -0.22
    ],
    "couplings": [
        0.05938,
        0.05861
    ],
    "creationTime": "2022-06-03 20:36:01",
    "comboSignal": false,
    "signalType": "cos",
    "gateType": "CZ",
    "nOptimizationLvls": 4,
    "riseTime": 25,
    "theta": -0.37725064016331555,
    "delta": 0.03747870019788886,
    "omegaPhi": 0.5827139142689901,
    "modulationTime": 77.10587984763352,
    "gateFidelity": 0.9988034011101832,
    "times": [
        63.69616161326247,
        64.03140456912175,
        64.36664752498102,
        64.7018904808403,
        65.03713343669958,
        65.37237639255885,
        65.70761934841812,
        66.0428623042774,
        66.37810526013668,
        66.71334821599595,
        67.04859117185524,
        67.38383412771451,
        67.71907708357378,
        68.05432003943307,
        68.38956299529234,
        68.72480595115161,
        69.0600489070109,
        69.39529186287017,
        69.73053481872944,
        70.06577777458871,
        70.401020730448,
        70.73626368630727,
        71.07150664216654,
        71.40674959802583,
        71.7419925538851,
        72.07723550974437,
        72.41247846560366,
        72.74772142146293,
        73.0829643773222,
        73.41820733318148,
        73.75345028904076,
        74.08869324490003,
        74.42393620075931,
        74.75917915661859,
        75.09442211247786,
        75.42966506833713,
        75.76490802419642,
        76.10015098005569,
        76.43539393591496,
        76.77063689177425,
        77.10587984763352,
        77.44112280349279,
        77.77636575935206,
        78.11160871521135,
        78.44685167107062,
        78.78209462692989,
        79.11733758278918,
        79.45258053864845,
        79.78782349450772,
        80.12306645036699,
        80.45830940622628,
        80.79355236208555,
        81.12879531794482,
        81.4640382738041,
        81.79928122966338,
        82.13452418552265,
        82.46976714138194,
        82.80501009724121,
        83.14025305310048,
        83.47549600895977,
        83.81073896481904,
        84.14598192067831,
        84.4812248765376,
        84.81646783239687,
        85.15171078825614,
        85.48695374411543,
        85.8221966999747,
        86.15743965583397,
        86.49268261169325,
        86.82792556755253,
        87.1631685234118,
        87.49841147927107,
        87.83365443513036,
        88.16889739098963,
        88.5041403468489,
        88.83938330270819,
        89.17462625856746,
        89.50986921442673,
        89.845112170286,
        90.18035512614529,
        90.51559808200456,
        90.85084103786383,
        91.18608399372312,
        91.52132694958239,
        91.85656990544166,
        92.19181286130095,
        92.52705581716022,
        92.86229877301949,
        93.19754172887878,
        93.53278468473805,
        93.86802764059732,
        94.2032705964566,
        94.53851355231588,
        94.87375650817515,
        95.20899946403443,
        95.5442424198937,
        95.87948537575298,
        96.21472833161226,
        96.54997128747154,
        96.88521424333081,
        97.2204571991901,
        97.55570015504937,
        97.89094311090864,
        98.22618606676792,
        98.5614290226272,
        98.89667197848647,
        99.23191493434574,
        99.56715789020501,
        99.9024008460643,
        100.23764380192357,
        100.57288675778284,
        100.90812971364213,
        101.2433726695014,
        101.57861562536067,
        101.91385858121996,
        102.24910153707923
    ],
    "fidelitiesAtTimes": [
        0.9223081383775018,
        0.9093189075699939,
        0.9432823354604901,
        0.9358868483484739,
        0.9481514871749281,
        0.9559684002610871,
        0.9432139249502874,
        0.9662801462360229,
        0.96240069839195,
        0.9673031617337434,
        0.9768855984117881,
        0.9682103909020825,
        0.9811443301484264,
        0.9806717402193289,
        0.98143746375315,
        0.9880749651164674,
        0.9833957853398493,
        0.9894617692547341,
        0.9911192673337823,
        0.9907131527189007,
        0.9940712783951208,
        0.9922606686333937,
        0.9943206752751829,
        0.9956179356801474,
        0.9952644026030779,
        0.9967914893850311,
        0.9965789684566821,
        0.9970361399714989,
        0.9974678195850532,
        0.997345946944499,
        0.9978185274797362,
        0.9979219370368698,
        0.9980476423293805,
        0.9982199940416194,
        0.9982977247855818,
        0.9983946264565773,
        0.9984636370169303,
        0.9985489589456987,
        0.9986405595021575,
        0.9987246320104683,
        0.9988034011101832,
        0.9988797120648709,
        0.9989532486994328,
        0.9990242015582187,
        0.9990923866567052,
        0.9991579788730649,
        0.9992208100019282,
        0.999281039231627,
        0.9993385141473086,
        0.99939337823116,
        0.999445494870778,
        0.9994949918389777,
        0.9995417483477773,
        0.9995858764329123,
        0.9996272711367016,
        0.9996660287593955,
        0.9997020601817983,
        0.9997354459527902,
        0.9997661128071262,
        0.9997941255330254,
        0.9998194267266192,
        0.9998420654021238,
        0.9998620000311608,
        0.9998792638470512,
        0.9998938312019241,
        0.9999057195391675,
        0.9999149191013667,
        0.9999214315346897,
        0.9999252629785319,
        0.9999263992746048,
        0.9999248624657406,
        0.9999206225841742,
        0.9999137175808646,
        0.9999041016739951,
        0.9998918287265951,
        0.9998768371396303,
        0.9998591966904457,
        0.9998388299595591,
        0.9998158226420271,
        0.9997900814981537,
        0.999761708142176,
        0.9997305935056012,
        0.9996968551250639,
        0.9996603681123263,
        0.9996212659221625,
        0.9995794078371046,
        0.9995349432404431,
        0.9994877155873606,
        0.9994378901758729,
        0.9993852946431394,
        0.9993301102084354,
        0.9992721486772682,
        0.9992116071892827,
        0.9991482817417967,
        0.9990823853836334,
        0.9990136982858754,
        0.9989424494085174,
        0.9988684031218735,
        0.9987918042885371,
        0.9987124014604476,
        0.9986304554070895,
        0.9985456988864977,
        0.9984584085536895,
        0.9983683013751857,
        0.99827566989576,
        0.9981802152825804,
        0.9980822459759576,
        0.9979814473498994,
        0.9978781437184567,
        0.9977720046977566,
        0.9976633704521861,
        0.9975518948320318,
        0.9974379338596346,
        0.9973211256297974,
        0.9972018420175115,
        0.9970797053634767
    ],
    "deviations": [
        [],
        [],
        [],
        []
    ],
    "fidelities1D_Dev": [
        [],
        [],
        [],
        []
    ],
    "fidelities2D_Theta_delta": null,
    "fidelities2D_Theta_omegaPhi": null,
    "fidelities2D_Theta_opTime": null,
    "fidelities2D_delta_omegaPhi": null,
    "fidelities2D_delta_opTime": null,
    "fidelities2D_omegaPhi_opTime": null
}