{
    "frequencies": [
        4.733295,
        4.183434,
        7.8998
    ],
    "anharmonicities": [
        -0.222696,
        -0.228889,
        -0.22
    ],
    "couplings": [
        0.05938000000000001,
        0.05861
    ],
    "creationTime": "2022-06-19 19:04:45",
    "comboSignal": false,
    "signalType": "cos",
    "gateType": "SWAP",
    "nOptimizationLvls": 4,
    "riseTime": 25,
    "theta": -0.34736430599462664,
    "delta": 0.07151008064077563,
    "omegaPhi": 0.535812321122403,
    "modulationTime": 111.06816264724311,
    "gateFidelity": 0.9952925863957244,
    "times": [
        97.68645630420178,
        98.02099896277781,
        98.35554162135385,
        98.69008427992988,
        99.02462693850592,
        99.35916959708194,
        99.69371225565799,
        100.02825491423401,
        100.36279757281005,
        100.69734023138608,
        101.03188288996212,
        101.36642554853815,
        101.70096820711419,
        102.03551086569021,
        102.37005352426625,
        102.70459618284228,
        103.03913884141832,
        103.37368149999435,
        103.70822415857039,
        104.04276681714641,
        104.37730947572246,
        104.71185213429848,
        105.04639479287452,
        105.38093745145055,
        105.71548011002659,
        106.05002276860262,
        106.38456542717866,
        106.71910808575468,
        107.05365074433072,
        107.38819340290675,
        107.72273606148278,
        108.05727872005882,
        108.39182137863484,
        108.72636403721089,
        109.06090669578691,
        109.39544935436295,
        109.72999201293898,
        110.06453467151502,
        110.39907733009105,
        110.73361998866709,
        111.06816264724311,
        111.40270530581914,
        111.73724796439518,
        112.0717906229712,
        112.40633328154723,
        112.74087594012327,
        113.07541859869931,
        113.40996125727534,
        113.74450391585137,
        114.07904657442741,
        114.41358923300345,
        114.74813189157948,
        115.0826745501555,
        115.41721720873154,
        115.75175986730758,
        116.08630252588361,
        116.42084518445964,
        116.75538784303568,
        117.08993050161172,
        117.42447316018774,
        117.75901581876377,
        118.09355847733981,
        118.42810113591585,
        118.76264379449188,
        119.0971864530679,
        119.43172911164395,
        119.76627177021999,
        120.10081442879601,
        120.43535708737204,
        120.76989974594808,
        121.10444240452412,
        121.43898506310015,
        121.77352772167617,
        122.10807038025222,
        122.44261303882826,
        122.77715569740428,
        123.11169835598031,
        123.44624101455635,
        123.78078367313239,
        124.11532633170842,
        124.44986899028444,
        124.78441164886048,
        125.11895430743652,
        125.45349696601255,
        125.78803962458858,
        126.12258228316462,
        126.45712494174066,
        126.79166760031669,
        127.12621025889271,
        127.46075291746875,
        127.7952955760448,
        128.12983823462082,
        128.46438089319685,
        128.79892355177287,
        129.13346621034893,
        129.46800886892495,
        129.80255152750098,
        130.13709418607704,
        130.47163684465306,
        130.8061795032291,
        131.14072216180512,
        131.47526482038114,
        131.8098074789572,
        132.14435013753322,
        132.47889279610925,
        132.8134354546853,
        133.14797811326133,
        133.48252077183736,
        133.81706343041338,
        134.1516060889894,
        134.48614874756547,
        134.8206914061415,
        135.15523406471752,
        135.48977672329357,
        135.8243193818696,
        136.15886204044563
    ],
    "fidelitiesAtTimes": [
        0.9583404054446196,
        0.9645998018393633,
        0.965484002635773,
        0.9597513373355981,
        0.9551321946079238,
        0.9654743798216664,
        0.9647772464244987,
        0.969260129771059,
        0.9724253348563181,
        0.96515356911694,
        0.9698917701736163,
        0.9729562895444615,
        0.9760481982362919,
        0.9826072768036784,
        0.9821416245501536,
        0.9804664736288581,
        0.9859069851689455,
        0.9866143021234615,
        0.9905679807026491,
        0.9921792826511961,
        0.9912962832740018,
        0.9935829363856075,
        0.9942744697516286,
        0.9950440686120199,
        0.9952854032898972,
        0.9953439873905463,
        0.995778842738855,
        0.995924235882157,
        0.9958716595404393,
        0.995504776031475,
        0.9955617944840085,
        0.9955910384844241,
        0.9954842165319207,
        0.995400822013643,
        0.9952856177766691,
        0.9953053590242682,
        0.9953187276588403,
        0.9953024298012189,
        0.9952919734162269,
        0.9952932152045207,
        0.9952925863957244,
        0.9952918083603357,
        0.995291021970505,
        0.9952902301317861,
        0.995289429618959,
        0.9952886239770613,
        0.9952878190843293,
        0.9952869897484031,
        0.9952861710590979,
        0.995285327590649,
        0.9952844951059546,
        0.9952836375043572,
        0.9952827912239529,
        0.9952819194906442,
        0.9952810594166441,
        0.9952801735526396,
        0.9952792996846244,
        0.9952783996891222,
        0.9952775120269122,
        0.9952765978991328,
        0.9952756964440855,
        0.995274768185771,
        0.9952738529378966,
        0.9952729105482204,
        0.9952719815082341,
        0.9952710249885568,
        0.995270082157057,
        0.9952691115079977,
        0.9952681548845124,
        0.9952671701044278,
        0.9952661996881135,
        0.9952652007780738,
        0.9952642165704763,
        0.9952632035308857,
        0.9952622055293858,
        0.9952611783618558,
        0.9952601665671059,
        0.9952591252687519,
        0.995258099682282,
        0.9952570442558981,
        0.9952560048766868,
        0.9952549353215968,
        0.9952538821505289,
        0.9952527984668718,
        0.9952517315027279,
        0.9952506336909321,
        0.9952495529346198,
        0.9952484409938457,
        0.9952473464441646,
        0.9952462203750994,
        0.9952451120350314,
        0.9952439718387129,
        0.9952428497077671,
        0.9952416953839966,
        0.9952405594620167,
        0.9952393910086679,
        0.9952382412950442,
        0.9952370587134484,
        0.995235895209657,
        0.9952347165282538,
        0.9952335209698557,
        0.9952323284884195,
        0.9952311188057278,
        0.995229912532786,
        0.9952286887318283,
        0.9952274686583038,
        0.9952262307315287,
        0.9952249968665381,
        0.9952237448181496,
        0.9952224971598989,
        0.9952212309897565,
        0.9952199695355499,
        0.9952186892471561,
        0.9952174140012158,
        0.9952161195914095,
        0.9952148305548763
    ],
    "deviations": [
        [],
        [],
        [],
        []
    ],
    "fidelities1D_Dev": [
        [],
        [],
        [],
        []
    ],
    "fidelities2D_Theta_delta": null,
    "fidelities2D_Theta_omegaPhi": null,
    "fidelities2D_Theta_opTime": null,
    "fidelities2D_delta_omegaPhi": null,
    "fidelities2D_delta_opTime": null,
    "fidelities2D_omegaPhi_opTime": null
}