{
    "frequencies": [
        4.733295,
        4.183434,
        7.8998
    ],
    "anharmonicities": [
        -0.222696,
        -0.228889,
        -0.22
    ],
    "couplings": [
        0.05938000000000001,
        0.05861
    ],
    "creationTime": "2022-06-16 16:20:20",
    "comboSignal": false,
    "signalType": "arccos",
    "gateType": "iSWAP",
    "nOptimizationLvls": 4,
    "riseTime": 25,
    "dcAmplitude": 0.5622881814339864,
    "acAmplitude": 0.15670404000942495,
    "omegaPhi": 0.5505405856238452,
    "modulationTime": 53.0528338882043,
    "gateFidelity": 0.9996059655285473,
    "times": [
        39.62173670131713,
        39.95751413098932,
        40.293291560661494,
        40.62906899033367,
        40.96484642000585,
        41.30062384967803,
        41.63640127935021,
        41.97217870902239,
        42.307956138694564,
        42.64373356836675,
        42.979510998038926,
        43.3152884277111,
        43.65106585738329,
        43.986843287055464,
        44.32262071672764,
        44.65839814639982,
        44.994175576072,
        45.32995300574418,
        45.66573043541636,
        46.001507865088534,
        46.33728529476072,
        46.673062724432896,
        47.00884015410507,
        47.34461758377726,
        47.680395013449434,
        48.01617244312161,
        48.35194987279379,
        48.68772730246597,
        49.02350473213815,
        49.35928216181033,
        49.695059591482504,
        50.03083702115469,
        50.366614450826866,
        50.70239188049904,
        51.03816931017123,
        51.373946739843404,
        51.70972416951558,
        52.04550159918776,
        52.38127902885994,
        52.71705645853212,
        53.0528338882043,
        53.388611317876475,
        53.72438874754865,
        54.060166177220836,
        54.39594360689301,
        54.73172103656519,
        55.06749846623737,
        55.40327589590955,
        55.73905332558173,
        56.074830755253906,
        56.41060818492609,
        56.74638561459827,
        57.082163044270445,
        57.41794047394262,
        57.753717903614806,
        58.08949533328698,
        58.42527276295916,
        58.761050192631345,
        59.09682762230352,
        59.4326050519757,
        59.768382481647876,
        60.10415991132006,
        60.43993734099224,
        60.775714770664415,
        61.1114922003366,
        61.447269630008776,
        61.78304705968095,
        62.11882448935313,
        62.45460191902531,
        62.79037934869749,
        63.12615677836967,
        63.46193420804185,
        63.79771163771403,
        64.13348906738621,
        64.46926649705838,
        64.80504392673056,
        65.14082135640274,
        65.47659878607493,
        65.81237621574711,
        66.14815364541928,
        66.48393107509146,
        66.81970850476364,
        67.15548593443582,
        67.491263364108,
        67.82704079378018,
        68.16281822345236,
        68.49859565312454,
        68.83437308279672,
        69.1701505124689,
        69.50592794214107,
        69.84170537181325,
        70.17748280148544,
        70.51326023115762,
        70.8490376608298,
        71.18481509050197,
        71.52059252017415,
        71.85636994984633,
        72.1921473795185,
        72.5279248091907,
        72.86370223886287,
        73.19947966853505,
        73.53525709820723,
        73.8710345278794,
        74.20681195755158,
        74.54258938722376,
        74.87836681689595,
        75.21414424656813,
        75.5499216762403,
        75.88569910591248,
        76.22147653558466,
        76.55725396525683,
        76.89303139492901,
        77.2288088246012,
        77.56458625427337,
        77.90036368394556,
        78.23614111361773
    ],
    "fidelitiesAtTimes": [
        0.8767186213668362,
        0.9262893301336618,
        0.8966076395786221,
        0.9091732257380041,
        0.9398395894726385,
        0.9095561263322999,
        0.9413988867898029,
        0.9468679097042912,
        0.9307299854188509,
        0.9648948382938325,
        0.9529620639575487,
        0.9547818777416648,
        0.9775419461140074,
        0.9616507255323938,
        0.9744781614365564,
        0.9822611466252884,
        0.972833863005903,
        0.9873266752145573,
        0.985781066846316,
        0.984129111686228,
        0.9935381507687417,
        0.9896763151350934,
        0.992309404561739,
        0.996026824408181,
        0.993488017091987,
        0.9965660361217907,
        0.9973219649595892,
        0.9967306676281302,
        0.9984877907152182,
        0.9983919070973657,
        0.998559016952193,
        0.9991892290584475,
        0.9991336951085579,
        0.9992962508887377,
        0.9994260648866534,
        0.9994392142457429,
        0.9994958061208328,
        0.9995326166772166,
        0.9995578778424086,
        0.9995822669262182,
        0.9996059655285473,
        0.9996288530459262,
        0.9996511253439058,
        0.9996726309176293,
        0.9996935165324619,
        0.9997136399647502,
        0.9997331387033931,
        0.9997518798098308,
        0.99976999149103,
        0.9997873501010652,
        0.999804074559988,
        0.9998200505142257,
        0.9998353875957235,
        0.9998499807484189,
        0.9998639303111172,
        0.9998771405279434,
        0.9998897024426159,
        0.9999015296046254,
        0.9999127037555656,
        0.9999231477535997,
        0.9999329340375663,
        0.9999419947777337,
        0.9999503931055388,
        0.9999580705042824,
        0.9999650807973584,
        0.9999713747866806,
        0.9999769969814596,
        0.9999819075038353,
        0.9999861415478497,
        0.9999896685598838,
        0.9999925144146357,
        0.9999946578848071,
        0.9999961155243028,
        0.999996875434522,
        0.9999969448453058,
        0.9999963211897669,
        0.9999950023712596,
        0.9999929951571049,
        0.9999902881217931,
        0.9999868973689514,
        0.9999828021420065,
        0.9999780278836488,
        0.999972544503666,
        0.9999663867851151,
        0.9999595153021665,
        0.9999519741817565,
        0.9999437146595259,
        0.99993479020728,
        0.999925142723433,
        0.9999148350248477,
        0.9999037996671373,
        0.9998921088157676,
        0.9998796856881927,
        0.9998666117963113,
        0.9998528010136717,
        0.999838344201614,
        0.9998231458890972,
        0.9998073062942927,
        0.9997907205937009,
        0.9997734983606407,
        0.9997555254270326,
        0.9997369207168425,
        0.999717560714912,
        0.9996975737040442,
        0.9996768268134181,
        0.9996554576831164,
        0.9996333240991756,
        0.9996105730481132,
        0.9995870529684184,
        0.9995629202134907,
        0.9995380138601793,
        0.9995124996198808,
        0.9994862072244037,
        0.9994593117370212,
        0.9994316335419825,
        0.999403357057241
    ],
    "deviations": [
        [],
        [],
        [],
        []
    ],
    "fidelities1D_Dev": [
        [],
        [],
        [],
        []
    ],
    "fidelities2D_Theta_delta": null,
    "fidelities2D_Theta_omegaPhi": null,
    "fidelities2D_Theta_opTime": null,
    "fidelities2D_delta_omegaPhi": null,
    "fidelities2D_delta_opTime": null,
    "fidelities2D_omegaPhi_opTime": null
}