{
    "frequencies": [
        4.733295,
        4.183434,
        7.8998
    ],
    "anharmonicities": [
        -0.222696,
        -0.228889,
        -0.22
    ],
    "couplings": [
        0.05938000000000001,
        0.05861
    ],
    "creationTime": "2022-06-18 21:45:17",
    "comboSignal": false,
    "signalType": "cos",
    "gateType": "SWAP",
    "nOptimizationLvls": 4,
    "riseTime": 25,
    "theta": -0.35120678079286105,
    "delta": 0.08576894450059486,
    "omegaPhi": 0.5214861800536045,
    "modulationTime": 82.72966677465534,
    "gateFidelity": 0.9873431903520278,
    "times": [
        69.22278240328305,
        69.56045451256735,
        69.89812662185166,
        70.23579873113596,
        70.57347084042027,
        70.91114294970458,
        71.24881505898888,
        71.5864871682732,
        71.92415927755751,
        72.2618313868418,
        72.59950349612612,
        72.93717560541043,
        73.27484771469473,
        73.61251982397904,
        73.95019193326334,
        74.28786404254765,
        74.62553615183197,
        74.96320826111626,
        75.30088037040058,
        75.63855247968489,
        75.97622458896919,
        76.3138966982535,
        76.65156880753781,
        76.98924091682211,
        77.32691302610642,
        77.66458513539072,
        78.00225724467504,
        78.33992935395935,
        78.67760146324365,
        79.01527357252796,
        79.35294568181227,
        79.69061779109657,
        80.02828990038088,
        80.3659620096652,
        80.7036341189495,
        81.04130622823381,
        81.3789783375181,
        81.71665044680242,
        82.05432255608673,
        82.39199466537103,
        82.72966677465534,
        83.06733888393966,
        83.40501099322397,
        83.74268310250827,
        84.08035521179258,
        84.41802732107689,
        84.75569943036119,
        85.0933715396455,
        85.4310436489298,
        85.76871575821411,
        86.10638786749843,
        86.44405997678273,
        86.78173208606704,
        87.11940419535135,
        87.45707630463565,
        87.79474841391996,
        88.13242052320427,
        88.47009263248857,
        88.80776474177289,
        89.14543685105718,
        89.4831089603415,
        89.82078106962581,
        90.15845317891011,
        90.49612528819442,
        90.83379739747873,
        91.17146950676303,
        91.50914161604734,
        91.84681372533166,
        92.18448583461596,
        92.52215794390027,
        92.85983005318457,
        93.19750216246888,
        93.53517427175319,
        93.87284638103749,
        94.2105184903218,
        94.54819059960612,
        94.88586270889041,
        95.22353481817473,
        95.56120692745904,
        95.89887903674334,
        96.23655114602765,
        96.57422325531195,
        96.91189536459626,
        97.24956747388057,
        97.58723958316487,
        97.92491169244919,
        98.2625838017335,
        98.6002559110178,
        98.93792802030211,
        99.27560012958642,
        99.61327223887072,
        99.95094434815503,
        100.28861645743933,
        100.62628856672364,
        100.96396067600796,
        101.30163278529227,
        101.63930489457657,
        101.97697700386088,
        102.31464911314518,
        102.65232122242949,
        102.9899933317138,
        103.3276654409981,
        103.66533755028242,
        104.00300965956671,
        104.34068176885103,
        104.67835387813534,
        105.01602598741965,
        105.35369809670395,
        105.69137020598826,
        106.02904231527256,
        106.36671442455687,
        106.70438653384119,
        107.04205864312549,
        107.3797307524098,
        107.7174028616941,
        108.05507497097841
    ],
    "fidelitiesAtTimes": [
        0.726375186039444,
        0.7445436543112189,
        0.7824103580819307,
        0.82158834880672,
        0.8278942248310889,
        0.8041884036561602,
        0.8421109890454479,
        0.8477842784648963,
        0.8784053632706168,
        0.9073824477981333,
        0.9036290959718107,
        0.9087490869963315,
        0.9246261606542703,
        0.9284070347156554,
        0.948542818655065,
        0.9608566302958895,
        0.9589745685898692,
        0.9652629616258425,
        0.9691716560530896,
        0.9724177799431173,
        0.9808549022707214,
        0.9822978375717705,
        0.9820368651012243,
        0.9839541681288473,
        0.984599016817213,
        0.9864586294204098,
        0.9872272846341575,
        0.9870672259622919,
        0.9865105699667795,
        0.9872840256767056,
        0.9874192571578607,
        0.9874826203242266,
        0.9873558556441097,
        0.9871693262734306,
        0.987299202049271,
        0.9873791856488132,
        0.9873851164063374,
        0.987335943640859,
        0.9873446618330324,
        0.9873424192331248,
        0.9873431903520278,
        0.9873411740118325,
        0.987339167816898,
        0.9873371310597815,
        0.9873351048440402,
        0.9873330476659483,
        0.9873310014306231,
        0.9873289238332701,
        0.9873268575761539,
        0.9873247595627739,
        0.9873226732895158,
        0.9873205848236232,
        0.9873184481684809,
        0.9873163396948252,
        0.9873141826076669,
        0.9873120541270269,
        0.9873098766097448,
        0.9873077281265992,
        0.9873055301818552,
        0.987303361696745,
        0.9873011433247255,
        0.9872989548342413,
        0.9872967160328023,
        0.9872945075438337,
        0.9872922483143991,
        0.9872900198261793,
        0.9872877401704472,
        0.9872854916851084,
        0.9872831916031943,
        0.9872809231203906,
        0.9872786026103487,
        0.9872763141276145,
        0.9872739731944525,
        0.987271664712037,
        0.9872693033534052,
        0.9872669748673534,
        0.987264593081637,
        0.9872622445936223,
        0.9872598423832901,
        0.9872574738944632,
        0.9872550512626571,
        0.9872526627707543,
        0.9872502197141353,
        0.9872478112227047,
        0.9872453477435735,
        0.9872429192500315,
        0.9872404353485033,
        0.9872379868533873,
        0.9872354825278297,
        0.9872330140298132,
        0.98723048928669,
        0.9872280007899663,
        0.9872254556227492,
        0.9872229471272391,
        0.9872203815404486,
        0.9872178530459603,
        0.9872152670394598,
        0.9872127185485795,
        0.9872101511174733,
        0.9872075431385486,
        0.9872049557012701,
        0.9872023273098225,
        0.9871997198738154,
        0.9871970710685488,
        0.9871944436293971,
        0.9871917744141008,
        0.9871891269755804,
        0.987186437345583,
        0.9871837699098511,
        0.9871810598695205,
        0.9871783724356348,
        0.9871756419869042,
        0.987172934558895,
        0.9871701836968997,
        0.9871674562790652,
        0.9871646850094603
    ],
    "deviations": [
        [],
        [],
        [],
        []
    ],
    "fidelities1D_Dev": [
        [],
        [],
        [],
        []
    ],
    "fidelities2D_Theta_delta": null,
    "fidelities2D_Theta_omegaPhi": null,
    "fidelities2D_Theta_opTime": null,
    "fidelities2D_delta_omegaPhi": null,
    "fidelities2D_delta_opTime": null,
    "fidelities2D_omegaPhi_opTime": null
}