{
    "frequencies": [
        4.7381,
        4.2936,
        8.692
    ],
    "anharmonicities": [
        -0.221,
        -0.226,
        -0.08
    ],
    "couplings": [
        0.055,
        0.05574
    ],
    "creationTime": "2021-08-06 18:51:06",
    "signalType": "cos",
    "gateType": "CZ",
    "nOptimizationLvls": 4,
    "riseTime": 25,
    "theta": -0.41613191374106145,
    "delta": 0.0031898678993870395,
    "omegaPhi": 0.23047155040483702,
    "modulationTime": 113.33872670168023,
    "gateFidelity": 0.9979372899230532,
    "times": [
        99.92585963639263,
        100.26118131302482,
        100.59650298965701,
        100.9318246662892,
        101.2671463429214,
        101.60246801955358,
        101.93778969618577,
        102.27311137281797,
        102.60843304945016,
        102.94375472608235,
        103.27907640271454,
        103.61439807934673,
        103.9497197559789,
        104.2850414326111,
        104.62036310924329,
        104.95568478587548,
        105.29100646250767,
        105.62632813913986,
        105.96164981577205,
        106.29697149240424,
        106.63229316903643,
        106.96761484566862,
        107.30293652230081,
        107.638258198933,
        107.97357987556519,
        108.30890155219738,
        108.64422322882957,
        108.97954490546176,
        109.31486658209396,
        109.65018825872615,
        109.98550993535834,
        110.32083161199053,
        110.65615328862272,
        110.9914749652549,
        111.32679664188709,
        111.66211831851928,
        111.99743999515147,
        112.33276167178366,
        112.66808334841585,
        113.00340502504804,
        113.33872670168023,
        113.67404837831242,
        114.00937005494461,
        114.3446917315768,
        114.68001340820899,
        115.01533508484118,
        115.35065676147337,
        115.68597843810556,
        116.02130011473776,
        116.35662179136995,
        116.69194346800214,
        117.02726514463431,
        117.3625868212665,
        117.6979084978987,
        118.03323017453089,
        118.36855185116308,
        118.70387352779527,
        119.03919520442746,
        119.37451688105965,
        119.70983855769184,
        120.04516023432403,
        120.38048191095622,
        120.71580358758841,
        121.0511252642206,
        121.38644694085279,
        121.72176861748498,
        122.05709029411717,
        122.39241197074936,
        122.72773364738154,
        123.06305532401373,
        123.39837700064592,
        123.73369867727811,
        124.0690203539103,
        124.4043420305425,
        124.73966370717469,
        125.07498538380688,
        125.41030706043907,
        125.74562873707126,
        126.08095041370345,
        126.41627209033564,
        126.75159376696783,
        127.08691544360002,
        127.42223712023221,
        127.7575587968644,
        128.0928804734966,
        128.42820215012878,
        128.76352382676097,
        129.09884550339316,
        129.43416718002536,
        129.76948885665755,
        130.10481053328974,
        130.44013220992193,
        130.77545388655412,
        131.1107755631863,
        131.44609723981847,
        131.78141891645066,
        132.11674059308285,
        132.45206226971504,
        132.78738394634723,
        133.12270562297942,
        133.45802729961162,
        133.7933489762438,
        134.128670652876,
        134.4639923295082,
        134.79931400614038,
        135.13463568277257,
        135.46995735940476,
        135.80527903603695,
        136.14060071266914,
        136.47592238930133,
        136.81124406593352,
        137.1465657425657,
        137.4818874191979,
        137.8172090958301,
        138.15253077246228,
        138.48785244909448
    ],
    "fidelitiesAtTimes": [
        0.9789162138509357,
        0.9798453312449837,
        0.9798252979692699,
        0.9799423912964269,
        0.9809322972828026,
        0.9826870136062087,
        0.9845951826462251,
        0.9860384781568708,
        0.9867524060824158,
        0.9870206394203983,
        0.9874074473779423,
        0.9882125222907503,
        0.9892799495107081,
        0.9902468843740634,
        0.990865365269299,
        0.991172969955598,
        0.9914261675961227,
        0.9918421810269278,
        0.9924315014239694,
        0.993061637060839,
        0.9935912361072198,
        0.9939594947229494,
        0.9942186235626819,
        0.9944637188040872,
        0.9947358491573646,
        0.9950228993001533,
        0.9953057238857651,
        0.9955657347029583,
        0.9957924780493391,
        0.995999194677289,
        0.9962054114787208,
        0.9964136170419182,
        0.9966167388483209,
        0.9968096664440264,
        0.9969911167590345,
        0.997163466330824,
        0.9973295919757664,
        0.9974899116163911,
        0.9976444556520303,
        0.9977936083427259,
        0.9979372899230532,
        0.9980753444496472,
        0.9982078046508033,
        0.9983346350219957,
        0.9984558568208197,
        0.9985714578311539,
        0.9986814075374545,
        0.9987857312540452,
        0.9988844290152455,
        0.9989774408220382,
        0.9990648224197175,
        0.9991465333852508,
        0.9992226059201015,
        0.9992930232337006,
        0.9993578162965736,
        0.9994169393409896,
        0.9994704213558363,
        0.9995182450295941,
        0.9995604241387035,
        0.999596949073801,
        0.9996278287529474,
        0.9996530582964084,
        0.9996726295822228,
        0.9996865394784372,
        0.9996947885215304,
        0.9996973794517018,
        0.9996943091636934,
        0.9996855824796101,
        0.9996711957574274,
        0.9996511591925257,
        0.9996254658469905,
        0.9995941266801506,
        0.9995571042225263,
        0.9995144494351254,
        0.9994661119854074,
        0.9994121313664961,
        0.9993524810418666,
        0.9992871917094567,
        0.9992162345072935,
        0.9991396828775019,
        0.9990574280517228,
        0.9989695928356028,
        0.9988760948162823,
        0.9987769764056512,
        0.9986721791968932,
        0.9985617346617379,
        0.998445619816241,
        0.9983238895021449,
        0.9981965008678519,
        0.9980635097370971,
        0.9979248644841009,
        0.9977806904403288,
        0.9976308668160208,
        0.9974754685864493,
        0.9973144223955959,
        0.9971478070986727,
        0.996975509907702,
        0.9967976433615876,
        0.9966141703823522,
        0.9964251018300632,
        0.9962303438221592,
        0.9960300318721261,
        0.9958240801197495,
        0.9956125883117629,
        0.995395472169722,
        0.995172889472774,
        0.9949446128935181,
        0.9947108207702311,
        0.9944714136182012,
        0.994226491671254,
        0.993976034624696,
        0.9937200838862783,
        0.9934585778720668,
        0.9931915971644741,
        0.9929190460917706,
        0.9926410127542434
    ],
    "deviations": [
        [],
        [],
        [],
        []
    ],
    "fidelities1D_Dev": [
        [],
        [],
        [],
        []
    ],
    "fidelities2D_Theta_delta": null,
    "fidelities2D_Theta_omegaPhi": null,
    "fidelities2D_Theta_opTime": null,
    "fidelities2D_delta_omegaPhi": null,
    "fidelities2D_delta_opTime": null,
    "fidelities2D_omegaPhi_opTime": null
}