{
    "frequencies": [
        4.7381,
        4.2936,
        8.692
    ],
    "anharmonicities": [
        -0.221,
        -0.226,
        -0.08
    ],
    "couplings": [
        0.055,
        0.05574
    ],
    "creationTime": "2021-08-07 17:22:13",
    "comboSignal": false,
    "signalType": "cos",
    "gateType": "CZ",
    "nOptimizationLvls": 4,
    "riseTime": 25,
    "theta": -0.362179594,
    "delta": 0.0601198837,
    "omegaPhi": 0.256936485,
    "modulationTime": 100.193369,
    "gateFidelity": 0.9981339615522365,
    "times": [
        86.78957381605352,
        87.12466869565219,
        87.45976357525085,
        87.7948584548495,
        88.12995333444817,
        88.46504821404683,
        88.80014309364549,
        89.13523797324416,
        89.47033285284282,
        89.80542773244149,
        90.14052261204014,
        90.4756174916388,
        90.81071237123747,
        91.14580725083613,
        91.4809021304348,
        91.81599701003346,
        92.15109188963211,
        92.48618676923078,
        92.82128164882944,
        93.1563765284281,
        93.49147140802677,
        93.82656628762543,
        94.1616611672241,
        94.49675604682275,
        94.83185092642141,
        95.16694580602008,
        95.50204068561874,
        95.8371355652174,
        96.17223044481607,
        96.50732532441472,
        96.8424202040134,
        97.17751508361205,
        97.5126099632107,
        97.84770484280938,
        98.18279972240803,
        98.5178946020067,
        98.85298948160536,
        99.18808436120402,
        99.52317924080269,
        99.85827412040135,
        100.193369,
        100.52846387959866,
        100.86355875919732,
        101.19865363879599,
        101.53374851839465,
        101.86884339799332,
        102.20393827759197,
        102.53903315719063,
        102.8741280367893,
        103.20922291638796,
        103.54431779598661,
        103.87941267558529,
        104.21450755518394,
        104.54960243478261,
        104.88469731438127,
        105.21979219397994,
        105.5548870735786,
        105.88998195317726,
        106.22507683277593,
        106.56017171237458,
        106.89526659197324,
        107.23036147157191,
        107.56545635117057,
        107.90055123076924,
        108.2356461103679,
        108.57074098996655,
        108.90583586956522,
        109.24093074916388,
        109.57602562876255,
        109.91112050836121,
        110.24621538795986,
        110.58131026755854,
        110.91640514715719,
        111.25150002675585,
        111.58659490635452,
        111.92168978595318,
        112.25678466555185,
        112.5918795451505,
        112.92697442474918,
        113.26206930434783,
        113.59716418394649,
        113.93225906354516,
        114.26735394314382,
        114.60244882274247,
        114.93754370234115,
        115.2726385819398,
        115.60773346153847,
        115.94282834113713,
        116.27792322073579,
        116.61301810033446,
        116.94811297993311,
        117.28320785953179,
        117.61830273913044,
        117.9533976187291,
        118.28849249832777,
        118.62358737792643,
        118.95868225752508,
        119.29377713712375,
        119.62887201672241,
        119.96396689632108,
        120.29906177591974,
        120.63415665551841,
        120.96925153511707,
        121.30434641471572,
        121.6394412943144,
        121.97453617391305,
        122.30963105351171,
        122.64472593311038,
        122.97982081270904,
        123.3149156923077,
        123.65001057190636,
        123.98510545150502,
        124.32020033110369,
        124.65529521070235,
        124.99039009030102,
        125.32548496989968
    ],
    "fidelitiesAtTimes": [
        0.9907546750591454,
        0.9904139802082014,
        0.9934877318402368,
        0.9958004643326108,
        0.9961469424478893,
        0.9967759730115127,
        0.9964705784666463,
        0.9980771851279968,
        0.9964675680503168,
        0.9972775113370851,
        0.9976627145669191,
        0.9971576513209897,
        0.9964835892869213,
        0.994932866958617,
        0.9958268838942855,
        0.9978546784756499,
        0.9983498007434062,
        0.9982306266168166,
        0.9981071231026111,
        0.9975168454075696,
        0.998433731013247,
        0.9980664694154034,
        0.9979251915245758,
        0.9979874347399175,
        0.9980555028869166,
        0.9984486800069593,
        0.9982216916333732,
        0.9979221386151533,
        0.9980812143277713,
        0.9981051764748938,
        0.9982112492850195,
        0.9981622117001512,
        0.9980340300007674,
        0.9981339708541878,
        0.9981479845695084,
        0.9981522416641919,
        0.9981353656668096,
        0.998121850135489,
        0.9981326417725395,
        0.9981343748189893,
        0.9981339615522365,
        0.9981339292239797,
        0.9981338961669832,
        0.998133858149617,
        0.9981338188357238,
        0.998133774035224,
        0.9981337280808141,
        0.9981336772020626,
        0.9981336257445392,
        0.9981335663784051,
        0.9981335068803571,
        0.9981334420588699,
        0.9981333766502697,
        0.9981333038731914,
        0.9981332302576413,
        0.9981331514342422,
        0.9981330718812791,
        0.9981329868483616,
        0.998132901302592,
        0.9981328087401694,
        0.9981327170457226,
        0.9981326180590987,
        0.9981325168896882,
        0.9981324104243985,
        0.9981323035334368,
        0.9981321904705899,
        0.9981320772127041,
        0.9981319576767955,
        0.9981318385592761,
        0.9981317120999547,
        0.9981315869355459,
        0.9981314542938456,
        0.998131320530345,
        0.9981311817765313,
        0.9981310427646605,
        0.9981308958285267,
        0.9981307505086748,
        0.9981305994570263,
        0.9981304450225836,
        0.9981302856382597,
        0.998130125128364,
        0.9981299603348395,
        0.9981297927497051,
        0.9981296202032958,
        0.9981294469821929,
        0.9981292674628316,
        0.9981290873186334,
        0.9981289018604353,
        0.99812871406374,
        0.9981285217213701,
        0.9981283289469991,
        0.9981281298425934,
        0.9981279308873503,
        0.998127724710252,
        0.9981275190209429,
        0.9981273059803151,
        0.9981270930957699,
        0.9981268723838295,
        0.9981266535541646,
        0.9981264277236883,
        0.9981261999506394,
        0.9981259681294714,
        0.9981257334640965,
        0.998125494059361,
        0.9981252541045402,
        0.9981250081442786,
        0.9981247611512833,
        0.9981245064164053,
        0.9981242514840298,
        0.9981239907031089,
        0.9981237280352732,
        0.9981234605070174,
        0.9981231911983077,
        0.9981229166145665,
        0.9981226414657325,
        0.9981223597716067
    ],
    "deviations": [
        [],
        [],
        [],
        []
    ],
    "fidelities1D_Dev": [
        [],
        [],
        [],
        []
    ],
    "fidelities2D_Theta_delta": null,
    "fidelities2D_Theta_omegaPhi": null,
    "fidelities2D_Theta_opTime": null,
    "fidelities2D_delta_omegaPhi": null,
    "fidelities2D_delta_opTime": null,
    "fidelities2D_omegaPhi_opTime": null
}