{
    "frequencies": [
        4.7381,
        4.2936,
        8.692
    ],
    "anharmonicities": [
        -0.221,
        -0.226,
        -0.08
    ],
    "couplings": [
        0.055,
        0.05574
    ],
    "creationTime": "2021-08-05 20:33:33",
    "comboSignal": false,
    "signalType": "cos",
    "gateType": "iSWAP",
    "nOptimizationLvls": 4,
    "riseTime": 25,
    "theta": -0.41285696128958954,
    "delta": 0.04092537724525174,
    "omegaPhi": 0.4451023845381257,
    "modulationTime": 51.358377390052844,
    "gateFidelity": 0.9991782498506707,
    "times": [
        37.843014918986306,
        38.18089898076297,
        38.51878304253964,
        38.8566671043163,
        39.194551166092964,
        39.53243522786963,
        39.87031928964629,
        40.20820335142295,
        40.546087413199615,
        40.88397147497628,
        41.22185553675294,
        41.5597395985296,
        41.89762366030627,
        42.235507722082936,
        42.5733917838596,
        42.91127584563626,
        43.249159907412924,
        43.58704396918959,
        43.92492803096625,
        44.26281209274291,
        44.600696154519575,
        44.938580216296245,
        45.27646427807291,
        45.61434833984957,
        45.95223240162623,
        46.290116463402896,
        46.62800052517956,
        46.96588458695622,
        47.303768648732884,
        47.64165271050955,
        47.97953677228621,
        48.31742083406288,
        48.65530489583954,
        48.993188957616205,
        49.33107301939287,
        49.66895708116953,
        50.00684114294619,
        50.344725204722856,
        50.68260926649952,
        51.02049332827618,
        51.358377390052844,
        51.69626145182951,
        52.03414551360617,
        52.37202957538283,
        52.709913637159495,
        53.04779769893616,
        53.38568176071282,
        53.72356582248949,
        54.06144988426615,
        54.399333946042816,
        54.73721800781948,
        55.07510206959614,
        55.412986131372804,
        55.75087019314947,
        56.08875425492613,
        56.42663831670279,
        56.764522378479455,
        57.10240644025612,
        57.44029050203279,
        57.77817456380945,
        58.11605862558611,
        58.453942687362776,
        58.79182674913944,
        59.1297108109161,
        59.467594872692764,
        59.80547893446943,
        60.14336299624609,
        60.48124705802276,
        60.81913111979942,
        61.157015181576085,
        61.49489924335275,
        61.83278330512941,
        62.17066736690607,
        62.508551428682736,
        62.8464354904594,
        63.18431955223606,
        63.522203614012724,
        63.86008767578939,
        64.19797173756605,
        64.53585579934271,
        64.87373986111938,
        65.21162392289604,
        65.5495079846727,
        65.88739204644938,
        66.22527610822604,
        66.5631601700027,
        66.90104423177937,
        67.23892829355603,
        67.57681235533269,
        67.91469641710935,
        68.25258047888602,
        68.59046454066268,
        68.92834860243934,
        69.266232664216,
        69.60411672599267,
        69.94200078776933,
        70.279884849546,
        70.61776891132266,
        70.95565297309932,
        71.29353703487598,
        71.63142109665264,
        71.96930515842931,
        72.30718922020597,
        72.64507328198263,
        72.9829573437593,
        73.32084140553596,
        73.65872546731262,
        73.99660952908928,
        74.33449359086596,
        74.67237765264262,
        75.01026171441929,
        75.34814577619595,
        75.68602983797261,
        76.02391389974927,
        76.36179796152594,
        76.6996820233026
    ],
    "fidelitiesAtTimes": [
        0.8423544951267861,
        0.8979217985535841,
        0.8750960587677101,
        0.8616549459419941,
        0.9155203681113901,
        0.919365913710308,
        0.8877523268775442,
        0.9189972215770486,
        0.9448677504240182,
        0.9176826523137487,
        0.9271932363927018,
        0.9638692872463308,
        0.9519450715044521,
        0.9449622094470203,
        0.9703404375017944,
        0.971908772347988,
        0.9593920521927453,
        0.9740892216494579,
        0.9866365613021923,
        0.9794723749115978,
        0.9826108425700937,
        0.9916382805178736,
        0.9883321674374865,
        0.9868428999064701,
        0.993728671382169,
        0.9960981740431671,
        0.9948999996005898,
        0.9966838857101642,
        0.9980073997551976,
        0.9973445400954072,
        0.9977070391401929,
        0.9987216888942314,
        0.9989612755364854,
        0.998970009404065,
        0.9990894116505761,
        0.9991293631113362,
        0.9991364145073998,
        0.9991527519705447,
        0.9991609337572752,
        0.9991694215796059,
        0.9991782498506707,
        0.9991854240209838,
        0.9991909268075727,
        0.9991947650338879,
        0.9991969309612919,
        0.9991974334821766,
        0.9991962623343127,
        0.9991934290782121,
        0.9991889233760499,
        0.9991827552877683,
        0.9991749111479417,
        0.9991654074775299,
        0.9991542173233074,
        0.9991413729618259,
        0.9991268493671333,
        0.9991106721339659,
        0.9990928151748146,
        0.9990733053725286,
        0.9990521160217496,
        0.9990292728451626,
        0.9990047482218862,
        0.998978547882811,
        0.9989506616518152,
        0.9989211219769778,
        0.998889896547524,
        0.998857036051937,
        0.9988224910350667,
        0.9987862970521837,
        0.9987483971775829,
        0.9987088487345662,
        0.9986676131909388,
        0.9986247502026782,
        0.9985801797861612,
        0.9985339845351119,
        0.9984861149083499,
        0.9984366071711579,
        0.9983853694326518,
        0.9983325163762148,
        0.9982779882712608,
        0.9982218218402927,
        0.9981639708527481,
        0.9981044881520317,
        0.9980432629325655,
        0.9979804301405434,
        0.9979159098655911,
        0.997849772820701,
        0.9977818880717493,
        0.99771236955511,
        0.9976411562956422,
        0.9975683143304268,
        0.9974937827041648,
        0.9974176230003199,
        0.9973397626491781,
        0.9972602800973608,
        0.9971790992170166,
        0.997096297377249,
        0.9970118460479082,
        0.9969257999123974,
        0.9968381020024925,
        0.9967487192988778,
        0.9966576419779394,
        0.9965649475743256,
        0.9964705898110736,
        0.9963746572822295,
        0.9962770019047398,
        0.9961777225090518,
        0.9960767262078447,
        0.9959741477708434,
        0.9958698844585581,
        0.9957640466252998,
        0.9956565229643294,
        0.995547403074452,
        0.9954365961652535,
        0.9953241745412473,
        0.9952099823767224,
        0.9950941867783574
    ],