{
    "frequencies": [
        4.7381,
        4.2936,
        8.692
    ],
    "anharmonicities": [
        -0.221,
        -0.226,
        -0.08
    ],
    "couplings": [
        0.055,
        0.05574
    ],
    "creationTime": "2021-08-12 16:06:09",
    "signalType": "arccos",
    "gateType": "iSWAP",
    "nOptimizationLvls": 4,
    "riseTime": 25,
    "dcAmplitude": 0.5142558374303631,
    "acAmplitude": 0.0699362333472409,
    "omegaPhi": 0.4599212153626692,
    "modulationTime": 90.0357948524622,
    "gateFidelity": 0.9987236140836353,
    "times": [
        76.6475725695682,
        76.98227812664055,
        77.3169836837129,
        77.65168924078525,
        77.9863947978576,
        78.32110035492995,
        78.65580591200231,
        78.99051146907465,
        79.325217026147,
        79.65992258321936,
        79.99462814029171,
        80.32933369736405,
        80.6640392544364,
        80.99874481150876,
        81.33345036858111,
        81.66815592565345,
        82.0028614827258,
        82.33756703979816,
        82.6722725968705,
        83.00697815394285,
        83.34168371101521,
        83.67638926808756,
        84.0110948251599,
        84.34580038223226,
        84.68050593930461,
        85.01521149637696,
        85.3499170534493,
        85.68462261052166,
        86.01932816759401,
        86.35403372466635,
        86.6887392817387,
        87.02344483881106,
        87.35815039588341,
        87.69285595295575,
        88.02756151002811,
        88.36226706710046,
        88.69697262417282,
        89.03167818124516,
        89.36638373831751,
        89.70108929538986,
        90.0357948524622,
        90.37050040953456,
        90.70520596660691,
        91.03991152367925,
        91.3746170807516,
        91.70932263782396,
        92.04402819489631,
        92.37873375196865,
        92.71343930904101,
        93.04814486611336,
        93.38285042318572,
        93.71755598025806,
        94.05226153733041,
        94.38696709440276,
        94.7216726514751,
        95.05637820854746,
        95.39108376561981,
        95.72578932269217,
        96.0604948797645,
        96.39520043683686,
        96.72990599390921,
        97.06461155098157,
        97.3993171080539,
        97.73402266512626,
        98.06872822219862,
        98.40343377927096,
        98.73813933634331,
        99.07284489341566,
        99.40755045048802,
        99.74225600756037,
        100.07696156463271,
        100.41166712170507,
        100.74637267877742,
        101.08107823584976,
        101.41578379292211,
        101.75048934999447,
        102.08519490706682,
        102.41990046413916,
        102.75460602121152,
        103.08931157828387,
        103.42401713535622,
        103.75872269242856,
        104.09342824950092,
        104.42813380657327,
        104.76283936364561,
        105.09754492071797,
        105.43225047779032,
        105.76695603486267,
        106.10166159193501,
        106.43636714900737,
        106.77107270607972,
        107.10577826315208,
        107.44048382022442,
        107.77518937729677,
        108.10989493436912,
        108.44460049144146,
        108.77930604851382,
        109.11401160558617,
        109.44871716265853,
        109.78342271973086,
        110.11812827680322,
        110.45283383387557,
        110.78753939094793,
        111.12224494802027,
        111.45695050509262,
        111.79165606216498,
        112.12636161923731,
        112.46106717630967,
        112.79577273338202,
        113.13047829045438,
        113.46518384752673,
        113.79988940459907,
        114.13459496167143,
        114.46930051874378,
        114.80400607581612,
        115.13871163288847
    ],
    "fidelitiesAtTimes": [
        0.9161547172269644,
        0.9403512744540838,
        0.9560281431229448,
        0.937245941755308,
        0.9486829770605538,
        0.9690286920335162,
        0.9560388200178661,
        0.9569357046867191,
        0.9759876091274519,
        0.9711447152439024,
        0.9660771826238321,
        0.9806048709849854,
        0.9825573186938318,
        0.9762121622484126,
        0.9841764397175087,
        0.9891460686199055,
        0.9844178305351807,
        0.9875109701144689,
        0.9925720203625206,
        0.9901843947452701,
        0.9905222745436856,
        0.9943365898091843,
        0.9941304122758907,
        0.9936010259734139,
        0.9955690667072755,
        0.9960711342207709,
        0.9956339413202825,
        0.9964559802989529,
        0.9970843587344387,
        0.9970156569542332,
        0.9972804283944688,
        0.9976582181385757,
        0.9977770814183705,
        0.9978992269411424,
        0.9980803469506132,
        0.9982203994914991,
        0.9983297216999283,
        0.9984325704512479,
        0.9985332877657956,
        0.998630393259171,
        0.9987236140836353,
        0.998813405642746,
        0.9988997617818527,
        0.9989826443892337,
        0.9990620841887207,
        0.9991380118445244,
        0.9992104755437881,
        0.9992794912940189,
        0.9993450916406182,
        0.9994072183286857,
        0.9994658614793703,
        0.9995210648172632,
        0.9995727725048049,
        0.9996210255916635,
        0.999665820194806,
        0.9997071648315028,
        0.9997450488201391,
        0.9997794594980025,
        0.9998103925653201,
        0.9998378578710119,
        0.9998618686098769,
        0.9998824111848957,
        0.9998994853238363,
        0.9999130923029635,
        0.999923227326104,
        0.9999298958921496,
        0.9999330906472208,
        0.9999328205188978,
        0.9999290746059499,
        0.9999218647515725,
        0.999911177343572,
        0.999897027992386,
        0.9998794001507868,
        0.9998583129559495,
        0.9998337472119367,
        0.9998057253383857,
        0.9997742215245555,
        0.9997392804598529,
        0.9997008439615668,
        0.9996589543071408,
        0.9996136065400314,
        0.9995647854554527,
        0.9995124787200368,
        0.9994567275886064,
        0.9993974913183765,
        0.9993348114901238,
        0.999268650248936,
        0.9991990500571692,
        0.9991259582313925,
        0.9990494348292751,
        0.99896943297401,
        0.9988860328631155,
        0.9987991138512324,
        0.9987087553143132,
        0.9986149112425021,
        0.9985176453690281,
        0.9984168910845485,
        0.998312725623635,
        0.998205078598972,
        0.9980940103553424,
        0.9979794638630981,
        0.9978615669834815,
        0.9977401326309797,
        0.9976152915170955,
        0.9974869651884196,
        0.9973552219348653,
        0.9972200073438204,
        0.9970813809495954,
        0.9969392824192951,
        0.9967937927656291,
        0.9966448250136972,
        0.9964924751381927,
        0.996336662429395,
        0.9961774613600379,
        0.9960147831385399,
        0.9958487338698607
    ],