{
    "frequencies": [
        4.7381,
        4.2936,
        8.692
    ],
    "anharmonicities": [
        -0.221,
        -0.226,
        -0.08
    ],
    "couplings": [
        0.055,
        0.05574
    ],
    "creationTime": "2021-08-07 17:16:06",
    "gateType": "CZ",
    "nOptimizationLvls": 4,
    "riseTime": 25,
    "theta": -0.362188251498442,
    "delta": 0.060131725120623036,
    "omegaPhi": 0.2569534382400626,
    "modulationTime": 100.19265872887567,
    "gateFidelity": 0.9974666962871266,
    "times": [
        86.78895856447758,
        87.12405106858753,
        87.45914357269749,
        87.79423607680744,
        88.12932858091739,
        88.46442108502734,
        88.79951358913729,
        89.13460609324724,
        89.4696985973572,
        89.80479110146715,
        90.13988360557711,
        90.47497610968706,
        90.81006861379701,
        91.14516111790697,
        91.48025362201692,
        91.81534612612687,
        92.15043863023682,
        92.48553113434677,
        92.82062363845672,
        93.15571614256667,
        93.49080864667663,
        93.82590115078658,
        94.16099365489653,
        94.49608615900648,
        94.83117866311643,
        95.16627116722638,
        95.50136367133634,
        95.83645617544629,
        96.17154867955624,
        96.50664118366619,
        96.84173368777614,
        97.1768261918861,
        97.51191869599604,
        97.847011200106,
        98.18210370421595,
        98.5171962083259,
        98.85228871243586,
        99.18738121654582,
        99.52247372065577,
        99.85756622476572,
        100.19265872887567,
        100.52775123298562,
        100.86284373709557,
        101.19793624120553,
        101.53302874531548,
        101.86812124942543,
        102.20321375353538,
        102.53830625764533,
        102.87339876175528,
        103.20849126586523,
        103.54358376997519,
        103.87867627408514,
        104.21376877819509,
        104.54886128230504,
        104.88395378641499,
        105.21904629052496,
        105.55413879463491,
        105.88923129874486,
        106.22432380285481,
        106.55941630696476,
        106.89450881107472,
        107.22960131518467,
        107.56469381929462,
        107.89978632340457,
        108.23487882751452,
        108.56997133162447,
        108.90506383573442,
        109.24015633984438,
        109.57524884395433,
        109.91034134806428,
        110.24543385217423,
        110.58052635628418,
        110.91561886039413,
        111.25071136450408,
        111.58580386861404,
        111.92089637272399,
        112.25598887683394,
        112.59108138094389,
        112.92617388505386,
        113.26126638916381,
        113.59635889327376,
        113.93145139738371,
        114.26654390149366,
        114.60163640560361,
        114.93672890971357,
        115.27182141382352,
        115.60691391793347,
        115.94200642204342,
        116.27709892615337,
        116.61219143026332,
        116.94728393437327,
        117.28237643848323,
        117.61746894259318,
        117.95256144670313,
        118.28765395081308,
        118.62274645492303,
        118.95783895903298,
        119.29293146314293,
        119.62802396725289,
        119.96311647136284,
        120.29820897547279,
        120.63330147958274,
        120.96839398369269,
        121.30348648780264,
        121.6385789919126,
        121.97367149602255,
        122.3087640001325,
        122.64385650424245,
        122.9789490083524,
        123.31404151246237,
        123.64913401657232,
        123.98422652068227,
        124.31931902479222,
        124.65441152890217,
        124.98950403301212,
        125.32459653712208
    ],
    "fidelitiesAtTimes": [
        0.9901225544242689,
        0.9901281595395905,
        0.9926301366950527,
        0.9946353219593579,
        0.9955609408309043,
        0.9961167128563012,
        0.9957133390829354,
        0.9973872338264593,
        0.9956155150929806,
        0.9967163643424319,
        0.9968167961871597,
        0.9964422450096337,
        0.9958891672629969,
        0.9941400159735565,
        0.9948601173522093,
        0.9972682487665206,
        0.997591677672302,
        0.9974682492146524,
        0.9974096064621694,
        0.9967732244876123,
        0.9977341021463555,
        0.9973553504979066,
        0.9972090540345118,
        0.9972893744321502,
        0.9973593410534833,
        0.997683982765953,
        0.9976043538983627,
        0.9972181308665071,
        0.9973962207301872,
        0.9974300251398335,
        0.9975255594297157,
        0.9974848084137402,
        0.9973691563112137,
        0.9974520078577604,
        0.9974776341168365,
        0.9974841415244529,
        0.9974617291100019,
        0.9974548815288511,
        0.9974634141277962,
        0.9974663774601996,
        0.9974666962871266,
        0.9974673428064715,
        0.997467980844101,
        0.9974686210665251,
        0.9974692526137723,
        0.9974698852969193,
        0.997470512071291,
        0.9974711389905518,
        0.997471757202943,
        0.9974723766434177,
        0.9974729886581024,
        0.9974735987427895,
        0.997474204112569,
        0.9974748096317102,
        0.9974754105271805,
        0.9974760080158326,
        0.997476600908829,
        0.997477194456881,
        0.997477783104505,
        0.9974783698200588,
        0.9974789550758689,
        0.997479534972423,
        0.9974801128652657,
        0.9974806887581714,
        0.9974812541051611,
        0.9974818208082867,
        0.997482382379116,
        0.9974829416379013,
        0.99748349593901,
        0.9974840485907777,
        0.9974845985719918,
        0.9974851469701683,
        0.9974856906611148,
        0.9974862292238564,
        0.9974867662024998,
        0.9974873011397477,
        0.9974878278579926,
        0.9974883564178152,
        0.9974888792054288,
        0.9974894005737529,
        0.9974899162251448,
        0.9974904303327529,
        0.9974909397199863,
        0.9974914478950392,
        0.9974919499030609,
        0.9974924513566071,
        0.9974929444819672,
        0.997493435965427,
        0.9974939223039098,
        0.9974944049233517,
        0.9974948834246037,
        0.9974953602337535,
        0.9974958312615287,
        0.9974962990083064,
        0.9974967613996043,
        0.9974972242106086,
        0.9974976822238052,
        0.997498139042948,
        0.9974985905248677,
        0.9974990371085364,
        0.9974994818587983,
        0.9974999253533927,
        0.9975003633737417,
        0.997500800175058,
        0.9975012306286815,
        0.9975016569442869,
        0.9975020803105927,
        0.9975025025102242,
        0.9975029193388314,
        0.9975033360220609,
        0.9975037470312922,
        0.9975041551967869,
        0.9975045593530594,
        0.9975049621160622,
        0.9975053581026622,
        0.9975057524745246
    ],
    "deviations": [
        [],
        [],
        [],
        []
    ],
    "fidelities1D_Dev": [
        [],
        [],
        [],
        []
    ],
    "fidelities2D_Theta_delta": null,
    "fidelities2D_Theta_omegaPhi": null,
    "fidelities2D_Theta_opTime": null,
    "fidelities2D_delta_omegaPhi": null,
    "fidelities2D_delta_opTime": null,
    "fidelities2D_omegaPhi_opTime": null
}