{
    "frequencies": [
        4.7381,
        4.2936,
        8.692
    ],
    "anharmonicities": [
        -0.221,
        -0.226,
        -0.08
    ],
    "couplings": [
        0.055,
        0.05574
    ],
    "creationTime": "2021-08-08 17:59:42",
    "comboSignal": false,
    "signalType": "cos",
    "gateType": "CZ",
    "nOptimizationLvls": 4,
    "riseTime": 25,
    "theta": -0.4162448141856844,
    "delta": 0.003944723654774024,
    "omegaPhi": 0.2559942940977789,
    "modulationTime": 82.69582003373391,
    "gateFidelity": 0.9910181462965767,
    "times": [
        69.19446166087938,
        69.53199562020075,
        69.86952957952211,
        70.20706353884347,
        70.54459749816485,
        70.88213145748621,
        71.21966541680757,
        71.55719937612893,
        71.8947333354503,
        72.23226729477166,
        72.56980125409302,
        72.90733521341438,
        73.24486917273575,
        73.58240313205711,
        73.91993709137847,
        74.25747105069983,
        74.5950050100212,
        74.93253896934256,
        75.27007292866392,
        75.60760688798528,
        75.94514084730665,
        76.28267480662801,
        76.62020876594937,
        76.95774272527073,
        77.2952766845921,
        77.63281064391346,
        77.97034460323482,
        78.30787856255618,
        78.64541252187755,
        78.98294648119891,
        79.32048044052027,
        79.65801439984163,
        79.995548359163,
        80.33308231848436,
        80.67061627780572,
        81.0081502371271,
        81.34568419644846,
        81.68321815576982,
        82.02075211509118,
        82.35828607441255,
        82.69582003373391,
        83.03335399305527,
        83.37088795237663,
        83.708421911698,
        84.04595587101936,
        84.38348983034072,
        84.72102378966208,
        85.05855774898345,
        85.39609170830481,
        85.73362566762617,
        86.07115962694753,
        86.4086935862689,
        86.74622754559026,
        87.08376150491162,
        87.42129546423298,
        87.75882942355435,
        88.09636338287571,
        88.43389734219707,
        88.77143130151843,
        89.1089652608398,
        89.44649922016117,
        89.78403317948253,
        90.1215671388039,
        90.45910109812526,
        90.79663505744662,
        91.13416901676798,
        91.47170297608935,
        91.80923693541071,
        92.14677089473207,
        92.48430485405343,
        92.8218388133748,
        93.15937277269616,
        93.49690673201752,
        93.83444069133888,
        94.17197465066025,
        94.50950860998161,
        94.84704256930297,
        95.18457652862433,
        95.5221104879457,
        95.85964444726706,
        96.19717840658842,
        96.53471236590978,
        96.87224632523115,
        97.20978028455251,
        97.54731424387387,
        97.88484820319523,
        98.2223821625166,
        98.55991612183796,
        98.89745008115932,
        99.23498404048068,
        99.57251799980205,
        99.91005195912341,
        100.24758591844477,
        100.58511987776615,
        100.9226538370875,
        101.26018779640887,
        101.59772175573022,
        101.9352557150516,
        102.27278967437294,
        102.61032363369432,
        102.94785759301567,
        103.28539155233705,
        103.62292551165841,
        103.96045947097977,
        104.29799343030113,
        104.6355273896225,
        104.97306134894386,
        105.31059530826522,
        105.64812926758658,
        105.98566322690795,
        106.32319718622931,
        106.66073114555067,
        106.99826510487203,
        107.3357990641934,
        107.67333302351476,
        108.01086698283612
    ],
    "fidelitiesAtTimes": [
        0.9597705383277866,
        0.960450076028813,
        0.9623482467191475,
        0.9651995278178198,
        0.9674815320817783,
        0.9684119715967281,
        0.9687048145369138,
        0.969477863929448,
        0.9711004829138108,
        0.9731191796409935,
        0.9748161128338897,
        0.9758028676165008,
        0.9763215760309535,
        0.9769411016386863,
        0.9779301068508577,
        0.9790462925882917,
        0.9799167050392514,
        0.9804577617087407,
        0.9808937267246662,
        0.981479738136958,
        0.9822682216009909,
        0.983097749308923,
        0.9837781229071163,
        0.9842708953723756,
        0.9846882490551412,
        0.9851465308712563,
        0.9856616205231594,
        0.9861708362367219,
        0.9866196419854166,
        0.9870126793016633,
        0.9873954440254924,
        0.9878003364673189,
        0.9882193806698261,
        0.9886241552400945,
        0.9889999300702474,
        0.989353337133225,
        0.9896971747153174,
        0.9900364848987092,
        0.9903703695752155,
        0.9906973902219244,
        0.9910181462965767,
        0.9913329623531457,
        0.9916419940150355,
        0.991945132175011,
        0.9922424741878348,
        0.9925339156523716,
        0.9928195480973466,
        0.9930992757133751,
        0.9933731689404575,
        0.993641140405364,
        0.9939032028618187,
        0.9941593393192715,
        0.9944096326021526,
        0.9946540596907514,
        0.9948926221943362,
        0.995125239814865,
        0.995351982295168,
        0.9955727748922264,
        0.9957876842512998,
        0.9959966413039305,
        0.996199696313527,
        0.9963967899532898,
        0.9965879774481714,
        0.9967731965120882,
        0.9969524959708211,
        0.9971258229034697,
        0.997293221360378,
        0.9974546437883463,
        0.9976100911702108,
        0.9977595581977023,
        0.9979030641943973,
        0.998040554149726,
        0.9981721528199745,
        0.998297808050616,
        0.9984175024162848,
        0.9985312014409085,
        0.9986389347268677,
        0.998740645475411,
        0.9988364123862958,
        0.9989261864580335,
        0.9990099832085848,
        0.9990877802747695,
        0.9991595783532714,
        0.9992253704360106,
        0.9992851890993754,
        0.9993390045253422,
        0.9993868415242801,
        0.9994286925672888,
        0.9994645486849629,
        0.9994944064122107,
        0.9995182660823676,
        0.9995361289283149,
        0.9995479900037665,
        0.9995538554392553,
        0.9995537167569728,
        0.9995475847714458,
        0.9995354463369506,
        0.9995173227144323,
        0.9994931997590459,
        0.9994630889765823,
        0.9994269789295585,
        0.9993848834759536,
        0.9993367823463487,
        0.9992827044758699,
        0.999222620794329,
        0.9991565448405915,
        0.999084459617311,
        0.9990064055167374,
        0.9989223654855273,
        0.9988323633502901,
        0.9987363324955731,
        0.9986343393994648,
        0.9985263390930932,
        0.9984123875649541,
        0.9982924259422816,
        0.9981665261910206
    ],
    "deviations": [
        [],
        [],
        [],
        []
    ],
    "fidelities1D_Dev": [
        [],
        [],
        [],
        []
    ],
    "fidelities2D_Theta_delta": null,
    "fidelities2D_Theta_omegaPhi": null,
    "fidelities2D_Theta_opTime": null,
    "fidelities2D_delta_omegaPhi": null,
    "fidelities2D_delta_opTime": null,
    "fidelities2D_omegaPhi_opTime": null
}