{
    "frequencies": [
        4.7381,
        4.2936,
        8.692
    ],
    "anharmonicities": [
        -0.221,
        -0.226,
        -0.08
    ],
    "couplings": [
        0.055,
        0.05574
    ],
    "creationTime": "2021-08-12 00:15:24",
    "comboSignal": false,
    "signalType": "arccos",
    "gateType": "iSWAP",
    "nOptimizationLvls": 4,
    "riseTime": 25,
    "dcAmplitude": 0.5190674970809862,
    "acAmplitude": 0.12222792683975725,
    "omegaPhi": 0.4456745553298289,
    "modulationTime": 50.36403303407825,
    "gateFidelity": 0.9993714743939822,
    "times": [
        36.843487253117644,
        37.181500897641655,
        37.51951454216567,
        37.857528186689684,
        38.1955418312137,
        38.533555475737714,
        38.87156912026173,
        39.20958276478574,
        39.54759640930976,
        39.88561005383378,
        40.22362369835779,
        40.56163734288181,
        40.89965098740582,
        41.23766463192984,
        41.57567827645385,
        41.91369192097787,
        42.25170556550188,
        42.5897192100259,
        42.92773285454991,
        43.26574649907393,
        43.603760143597945,
        43.94177378812196,
        44.279787432645975,
        44.617801077169986,
        44.955814721694004,
        45.293828366218015,
        45.631842010742034,
        45.969855655266045,
        46.30786929979006,
        46.645882944314074,
        46.98389658883809,
        47.32191023336211,
        47.65992387788612,
        47.99793752241014,
        48.33595116693415,
        48.67396481145817,
        49.01197845598218,
        49.3499921005062,
        49.68800574503021,
        50.02601938955423,
        50.36403303407825,
        50.702046678602265,
        51.04006032312628,
        51.378073967650295,
        51.71608761217431,
        52.054101256698324,
        52.39211490122234,
        52.73012854574635,
        53.06814219027037,
        53.40615583479438,
        53.7441694793184,
        54.08218312384242,
        54.42019676836643,
        54.75821041289045,
        55.09622405741446,
        55.43423770193848,
        55.77225134646249,
        56.11026499098651,
        56.44827863551052,
        56.78629228003454,
        57.124305924558556,
        57.46231956908257,
        57.800333213606585,
        58.138346858130596,
        58.476360502654614,
        58.814374147178626,
        59.152387791702644,
        59.49040143622666,
        59.82841508075067,
        60.166428725274685,
        60.5044423697987,
        60.84245601432272,
        61.18046965884673,
        61.51848330337075,
        61.85649694789476,
        62.19451059241878,
        62.53252423694279,
        62.87053788146681,
        63.20855152599083,
        63.54656517051484,
        63.88457881503886,
        64.22259245956288,
        64.56060610408689,
        64.8986197486109,
        65.23663339313491,
        65.57464703765893,
        65.91266068218295,
        66.25067432670696,
        66.58868797123097,
        66.926701615755,
        67.264715260279,
        67.60272890480302,
        67.94074254932704,
        68.27875619385105,
        68.61676983837506,
        68.95478348289907,
        69.2927971274231,
        69.63081077194711,
        69.96882441647112,
        70.30683806099515,
        70.64485170551916,
        70.98286535004317,
        71.32087899456718,
        71.6588926390912,
        71.99690628361522,
        72.33491992813923,
        72.67293357266325,
        73.01094721718727,
        73.34896086171128,
        73.68697450623529,
        74.02498815075931,
        74.36300179528332,
        74.70101543980734,
        75.03902908433136,
        75.37704272885537,
        75.71505637337938
    ],
    "fidelitiesAtTimes": [
        0.8622498849361848,
        0.8829813128550793,
        0.8438821093678657,
        0.8698246172126899,
        0.9167617100569828,
        0.8831630527377724,
        0.8829870000000041,
        0.9316853291138308,
        0.9227592165482184,
        0.9050241559104748,
        0.9413076068397187,
        0.9544162625645833,
        0.9322658116800936,
        0.9488221309655087,
        0.9716412181446316,
        0.9587013481695834,
        0.9602177468053311,
        0.9808497566291333,
        0.9780065359078837,
        0.9724346441898446,
        0.9848407456390845,
        0.9895040450924949,
        0.9847558377936669,
        0.9892331831086061,
        0.9945279270636445,
        0.9924573247103077,
        0.9930071429634131,
        0.9967022831610969,
        0.99729644577306,
        0.9969998248586425,
        0.9981585521935294,
        0.9987819727751497,
        0.9986949083604646,
        0.9989114193134123,
        0.9991451037256137,
        0.9991801476800027,
        0.999221053042033,
        0.999278768434664,
        0.9993147482578586,
        0.9993440150298591,
        0.9993714743939822,
        0.9993969082544399,
        0.9994203788029539,
        0.9994418915824879,
        0.9994614368025898,
        0.9994790288825612,
        0.9994946599313949,
        0.999508329201585,
        0.9995200394541328,
        0.9995297872896984,
        0.9995375766853666,
        0.9995434029728365,
        0.9995472704855997,
        0.9995491702934851,
        0.999549115138274,
        0.9995470934598696,
        0.9995431152304185,
        0.9995371694788512,
        0.9995292701367136,
        0.9995194024174365,
        0.9995075783849391,
        0.9994937754850746,
        0.9994780185446149,
        0.9994602967506017,
        0.9994406308073829,
        0.9994189930957489,
        0.9993954051987618,
        0.9993698370373046,
        0.9993423216692172,
        0.9993128154122664,
        0.9992813783198322,
        0.9992479732017806,
        0.9992125974288907,
        0.9991752414233666,
        0.9991359391777968,
        0.9990946586352847,
        0.9990514371117548,
        0.9990062344405395,
        0.998959088856554,
        0.9989099576053995,
        0.9988588875355771,
        0.9988058384550277,
        0.9987508549423296,
        0.9986938842487424,
        0.9986349791328859,
        0.9985740895311453,
        0.9985112671115463,
        0.9984464622137516,
        0.9983797326758875,
        0.9983110192774184,
        0.998240377447619,
        0.998167784405981,
        0.998093232453958,
        0.99801669117183,
        0.9979382220677749,
        0.9978577708776759,
        0.9977753953777609,
        0.9976910305665673,
        0.9976047430234578,
        0.9975164731724095,
        0.9974262932255676,
        0.9973341270658598,
        0.9972400500814853,
        0.9971439843496205,
        0.9970460127211009,
        0.9969460465750692,
        0.9968441730680446,
        0.9967403139475499,
        0.9966345582417342,
        0.996526867065276,
        0.9964172756252478,
        0.9963057027938069,
        0.9961921706474032,
        0.9960766574103619,
        0.9959592521769185,
        0.9958399197868111
    ],
    "deviations": [
        [],
        [],
        [],
        []
    ],
    "fidelities1D_Dev": [
        [],
        [],
        [],
        []
    ],
    "fidelities2D_Theta_delta": null,
    "fidelities2D_Theta_omegaPhi": null,
    "fidelities2D_Theta_opTime": null,
    "fidelities2D_delta_omegaPhi": null,
    "fidelities2D_delta_opTime": null,
    "fidelities2D_omegaPhi_opTime": null
}