{
    "frequencies": [
        4.7381,
        4.2936,
        8.692
    ],
    "anharmonicities": [
        -0.221,
        -0.226,
        -0.08
    ],
    "couplings": [
        0.055,
        0.05574
    ],
    "creationTime": "2021-08-08 17:59:42",
    "comboSignal": false,
    "signalType": "cos",
    "gateType": "CZ",
    "nOptimizationLvls": 4,
    "riseTime": 25,
    "theta": -0.416231724,
    "delta": 0.00401741336,
    "omegaPhi": 0.255969092,
    "modulationTime": 82.6877299,
    "gateFidelity": 0.9945775518707591,
    "times": [
        69.18769236530612,
        69.52519330367346,
        69.8626942420408,
        70.20019518040816,
        70.5376961187755,
        70.87519705714286,
        71.2126979955102,
        71.55019893387754,
        71.8876998722449,
        72.22520081061224,
        72.56270174897958,
        72.90020268734693,
        73.23770362571427,
        73.57520456408163,
        73.91270550244897,
        74.25020644081631,
        74.58770737918367,
        74.92520831755101,
        75.26270925591835,
        75.60021019428571,
        75.93771113265305,
        76.2752120710204,
        76.61271300938775,
        76.95021394775509,
        77.28771488612244,
        77.62521582448979,
        77.96271676285714,
        78.30021770122448,
        78.63771863959182,
        78.97521957795918,
        79.31272051632652,
        79.65022145469386,
        79.98772239306122,
        80.32522333142856,
        80.66272426979592,
        81.00022520816326,
        81.3377261465306,
        81.67522708489795,
        82.0127280232653,
        82.35022896163264,
        82.6877299,
        83.02523083836734,
        83.36273177673468,
        83.70023271510203,
        84.03773365346937,
        84.37523459183673,
        84.71273553020407,
        85.05023646857141,
        85.38773740693877,
        85.72523834530611,
        86.06273928367347,
        86.40024022204081,
        86.73774116040815,
        87.0752420987755,
        87.41274303714285,
        87.75024397551019,
        88.08774491387754,
        88.42524585224488,
        88.76274679061224,
        89.10024772897958,
        89.43774866734692,
        89.77524960571428,
        90.11275054408162,
        90.45025148244898,
        90.78775242081632,
        91.12525335918366,
        91.46275429755102,
        91.80025523591836,
        92.1377561742857,
        92.47525711265305,
        92.8127580510204,
        93.15025898938775,
        93.48775992775509,
        93.82526086612245,
        94.16276180448979,
        94.50026274285713,
        94.83776368122449,
        95.17526461959183,
        95.51276555795917,
        95.85026649632653,
        96.18776743469387,
        96.52526837306122,
        96.86276931142856,
        97.2002702497959,
        97.53777118816326,
        97.8752721265306,
        98.21277306489796,
        98.5502740032653,
        98.88777494163264,
        99.22527588,
        99.56277681836734,
        99.90027775673468,
        100.23777869510204,
        100.57527963346938,
        100.91278057183673,
        101.25028151020408,
        101.58778244857143,
        101.92528338693877,
        102.26278432530611,
        102.60028526367347,
        102.93778620204081,
        103.27528714040815,
        103.61278807877551,
        103.95028901714285,
        104.28778995551019,
        104.62529089387755,
        104.9627918322449,
        105.30029277061224,
        105.63779370897959,
        105.97529464734694,
        106.31279558571428,
        106.65029652408163,
        106.98779746244898,
        107.32529840081632,
        107.66279933918366,
        108.00030027755102
    ],
    "fidelitiesAtTimes": [
        0.9664207538529499,
        0.9670037184327033,
        0.9687871922868723,
        0.9715627257340763,
        0.9738149954186517,
        0.9747176346325045,
        0.9749438202250822,
        0.9756024867197917,
        0.977082683501402,
        0.9789721629810618,
        0.9805865631392647,
        0.9815241324482076,
        0.9819809959589915,
        0.9825052041782506,
        0.9833918254661944,
        0.9844351279141741,
        0.9852654070419968,
        0.9857678579783062,
        0.98613481915379,
        0.986620458880188,
        0.987304647129155,
        0.9880521203404665,
        0.98867094215083,
        0.9891018087673048,
        0.9894437343865826,
        0.9898199817046704,
        0.9902601017987174,
        0.9907051479028997,
        0.9910919209371011,
        0.9914154496119452,
        0.9917204403338781,
        0.9920456294714557,
        0.9923882885470409,
        0.9927193531037167,
        0.9930208160280571,
        0.9932980156052649,
        0.9935647125141621,
        0.9938272468671343,
        0.9940843462433755,
        0.9943342351298761,
        0.9945775518707591,
        0.9948148851414247,
        0.9950463823270533,
        0.9952719612479909,
        0.9954916921281782,
        0.9957055078690967,
        0.9959134881372259,
        0.9961155330667637,
        0.9963116838643383,
        0.9965018990887993,
        0.9966862308551623,
        0.9968646189864909,
        0.997037118370297,
        0.9972036023817313,
        0.9973641934386679,
        0.9975188417039214,
        0.9976675670155025,
        0.9978103657245715,
        0.997947235607439,
        0.9980782040895502,
        0.9982032526924096,
        0.9983223442764203,
        0.9984355461887588,
        0.9985427867990619,
        0.9986440915407317,
        0.9987394318181193,
        0.9988288309781869,
        0.9989122633851298,
        0.9989897213187777,
        0.999061212888698,
        0.9991267719457892,
        0.9991863668160086,
        0.999240022972991,
        0.9992877005500824,
        0.9993294206900274,
        0.9993651869345929,
        0.9993949886781163,
        0.9994188255290751,
        0.9994366951734042,
        0.9994486008929234,
        0.9994545354207933,
        0.9994545129041258,
        0.9994485232434013,
        0.9994365789810239,
        0.9994186622085852,
        0.9993947914968672,
        0.9993649540285257,
        0.999329167359121,
        0.9992874108799153,
        0.9992397096973292,
        0.9991860373657462,
        0.9991264248861412,
        0.999060838216576,
        0.9989893162058957,
        0.99891182264338,
        0.9988284031436312,
        0.9987390278650736,
        0.9986436698882741,
        0.9985423636349401,
        0.9984351383839067,
        0.9983219409984168,
        0.9982027978951518,
        0.9980776857187907,
        0.9979466980959917,
        0.9978097704469604,
        0.99766694363569,
        0.9975181614414487,
        0.997363422128507,
        0.9972027634821407,
        0.9970362542285489,
        0.9968637962968956,
        0.9966854634404129,
        0.9965011562147825,
        0.9963110511969738,
        0.9961149654864745,
        0.9959130405145411
    ],
    "deviations": [
        [],
        [],
        [],
        []
    ],
    "fidelities1D_Dev": [
        [],
        [],
        [],
        []
    ],
    "fidelities2D_Theta_delta": null,
    "fidelities2D_Theta_omegaPhi": null,
    "fidelities2D_Theta_opTime": null,
    "fidelities2D_delta_omegaPhi": null,
    "fidelities2D_delta_opTime": null,
    "fidelities2D_omegaPhi_opTime": null
}