{
    "frequencies": [
        4.7381,
        4.2936,
        8.692
    ],
    "anharmonicities": [
        -0.221,
        -0.226,
        -0.08
    ],
    "couplings": [
        0.055,
        0.05574
    ],
    "creationTime": "2021-08-08 15:21:35",
    "comboSignal": false,
    "signalType": "cos",
    "gateType": "CZ",
    "nOptimizationLvls": 4,
    "riseTime": 25,
    "theta": -0.41590090520051665,
    "delta": 0.0033900952799878897,
    "omegaPhi": 0.22046188990916843,
    "modulationTime": 104.66354683096617,
    "gateFidelity": 0.9956041826494475,
    "times": [
        91.20199739933065,
        91.53853613512153,
        91.87507487091243,
        92.21161360670331,
        92.5481523424942,
        92.88469107828509,
        93.22122981407598,
        93.55776854986686,
        93.89430728565775,
        94.23084602144864,
        94.56738475723952,
        94.90392349303042,
        95.2404622288213,
        95.5770009646122,
        95.91353970040308,
        96.25007843619397,
        96.58661717198486,
        96.92315590777574,
        97.25969464356663,
        97.59623337935751,
        97.93277211514841,
        98.26931085093929,
        98.60584958673019,
        98.94238832252107,
        99.27892705831196,
        99.61546579410285,
        99.95200452989374,
        100.28854326568462,
        100.6250820014755,
        100.9616207372664,
        101.29815947305728,
        101.63469820884818,
        101.97123694463906,
        102.30777568042996,
        102.64431441622084,
        102.98085315201173,
        103.31739188780261,
        103.65393062359351,
        103.99046935938439,
        104.32700809517527,
        104.66354683096617,
        105.00008556675705,
        105.33662430254793,
        105.67316303833883,
        106.00970177412971,
        106.3462405099206,
        106.68277924571149,
        107.01931798150238,
        107.35585671729326,
        107.69239545308416,
        108.02893418887504,
        108.36547292466592,
        108.70201166045682,
        109.0385503962477,
        109.3750891320386,
        109.71162786782948,
        110.04816660362037,
        110.38470533941125,
        110.72124407520215,
        111.05778281099303,
        111.39432154678391,
        111.73086028257481,
        112.06739901836569,
        112.40393775415659,
        112.74047648994747,
        113.07701522573836,
        113.41355396152925,
        113.75009269732014,
        114.08663143311102,
        114.42317016890192,
        114.7597089046928,
        115.09624764048368,
        115.43278637627458,
        115.76932511206546,
        116.10586384785636,
        116.44240258364724,
        116.77894131943813,
        117.11548005522901,
        117.4520187910199,
        117.78855752681079,
        118.12509626260167,
        118.46163499839257,
        118.79817373418345,
        119.13471246997435,
        119.47125120576523,
        119.80778994155612,
        120.144328677347,
        120.4808674131379,
        120.81740614892878,
        121.15394488471966,
        121.49048362051056,
        121.82702235630144,
        122.16356109209234,
        122.50009982788322,
        122.83663856367411,
        123.173177299465,
        123.50971603525588,
        123.84625477104677,
        124.18279350683767,
        124.51933224262855,
        124.85587097841943,
        125.19240971421033,
        125.52894845000121,
        125.86548718579209,
        126.20202592158299,
        126.53856465737388,
        126.87510339316476,
        127.21164212895565,
        127.54818086474654,
        127.88471960053742,
        128.2212583363283,
        128.5577970721192,
        128.8943358079101,
        129.23087454370096,
        129.56741327949186,
        129.90395201528275
    ],
    "fidelitiesAtTimes": [
        0.9756700062246907,
        0.9755404688741167,
        0.9755288344607314,
        0.9766245937930158,
        0.9787896476452513,
        0.9811061436849791,
        0.9826305810839042,
        0.9831695035729041,
        0.9832511262529049,
        0.983511273599366,
        0.9842551780998304,
        0.9853971793879918,
        0.98656639289661,
        0.9873582426210374,
        0.9876721933285306,
        0.9877980568394916,
        0.988121539385262,
        0.9887655875001394,
        0.9895318955921961,
        0.9901551961768936,
        0.9905552887468779,
        0.9908215380464501,
        0.9910562734234567,
        0.9913272945124507,
        0.9916886143257881,
        0.992132062132159,
        0.9925624251524054,
        0.9928908127292226,
        0.9931242896213085,
        0.993333204595533,
        0.9935675520299501,
        0.9938266097927844,
        0.9940867621703264,
        0.9943303936186869,
        0.994550380384922,
        0.9947466160817161,
        0.9949277420646947,
        0.9951040332626511,
        0.9952773610829808,
        0.9954442382182712,
        0.9956041826494475,
        0.9957586762719848,
        0.9959080061352136,
        0.9960521378408707,
        0.9961911217575011,
        0.9963249170372637,
        0.9964535583250201,
        0.9965769830919307,
        0.9966952762392672,
        0.9968083713307925,
        0.9969163013991093,
        0.9970190470203267,
        0.9971166051864777,
        0.9972089451843452,
        0.9972961058601095,
        0.9973780888798288,
        0.9974548903405918,
        0.9975264742286905,
        0.9975928736982175,
        0.9976540709476657,
        0.9977100909067131,
        0.9977608998467289,
        0.99780652601175,
        0.9978469496401308,
        0.9978821685933882,
        0.9979121890501517,
        0.9979370120178392,
        0.99795663605814,
        0.9979710664866495,
        0.9979802931459378,
        0.9979843091436031,
        0.9979831249910394,
        0.9979767282896406,
        0.9979651318599352,
        0.9979483206372345,
        0.9979263127626072,
        0.9978990893277444,
        0.9978666802447176,
        0.9978290571806856,
        0.9977862460278584,
        0.9977382210602045,
        0.9976849935325633,
        0.9976265480674245,
        0.9975629180225936,
        0.9974940693442452,
        0.9974200439173366,
        0.9973408010220872,
        0.9972563869133788,
        0.9971667553774258,
        0.9970719961990575,
        0.99697204840779,
        0.9968669432403298,
        0.9967566768096929,
        0.99664118972479,
        0.9965204950920553,
        0.9963946341312233,
        0.9962635870871381,
        0.9961274037559151,
        0.9959860216711005,
        0.9958394922926489,
        0.99568774142023,
        0.9955308614028432,
        0.9953687851253049,
        0.995201544455971,
        0.9950291522860908,
        0.9948516475215822,
        0.9946689500714709,
        0.9944811778063428,
        0.9942882263240611,
        0.9940901829301513,
        0.9938869557497719,
        0.993678655852689,
        0.9934651649038472,
        0.9932465981574212,
        0.9930228725279505,
        0.992794078596886
    ],
    "deviations": [
        [],
        [],
        [],
        []
    ],
    "fidelities1D_Dev": [
        [],
        [],
        [],
        []
    ],
    "fidelities2D_Theta_delta": null,
    "fidelities2D_Theta_omegaPhi": null,
    "fidelities2D_Theta_opTime": null,
    "fidelities2D_delta_omegaPhi": null,
    "fidelities2D_delta_opTime": null,
    "fidelities2D_omegaPhi_opTime": null
}