{
    "frequencies": [
        4.7381,
        4.2936,
        8.692
    ],
    "anharmonicities": [
        -0.221,
        -0.226,
        -0.08
    ],
    "couplings": [
        0.055,
        0.05574
    ],
    "creationTime": "2021-08-17 03:40:12",
    "comboSignal": false,
    "signalType": "cos",
    "gateType": "SWAP",
    "nOptimizationLvls": 4,
    "riseTime": 25,
    "theta": -0.40636273235314924,
    "delta": 0.02407853535569114,
    "omegaPhi": 0.47728397214470936,
    "modulationTime": 127.39604311860955,
    "gateFidelity": 0.992417732514169,
    "times": [
        113.98593331665066,
        114.32118606169962,
        114.6564388067486,
        114.99169155179757,
        115.32694429684655,
        115.66219704189551,
        115.99744978694449,
        116.33270253199346,
        116.66795527704244,
        117.0032080220914,
        117.33846076714038,
        117.67371351218935,
        118.00896625723833,
        118.3442190022873,
        118.67947174733627,
        119.01472449238524,
        119.34997723743422,
        119.6852299824832,
        120.02048272753215,
        120.35573547258113,
        120.6909882176301,
        121.02624096267908,
        121.36149370772804,
        121.69674645277702,
        122.031999197826,
        122.36725194287497,
        122.70250468792393,
        123.03775743297291,
        123.37301017802189,
        123.70826292307086,
        124.04351566811982,
        124.3787684131688,
        124.71402115821778,
        125.04927390326675,
        125.38452664831571,
        125.71977939336469,
        126.05503213841367,
        126.39028488346264,
        126.7255376285116,
        127.06079037356058,
        127.39604311860955,
        127.73129586365853,
        128.0665486087075,
        128.40180135375647,
        128.73705409880546,
        129.07230684385442,
        129.40755958890338,
        129.74281233395237,
        130.07806507900133,
        130.4133178240503,
        130.7485705690993,
        131.08382331414825,
        131.41907605919724,
        131.7543288042462,
        132.08958154929516,
        132.42483429434415,
        132.7600870393931,
        133.09533978444207,
        133.43059252949107,
        133.76584527454003,
        134.10109801958902,
        134.43635076463798,
        134.77160350968694,
        135.10685625473593,
        135.4421089997849,
        135.77736174483385,
        136.11261448988284,
        136.4478672349318,
        136.78311997998077,
        137.11837272502976,
        137.45362547007872,
        137.7888782151277,
        138.12413096017667,
        138.45938370522563,
        138.79463645027462,
        139.12988919532359,
        139.46514194037258,
        139.80039468542154,
        140.1356474304705,
        140.4709001755195,
        140.80615292056845,
        141.1414056656174,
        141.4766584106664,
        141.81191115571536,
        142.14716390076433,
        142.48241664581332,
        142.81766939086228,
        143.15292213591127,
        143.48817488096023,
        143.8234276260092,
        144.15868037105818,
        144.49393311610714,
        144.8291858611561,
        145.1644386062051,
        145.49969135125406,
        145.83494409630305,
        146.170196841352,
        146.50544958640097,
        146.84070233144996,
        147.17595507649892,
        147.51120782154788,
        147.84646056659687,
        148.18171331164584,
        148.5169660566948,
        148.8522188017438,
        149.18747154679275,
        149.52272429184174,
        149.8579770368907,
        150.19322978193966,
        150.52848252698865,
        150.86373527203762,
        151.1989880170866,
        151.53424076213557,
        151.86949350718453,
        152.20474625223352,
        152.53999899728248
    ],
    "fidelitiesAtTimes": [
        0.8516674459578073,
        0.8764302936187762,
        0.8464805104133764,
        0.87170080477175,
        0.9021098331859223,
        0.8754318325280159,
        0.8893990863199065,
        0.9201696030614157,
        0.9051038669454389,
        0.9102653254802344,
        0.9389884097175107,
        0.9322279757018945,
        0.9318425974360995,
        0.9526099465297229,
        0.9510588084553182,
        0.948554855365782,
        0.9632132174554748,
        0.9659100255275559,
        0.9631379263036033,
        0.9722218377501785,
        0.9761661799947868,
        0.9747361807928578,
        0.9789200204901016,
        0.9815816076910966,
        0.9806987384569382,
        0.983011553706875,
        0.9855343469587414,
        0.9857975596533921,
        0.9866811785437912,
        0.987982681100533,
        0.9885052983513155,
        0.9889511312212299,
        0.9894874284291035,
        0.9898531717616492,
        0.990227066726292,
        0.990695338047028,
        0.9911341526774844,
        0.9914760601963893,
        0.9917873787360089,
        0.9921055094074628,
        0.992417732514169,
        0.9927218564579265,
        0.9930181551239068,
        0.9933065270956446,
        0.9935870571653831,
        0.9938596601373488,
        0.9941243943005752,
        0.9943811902672405,
        0.9946301033410754,
        0.994871057518694,
        0.9951041169687793,
        0.9953292068498716,
        0.9955463805816465,
        0.9957555801128258,
        0.99595685197414,
        0.9961501421893262,
        0.9963354905899106,
        0.996512848857756,
        0.9966822580150841,
        0.9968436688785383,
        0.9969971172442886,
        0.9971425619433647,
        0.9972800341080357,
        0.9974094974687796,
        0.9975309795081408,
        0.9976444449317101,
        0.9977499198211751,
        0.9978473771369616,
        0.9979368354314546,
        0.9980182704363646,
        0.998091700538804,
        0.9981571064771819,
        0.9982145014047387,
        0.9982638718646892,
        0.998305225255405,
        0.9983385545297901,
        0.9983638626923058,
        0.9983811485793781,
        0.9983904104438613,
        0.9983916517006615,
        0.9983848663760195,
        0.9983700634390134,
        0.998347235920862,
        0.9983163957022875,
        0.9982775288388751,
        0.9982306462711458,
        0.998175732076702,
        0.9981128134655826,
        0.9980418775659535,
        0.9979629303408041,
        0.9978759547767655,
        0.9977809881572443,
        0.9976780006558179,
        0.9975670273477416,
        0.9974480297505373,
        0.9973210531409362,
        0.9971860603287936,
        0.9970431021449088,
        0.9968921322667169,
        0.9967332053997578,
        0.9965662733601907,
        0.9963913962899419,
        0.9962085206897406,
        0.9960177467592096,
        0.995818943288176,
        0.9956122583025028,
        0.9953975540971104,
        0.9951749442828388,
        0.9949443586113189,
        0.9947058782432278,
        0.9944594303722567,
        0.9942051038015229,
        0.9939428236951173,
        0.993672692755671,
        0.9933946154076368,
        0.9931086997901014
    ],
    "deviations": [
        [],
        [],
        [],
        []
    ],
    "fidelities1D_Dev": [
        [],
        [],
        [],
        []
    ],
    "fidelities2D_Theta_delta": null,
    "fidelities2D_Theta_omegaPhi": null,
    "fidelities2D_Theta_opTime": null,
    "fidelities2D_delta_omegaPhi": null,
    "fidelities2D_delta_opTime": null,
    "fidelities2D_omegaPhi_opTime": null
}