{
    "frequencies": [
        4.7381,
        4.2936,
        8.692
    ],
    "anharmonicities": [
        -0.221,
        -0.226,
        -0.08
    ],
    "couplings": [
        0.055,
        0.05574
    ],
    "creationTime": "2021-08-05 18:03:05",
    "comboSignal": false,
    "signalType": "cos",
    "gateType": "iSWAP",
    "nOptimizationLvls": 4,
    "riseTime": 25,
    "theta": -0.413212116649121,
    "delta": 0.03274189265119053,
    "omegaPhi": 0.4534069298159744,
    "modulationTime": 95.93716029798107,
    "gateFidelity": 0.9992678522731984,
    "times": [
        82.42488419967387,
        82.76269110213155,
        83.10049800458923,
        83.43830490704691,
        83.77611180950458,
        84.11391871196227,
        84.45172561441996,
        84.78953251687763,
        85.12733941933531,
        85.46514632179299,
        85.80295322425067,
        86.14076012670834,
        86.47856702916603,
        86.81637393162372,
        87.15418083408139,
        87.49198773653907,
        87.82979463899674,
        88.16760154145443,
        88.5054084439121,
        88.84321534636979,
        89.18102224882747,
        89.51882915128515,
        89.85663605374283,
        90.1944429562005,
        90.53224985865819,
        90.87005676111586,
        91.20786366357355,
        91.54567056603122,
        91.8834774684889,
        92.22128437094659,
        92.55909127340426,
        92.89689817586195,
        93.23470507831962,
        93.5725119807773,
        93.91031888323498,
        94.24812578569266,
        94.58593268815035,
        94.92373959060802,
        95.26154649306571,
        95.59935339552338,
        95.93716029798107,
        96.27496720043875,
        96.61277410289644,
        96.95058100535411,
        97.2883879078118,
        97.62619481026947,
        97.96400171272715,
        98.30180861518483,
        98.63961551764251,
        98.97742242010018,
        99.31522932255787,
        99.65303622501555,
        99.99084312747323,
        100.32865002993091,
        100.66645693238858,
        101.00426383484627,
        101.34207073730394,
        101.67987763976163,
        102.0176845422193,
        102.35549144467699,
        102.69329834713467,
        103.03110524959234,
        103.36891215205003,
        103.7067190545077,
        104.04452595696539,
        104.38233285942306,
        104.72013976188074,
        105.05794666433842,
        105.3957535667961,
        105.73356046925377,
        106.07136737171146,
        106.40917427416915,
        106.74698117662682,
        107.0847880790845,
        107.42259498154218,
        107.76040188399986,
        108.09820878645753,
        108.43601568891522,
        108.77382259137289,
        109.11162949383058,
        109.44943639628826,
        109.78724329874593,
        110.12505020120362,
        110.46285710366129,
        110.80066400611898,
        111.13847090857665,
        111.47627781103434,
        111.81408471349201,
        112.1518916159497,
        112.48969851840738,
        112.82750542086505,
        113.16531232332274,
        113.50311922578041,
        113.8409261282381,
        114.17873303069578,
        114.51653993315345,
        114.85434683561112,
        115.19215373806881,
        115.5299606405265,
        115.86776754298417,
        116.20557444544185,
        116.54338134789953,
        116.88118825035721,
        117.2189951528149,
        117.55680205527257,
        117.89460895773024,
        118.23241586018793,
        118.57022276264561,
        118.90802966510329,
        119.24583656756097,
        119.58364347001864,
        119.92145037247633,
        120.25925727493401,
        120.59706417739169,
        120.93487107984936,
        121.27267798230704
    ],
    "fidelitiesAtTimes": [
        0.8855135960577606,
        0.9284048446414183,
        0.8997264082803008,
        0.9021521466427075,
        0.9411077817072279,
        0.9291909475406204,
        0.9180000181193331,
        0.9524839356804959,
        0.9571810866011633,
        0.939857905278339,
        0.9594858358143027,
        0.9726077542913687,
        0.958482759201553,
        0.9662839933231094,
        0.9826924735981042,
        0.9753086610980095,
        0.97496597806769,
        0.9872597466007408,
        0.9859404689096335,
        0.9825694128651508,
        0.990242048032431,
        0.9929021003926956,
        0.9901659341025415,
        0.9931396985344554,
        0.995958459758539,
        0.9947426398638284,
        0.9954572989157763,
        0.9974996256119237,
        0.9976107649221164,
        0.9976153160956581,
        0.9983231344598804,
        0.9985338887741635,
        0.9985187918622754,
        0.998738939930216,
        0.9989003541918168,
        0.998955655458144,
        0.9990282269836183,
        0.9991023584783412,
        0.9991607177049133,
        0.9992151833901429,
        0.9992678522731984,
        0.9993182199852327,
        0.9993665952207582,
        0.9994129582629856,
        0.9994573265514399,
        0.9994996604339293,
        0.9995399920185566,
        0.9995783286600004,
        0.9996146609234238,
        0.9996490194134395,
        0.9996813804126251,
        0.9997117369136541,
        0.9997400931185509,
        0.9997664433157663,
        0.999790791905097,
        0.9998131347009087,
        0.9998334769590513,
        0.9998518145065285,
        0.9998681490573265,
        0.9998824798999164,
        0.9998948047996292,
        0.9999051273179893,
        0.9999134429599467,
        0.9999197571251595,
        0.9999240633544142,
        0.999926369640743,
        0.9999266661724736,
        0.9999249635761339,
        0.999921250527444,
        0.9999155400341564,
        0.9999078187292033,
        0.9998981109315201,
        0.9998863933622593,
        0.9998726803151678,
        0.9998569554649729,
        0.9998392282743571,
        0.9998194860053722,
        0.999797751681393,
        0.99977400353765,
        0.9997482647167283,
        0.9997205050283995,
        0.9996907570752118,
        0.9996589906056762,
        0.999625237462839,
        0.9995894649955135,
        0.999551710510552,
        0.99951194073772,
        0.9994701833451527,
        0.9994264055199181,
        0.999380649412771,
        0.9993328704722939,
        0.9992831121193463,
        0.9992313281623517,
        0.9991775685961521,
        0.9991217854217304,
        0.9990640230264539,
        0.9990042357793237,
        0.9989424735374322,
        0.9988786889301118,
        0.9988129345004542,
        0.99874515657307,
        0.9986754133839909,
        0.9986036448916158,
        0.9985299048442633,
        0.9984541404283143,
        0.9983764136597164,
        0.9982966642702383,
        0.9982149548283179,
        0.9981312224651898,
        0.9980455307424752,
        0.9979578165217442,
        0.9978681523542328,
        0.997776460522273,
        0.997682815068764,
        0.9975871377702825,
        0.9974895072031786
    ],