{
    "frequencies": [
        4.7381,
        4.2936,
        8.692
    ],
    "anharmonicities": [
        -0.221,
        -0.226,
        -0.08
    ],
    "couplings": [
        0.055,
        0.05574
    ],
    "creationTime": "2021-08-12 17:57:14",
    "comboSignal": false,
    "signalType": "arccos",
    "gateType": "iSWAP",
    "nOptimizationLvls": 4,
    "riseTime": 25,
    "dcAmplitude": 0.518627,
    "acAmplitude": 0.12230381,
    "omegaPhi": 0.4456137,
    "modulationTime": 50.73210369,
    "gateFidelity": 0.9996121915194628,
    "times": [
        37.112746994697986,
        37.453230912080535,
        37.79371482946309,
        38.13419874684564,
        38.47468266422819,
        38.81516658161074,
        39.15565049899329,
        39.49613441637584,
        39.83661833375839,
        40.177102251140944,
        40.51758616852349,
        40.85807008590604,
        41.19855400328859,
        41.53903792067114,
        41.87952183805369,
        42.22000575543624,
        42.5604896728188,
        42.900973590201346,
        43.241457507583895,
        43.581941424966445,
        43.922425342348994,
        44.26290925973154,
        44.60339317711409,
        44.94387709449665,
        45.2843610118792,
        45.62484492926175,
        45.9653288466443,
        46.30581276402685,
        46.646296681409396,
        46.986780598791945,
        47.3272645161745,
        47.66774843355705,
        48.0082323509396,
        48.34871626832215,
        48.6892001857047,
        49.02968410308725,
        49.3701680204698,
        49.710651937852354,
        50.051135855234904,
        50.39161977261745,
        50.73210369,
        51.07258760738255,
        51.4130715247651,
        51.75355544214765,
        52.0940393595302,
        52.434523276912756,
        52.775007194295306,
        53.115491111677855,
        53.455975029060404,
        53.796458946442954,
        54.1369428638255,
        54.47742678120805,
        54.81791069859061,
        55.15839461597316,
        55.49887853335571,
        55.83936245073826,
        56.179846368120806,
        56.520330285503356,
        56.860814202885905,
        57.20129812026846,
        57.54178203765101,
        57.88226595503356,
        58.22274987241611,
        58.56323378979866,
        58.90371770718121,
        59.24420162456376,
        59.584685541946314,
        59.92516945932886,
        60.26565337671141,
        60.60613729409396,
        60.94662121147651,
        61.28710512885907,
        61.62758904624161,
        61.96807296362417,
        62.308556881006716,
        62.649040798389265,
        62.989524715771815,
        63.330008633154364,
        63.67049255053692,
        64.01097646791946,
        64.35146038530202,
        64.69194430268456,
        65.03242822006712,
        65.37291213744967,
        65.71339605483222,
        66.05387997221477,
        66.39436388959732,
        66.73484780697987,
        67.07533172436243,
        67.41581564174497,
        67.75629955912753,
        68.09678347651007,
        68.43726739389263,
        68.77775131127517,
        69.11823522865772,
        69.45871914604027,
        69.79920306342282,
        70.13968698080538,
        70.48017089818792,
        70.82065481557048,
        71.16113873295302,
        71.50162265033558,
        71.84210656771813,
        72.18259048510068,
        72.52307440248323,
        72.86355831986577,
        73.20404223724833,
        73.54452615463089,
        73.88501007201343,
        74.22549398939597,
        74.56597790677853,
        74.90646182416108,
        75.24694574154363,
        75.58742965892618,
        75.92791357630873,
        76.26839749369128
    ],
    "fidelitiesAtTimes": [
        0.880841918834624,
        0.8398603650500546,
        0.8493721130739325,
        0.9073879481398229,
        0.8821405734784987,
        0.8679827691969983,
        0.917888902928827,
        0.9211842783997805,
        0.8949666643891261,
        0.9274158305195467,
        0.9512695073125841,
        0.9257566382934288,
        0.9375457778126055,
        0.9671275839180055,
        0.9549871923174882,
        0.9524177474445406,
        0.9765694208666036,
        0.9760886079028636,
        0.9677308793526999,
        0.9813271754341066,
        0.9880741138417353,
        0.981914944713225,
        0.9866906361806075,
        0.993773891134167,
        0.9912816536501066,
        0.9916457011451258,
        0.9963167325947158,
        0.996897484484706,
        0.9963545092119548,
        0.9980184014742731,
        0.9988766149558076,
        0.9986788957517658,
        0.9990100152014098,
        0.9993500634509516,
        0.999343807600051,
        0.9993936816656758,
        0.9995005784765805,
        0.999548149973452,
        0.9995714949050889,
        0.9995933880307305,
        0.9996121915194628,
        0.9996286698203509,
        0.9996430227929249,
        0.9996552358280839,
        0.9996653281436426,
        0.9996732932733705,
        0.9996791367385873,
        0.9996828513804907,
        0.9996844445091913,
        0.9996839031970903,
        0.9996812419257939,
        0.9996764431199804,
        0.999669525274997,
        0.9996604688499415,
        0.9996492960217633,
        0.999635990896563,
        0.9996205638805297,
        0.9996030061146376,
        0.9995833239435186,
        0.9995615011699484,
        0.9995375655964962,
        0.9995114886258316,
        0.9994833156282116,
        0.9994530009632168,
        0.9994205616199837,
        0.999385977230647,
        0.9993493070369219,
        0.9993104728616492,
        0.9992695325745444,
        0.9992264462001202,
        0.999181282428516,
        0.9991339741530869,
        0.999084564805839,
        0.9990329857046742,
        0.9989793095212228,
        0.9989235121361425,
        0.9988655928823974,
        0.9988055201292981,
        0.9987433545191593,
        0.9986790413647494,
        0.998612633458991,
        0.9985441129744224,
        0.9984735062877915,
        0.9984007530490885,
        0.9983258709197462,
        0.9982488817056664,
        0.9981698050306418,
        0.9980885379279767,
        0.9980051846937871,
        0.9979196753137014,
        0.997832091491387,
        0.9977423598363856,
        0.9976505550001334,
        0.9975566467396805,
        0.997460610835667,
        0.9973624174599918,
        0.9972621625122734,
        0.9971597583360607,
        0.9970552737087045,
        0.9969486415529291,
        0.9968399486946609,
        0.9967291060250878,
        0.9966162036583892,
        0.996501151886549,
        0.9963840293680859,
        0.9962647533231376,
        0.9961434288072283,
        0.9960199527008085,
        0.9958944141179458,
        0.995766727070279,
        0.9956369985587115,
        0.9955051198369365,
        0.995371190803486,
        0.9952351840900289,
        0.9950970591742468,
        0.994956781571271
    ],