{
    "frequencies": [
        4.7381,
        4.2936,
        8.692
    ],
    "anharmonicities": [
        -0.221,
        -0.226,
        -0.08
    ],
    "couplings": [
        0.055,
        0.05574
    ],
    "creationTime": "2021-08-13 19:08:46",
    "signalType": "cos",
    "gateType": "CZ",
    "nOptimizationLvls": 4,
    "riseTime": 25,
    "theta": -0.394757303,
    "delta": 0.0403724379,
    "omegaPhi": 0.59803212,
    "modulationTime": 99.57964186281394,
    "gateFidelity": 0.9996841286402287,
    "times": [
        86.12293350297422,
        86.45935121197022,
        86.79576892096621,
        87.1321866299622,
        87.46860433895819,
        87.80502204795418,
        88.14143975695018,
        88.47785746594617,
        88.81427517494217,
        89.15069288393816,
        89.48711059293414,
        89.82352830193014,
        90.15994601092613,
        90.49636371992213,
        90.83278142891812,
        91.16919913791412,
        91.50561684691012,
        91.8420345559061,
        92.17845226490209,
        92.51486997389809,
        92.85128768289408,
        93.18770539189008,
        93.52412310088607,
        93.86054080988205,
        94.19695851887805,
        94.53337622787404,
        94.86979393687004,
        95.20621164586603,
        95.54262935486203,
        95.87904706385802,
        96.215464772854,
        96.55188248185,
        96.888300190846,
        97.22471789984199,
        97.56113560883799,
        97.89755331783398,
        98.23397102682998,
        98.57038873582596,
        98.90680644482195,
        99.24322415381795,
        99.57964186281394,
        99.91605957180994,
        100.25247728080593,
        100.58889498980193,
        100.92531269879791,
        101.2617304077939,
        101.5981481167899,
        101.9345658257859,
        102.27098353478189,
        102.60740124377789,
        102.94381895277388,
        103.28023666176986,
        103.61665437076586,
        103.95307207976185,
        104.28948978875785,
        104.62590749775384,
        104.96232520674984,
        105.29874291574582,
        105.63516062474181,
        105.97157833373781,
        106.3079960427338,
        106.6444137517298,
        106.9808314607258,
        107.31724916972178,
        107.65366687871777,
        107.99008458771377,
        108.32650229670976,
        108.66292000570576,
        108.99933771470175,
        109.33575542369773,
        109.67217313269373,
        110.00859084168972,
        110.34500855068572,
        110.68142625968171,
        111.01784396867771,
        111.35426167767369,
        111.69067938666969,
        112.02709709566568,
        112.36351480466168,
        112.69993251365767,
        113.03635022265367,
        113.37276793164966,
        113.70918564064564,
        114.04560334964164,
        114.38202105863763,
        114.71843876763363,
        115.05485647662962,
        115.3912741856256,
        115.7276918946216,
        116.0641096036176,
        116.40052731261359,
        116.73694502160959,
        117.07336273060558,
        117.40978043960158,
        117.74619814859756,
        118.08261585759355,
        118.41903356658955,
        118.75545127558554,
        119.09186898458154,
        119.42828669357752,
        119.76470440257351,
        120.10112211156951,
        120.4375398205655,
        120.7739575295615,
        121.1103752385575,
        121.44679294755349,
        121.78321065654947,
        122.11962836554547,
        122.45604607454146,
        122.79246378353746,
        123.12888149253345,
        123.46529920152943,
        123.80171691052543,
        124.13813461952142,
        124.47455232851742,
        124.81097003751341
    ],
    "fidelitiesAtTimes": [
        0.9347937281233738,
        0.9323475049650142,
        0.9357705225496744,
        0.9430501445963164,
        0.9412808682880354,
        0.9582400685216681,
        0.9570590191970547,
        0.9606637471086852,
        0.9660674613213714,
        0.9649833712577391,
        0.9761533768254382,
        0.9757882371568913,
        0.9789115864631327,
        0.9826604807906774,
        0.9821839226034046,
        0.9885346710254556,
        0.9883050219243907,
        0.9905351715001833,
        0.99263734618555,
        0.9924663078202108,
        0.9956065929385385,
        0.995491278884716,
        0.9966877624249297,
        0.9975642125929134,
        0.9975192729178879,
        0.9986840661280612,
        0.9985753592998238,
        0.9990547772670795,
        0.9993449910833178,
        0.9993374561702522,
        0.999628056615364,
        0.9995986530553083,
        0.9996838295919261,
        0.9997135455336537,
        0.999704654448751,
        0.9997281490684946,
        0.9997177806363764,
        0.9997127538942017,
        0.9997046244527003,
        0.9996945143197244,
        0.9996841286402287,
        0.9996735234313097,
        0.9996626594876565,
        0.9996515317330859,
        0.999640146488287,
        0.9996284955104091,
        0.9996165886819985,
        0.9996044166045,
        0.9995919905107942,
        0.9995792975141893,
        0.9995663500693521,
        0.9995531366403785,
        0.999539667668356,
        0.9995259527172495,
        0.999511995804901,
        0.9994977746825953,
        0.9994832675666518,
        0.9994685131139811,
        0.9994534831431274,
        0.9994382116470986,
        0.9994226613912189,
        0.999406870730765,
        0.9993908260451467,
        0.9993744933293682,
        0.9993579022319438,
        0.9993410397620492,
        0.9993239225986532,
        0.9993065421597421,
        0.9992889049568907,
        0.9992709979170453,
        0.9992528365336317,
        0.99923441224172,
        0.9992157267689465,
        0.9991967791729547,
        0.9991775755854431,
        0.9991581090632083,
        0.999138387993064,
        0.9991184006389977,
        0.999098159069036,
        0.9990776509981503,
        0.9990568891459445,
        0.9990358605602963,
        0.9990145828258624,
        0.9989930359598101,
        0.9989712364350352,
        0.9989491726594728,
        0.9989268525134001,
        0.9989042605454064,
        0.9988814146172811,
        0.9988583026196493,
        0.9988349344470853,
        0.9988113039945066,
        0.9987874184624103,
        0.998763263433602,
        0.9987388555590899,
        0.9987141791050655,
        0.9986892495993581,
        0.9986640576195075,
        0.9986386172833932,
        0.9986129085116733,
        0.998586950207274,
        0.9985607193950383,
        0.998534235648056,
        0.9985074914134036,
        0.9984804932122813,
        0.9984532340374388,
        0.9984257159849733,
        0.9983979302483522,
        0.9983698891370049,
        0.9983415810488513,
        0.9983130231417909,
        0.9982841972205426,
        0.9982551196413258,
        0.9982257702854195,
        0.9981961687339554,
        0.9981663011953055
    ],
    "deviations": [
        [],
        [],
        [],
        []
    ],
    "fidelities1D_Dev": [
        [],
        [],
        [],
        []
    ],
    "fidelities2D_Theta_delta": null,
    "fidelities2D_Theta_omegaPhi": null,
    "fidelities2D_Theta_opTime": null,
    "fidelities2D_delta_omegaPhi": null,
    "fidelities2D_delta_opTime": null,
    "fidelities2D_omegaPhi_opTime": null
}