{
    "frequencies": [
        4.7381,
        4.2936,
        8.692
    ],
    "anharmonicities": [
        -0.221,
        -0.226,
        -0.08
    ],
    "couplings": [
        0.055,
        0.05574
    ],
    "creationTime": "2021-08-06 14:44:03",
    "comboSignal": false,
    "signalType": "cos",
    "gateType": "CZ",
    "nOptimizationLvls": 4,
    "riseTime": 25,
    "theta": -0.41731079230805135,
    "delta": 0.0029861602619281474,
    "omegaPhi": 0.2110293273855051,
    "modulationTime": 114.00401330733645,
    "gateFidelity": 0.9974329302251211,
    "times": [
        100.63110852055212,
        100.96543114022172,
        101.29975375989133,
        101.63407637956094,
        101.96839899923054,
        102.30272161890015,
        102.63704423856977,
        102.97136685823938,
        103.30568947790898,
        103.64001209757859,
        103.9743347172482,
        104.3086573369178,
        104.64297995658741,
        104.97730257625702,
        105.31162519592664,
        105.64594781559624,
        105.98027043526585,
        106.31459305493546,
        106.64891567460506,
        106.98323829427467,
        107.31756091394428,
        107.6518835336139,
        107.9862061532835,
        108.32052877295311,
        108.65485139262272,
        108.98917401229232,
        109.32349663196193,
        109.65781925163154,
        109.99214187130114,
        110.32646449097076,
        110.66078711064037,
        110.99510973030998,
        111.32943234997958,
        111.66375496964919,
        111.9980775893188,
        112.3324002089884,
        112.66672282865801,
        113.00104544832763,
        113.33536806799724,
        113.66969068766684,
        114.00401330733645,
        114.33833592700606,
        114.67265854667566,
        115.00698116634527,
        115.34130378601488,
        115.6756264056845,
        116.0099490253541,
        116.34427164502371,
        116.67859426469332,
        117.01291688436292,
        117.34723950403253,
        117.68156212370214,
        118.01588474337174,
        118.35020736304136,
        118.68452998271097,
        119.01885260238058,
        119.35317522205018,
        119.68749784171979,
        120.0218204613894,
        120.356143081059,
        120.69046570072862,
        121.02478832039823,
        121.35911094006784,
        121.69343355973744,
        122.02775617940705,
        122.36207879907666,
        122.69640141874626,
        123.03072403841588,
        123.36504665808549,
        123.6993692777551,
        124.0336918974247,
        124.36801451709431,
        124.70233713676392,
        125.03665975643352,
        125.37098237610314,
        125.70530499577275,
        126.03962761544236,
        126.37395023511196,
        126.70827285478157,
        127.04259547445118,
        127.37691809412078,
        127.7112407137904,
        128.04556333346,
        128.37988595312962,
        128.7142085727992,
        129.04853119246883,
        129.38285381213845,
        129.71717643180804,
        130.05149905147766,
        130.38582167114726,
        130.72014429081688,
        131.05446691048647,
        131.3887895301561,
        131.72311214982568,
        132.0574347694953,
        132.39175738916492,
        132.72608000883451,
        133.06040262850414,
        133.39472524817373,
        133.72904786784335,
        134.06337048751294,
        134.39769310718256,
        134.73201572685218,
        135.06633834652177,
        135.4006609661914,
        135.734983585861,
        136.0693062055306,
        136.4036288252002,
        136.73795144486982,
        137.07227406453944,
        137.40659668420903,
        137.74091930387866,
        138.07524192354825,
        138.40956454321787,
        138.74388716288746,
        139.07820978255708
    ],
    "fidelitiesAtTimes": [
        0.9718775366478434,
        0.9729013452142243,
        0.9752049802584983,
        0.9779283812941729,
        0.9800523282446274,
        0.9811393990905171,
        0.9814778237135707,
        0.9816951736715003,
        0.9823114027376775,
        0.983460591955317,
        0.9848412098135757,
        0.9859693197903796,
        0.9865835054893785,
        0.9868217613922823,
        0.9870418331344528,
        0.9875209184033885,
        0.9882905670075438,
        0.9891748764956633,
        0.9899626790604659,
        0.9905535511008738,
        0.990975014226418,
        0.991321435951377,
        0.9916922247900126,
        0.9921357079603362,
        0.9926253213033996,
        0.9931000310558202,
        0.9935205386104279,
        0.9938825356118738,
        0.9942032578055884,
        0.9945088832118015,
        0.9948217727879113,
        0.9951471707065777,
        0.9954732534161884,
        0.9957824088857328,
        0.9960641126981189,
        0.9963208456647022,
        0.996561895324998,
        0.9967930579167815,
        0.997015514549431,
        0.9972288077094105,
        0.9974329302251211,
        0.997627804992,
        0.9978135470520193,
        0.9979901355115768,
        0.9981575702315517,
        0.9983158098793524,
        0.9984648826955475,
        0.9986047481768174,
        0.9987354329500098,
        0.9988569098952098,
        0.9989691999501946,
        0.9990722758675797,
        0.9991661528268814,
        0.9992508097931072,
        0.9993262669692065,
        0.9993924959162029,
        0.9994495104756032,
        0.9994973030169578,
        0.9995358758295918,
        0.9995652267211206,
        0.9995853530446637,
        0.9995962593081955,
        0.9995979378196532,
        0.9995904008451431,
        0.9995736331846945,
        0.9995476514161206,
        0.9995124384487264,
        0.9994680152837019,
        0.9994143605249279,
        0.9993515024992483,
        0.9992794141934679,
        0.9991981567083439,
        0.9991076746929972,
        0.9990080098858121,
        0.998899126105513,
        0.9987810642860238,
        0.9986537914620117,
        0.9985173098002262,
        0.9983716056570886,
        0.9982167441543058,
        0.9980526720903521,
        0.9978794531303328,
        0.9976970307024763,
        0.9975054720383196,
        0.997304724843134,
        0.9970948602002686,
        0.9968758119832553,
        0.996647661186012,
        0.9964103356153629,
        0.9961639325853113,
        0.9959083687470092,
        0.9956437442566253,
        0.9953700196476513,
        0.9950872544204833,
        0.9947953554886503,
        0.9944943849853418,
        0.9941843509082424,
        0.993865317286178,
        0.993537126270853,
        0.9931999547493138,
        0.992853694332776,
        0.9924984732501727,
        0.9921341944046237,
        0.991761088732597,
        0.9913789405786708,
        0.9909878994818444,
        0.9905878535815991,
        0.990178933328888,
        0.9897609964885168,
        0.9893340966464415,
        0.9888982118844257,
        0.9884535051358874,
        0.9879998399024951,
        0.9875373996188855,
        0.9870661082073575,
        0.9865859744820898
    ],
    "deviations": [
        [],
        [],
        [],
        []
    ],
    "fidelities1D_Dev": [
        [],
        [],
        [],
        []
    ],
    "fidelities2D_Theta_delta": null,
    "fidelities2D_Theta_omegaPhi": null,
    "fidelities2D_Theta_opTime": null,
    "fidelities2D_delta_omegaPhi": null,
    "fidelities2D_delta_opTime": null,
    "fidelities2D_omegaPhi_opTime": null
}