{
    "frequencies": [
        4.7381,
        4.2936,
        8.692
    ],
    "anharmonicities": [
        -0.221,
        -0.226,
        -0.08
    ],
    "couplings": [
        0.055,
        0.05574
    ],
    "creationTime": "2021-08-11 19:52:12",
    "comboSignal": false,
    "signalType": "arccos",
    "gateType": "iSWAP",
    "nOptimizationLvls": 4,
    "riseTime": 25,
    "dcAmplitude": 0.5668497675384732,
    "acAmplitude": 0.14234990718565016,
    "omegaPhi": 0.44742021576936886,
    "modulationTime": 96.39341885627329,
    "gateFidelity": 0.9998098373019625,
    "times": [
        82.95879601916202,
        83.2946615900898,
        83.63052716101758,
        83.96639273194536,
        84.30225830287314,
        84.63812387380094,
        84.97398944472872,
        85.3098550156565,
        85.64572058658428,
        85.98158615751206,
        86.31745172843983,
        86.65331729936761,
        86.9891828702954,
        87.32504844122317,
        87.66091401215097,
        87.99677958307875,
        88.33264515400653,
        88.66851072493431,
        89.00437629586209,
        89.34024186678987,
        89.67610743771765,
        90.01197300864543,
        90.34783857957322,
        90.683704150501,
        91.01956972142878,
        91.35543529235656,
        91.69130086328434,
        92.02716643421212,
        92.3630320051399,
        92.69889757606768,
        93.03476314699546,
        93.37062871792325,
        93.70649428885103,
        94.04235985977881,
        94.37822543070659,
        94.71409100163437,
        95.04995657256215,
        95.38582214348993,
        95.72168771441771,
        96.0575532853455,
        96.39341885627329,
        96.72928442720107,
        97.06514999812885,
        97.40101556905663,
        97.7368811399844,
        98.07274671091218,
        98.40861228183998,
        98.74447785276776,
        99.08034342369554,
        99.41620899462332,
        99.7520745655511,
        100.08794013647888,
        100.42380570740666,
        100.75967127833444,
        101.09553684926223,
        101.43140242019001,
        101.76726799111779,
        102.10313356204557,
        102.43899913297335,
        102.77486470390113,
        103.11073027482891,
        103.44659584575669,
        103.78246141668448,
        104.11832698761226,
        104.45419255854004,
        104.79005812946782,
        105.1259237003956,
        105.46178927132338,
        105.79765484225116,
        106.13352041317894,
        106.46938598410674,
        106.80525155503452,
        107.1411171259623,
        107.47698269689008,
        107.81284826781786,
        108.14871383874564,
        108.48457940967342,
        108.8204449806012,
        109.15631055152897,
        109.49217612245677,
        109.82804169338455,
        110.16390726431233,
        110.49977283524011,
        110.83563840616789,
        111.17150397709567,
        111.50736954802345,
        111.84323511895124,
        112.17910068987902,
        112.5149662608068,
        112.85083183173458,
        113.18669740266236,
        113.52256297359014,
        113.85842854451792,
        114.1942941154457,
        114.53015968637348,
        114.86602525730126,
        115.20189082822905,
        115.53775639915683,
        115.87362197008461,
        116.2094875410124,
        116.54535311194017,
        116.88121868286795,
        117.21708425379575,
        117.55294982472353,
        117.8888153956513,
        118.22468096657909,
        118.56054653750687,
        118.89641210843465,
        119.23227767936243,
        119.5681432502902,
        119.90400882121799,
        120.23987439214577,
        120.57573996307354,
        120.91160553400134,
        121.24747110492912,
        121.5833366758569
    ],
    "fidelitiesAtTimes": [
        0.949060317407687,
        0.9256154380252216,
        0.9480642089187009,
        0.9515451006211292,
        0.9307104294430895,
        0.947586611546687,
        0.9774400846962582,
        0.9543890369104512,
        0.9519020647823707,
        0.9733385479995256,
        0.9665019290224619,
        0.9559150231766871,
        0.9766275274186249,
        0.9854984375739291,
        0.9720348700564877,
        0.979539190977602,
        0.9900685686384421,
        0.9838794704546137,
        0.9837816207839245,
        0.9939240800644449,
        0.993010959663321,
        0.989759552752845,
        0.9947432625032097,
        0.9966901226765618,
        0.9945382509799595,
        0.9961207692195059,
        0.9986055341593725,
        0.9980886874007929,
        0.9981036725233331,
        0.9992028131746149,
        0.9993902478409374,
        0.9992637678006249,
        0.999544974405314,
        0.9997045316897288,
        0.9996698247968455,
        0.9997134055686162,
        0.9997717287438252,
        0.9997857183204413,
        0.9997934165676569,
        0.9998026463181999,
        0.9998098373019625,
        0.9998163042828647,
        0.9998223931126363,
        0.9998281018571353,
        0.9998334321275436,
        0.999838378342505,
        0.9998429459362803,
        0.9998471401944741,
        0.9998509548853548,
        0.9998543908136501,
        0.9998574460785848,
        0.9998601235071749,
        0.9998624179421768,
        0.9998643359210714,
        0.9998658748815018,
        0.9998670368700138,
        0.9998678165572139,
        0.9998682205301197,
        0.9998682431354471,
        0.9998678898337378,
        0.9998671538505697,
        0.9998660423978325,
        0.999864547664205,
        0.9998626779742082,
        0.9998604248908922,
        0.9998577972553605,
        0.999854785792736,
        0.9998514002380319,
        0.9998476301485077,
        0.9998434865833421,
        0.9998389581659654,
        0.9998340566160572,
        0.9998287687781422,
        0.9998231090673965,
        0.9998170637735001,
        0.999810645590923,
        0.9998038405266184,
        0.9997966633268686,
        0.9997890993632325,
        0.9997811648114142,
        0.9997728426468282,
        0.9997641492940514,
        0.9997550672764076,
        0.9997456159548965,
        0.9997357759828864,
        0.9997255674185677,
        0.9997149701240348,
        0.9997040045021983,
        0.999692650725924,
        0.9996809281883217,
        0.9996688152762999,
        0.9996563339420271,
        0.9996434633362788,
        0.9996302242133727,
        0.9996165956146775,
        0.9996026021665468,
        0.9995882164399956,
        0.9995734627677144,
        0.9995583184632821,
        0.9995428077474943,
        0.9995269022308726,
        0.9995106315542568,
        0.999493968062963,
        0.9994769409880406,
        0.9994595196834524,
        0.9994417331136617,
        0.9994235528862742,
        0.999405008858537,
        0.9993860733194536,
        0.9993667733123759,
        0.9993470811065631,
        0.9993270276464177,
        0.9993065791573749,
        0.9992857662453698,
        0.9992645584115352,
        0.999242989227891
    ],
    "deviations": [
        [],
        [],
        [],
        []
    ],
    "fidelities1D_Dev": [
        [],
        [],
        [],
        []
    ],
    "fidelities2D_Theta_delta": null,
    "fidelities2D_Theta_omegaPhi": null,
    "fidelities2D_Theta_opTime": null,
    "fidelities2D_delta_omegaPhi": null,
    "fidelities2D_delta_opTime": null,
    "fidelities2D_omegaPhi_opTime": null
}