{
    "frequencies": [
        4.7381,
        4.2936,
        8.692
    ],
    "anharmonicities": [
        -0.221,
        -0.226,
        -0.08
    ],
    "couplings": [
        0.055,
        0.05574
    ],
    "creationTime": "2021-08-13 19:08:46",
    "signalType": "cos",
    "gateType": "CZ",
    "nOptimizationLvls": 4,
    "riseTime": 25,
    "theta": -0.3947573025097255,
    "delta": 0.040372437852185486,
    "omegaPhi": 0.5980321204208826,
    "modulationTime": 99.57964185281395,
    "gateFidelity": 0.9996843828396612,
    "times": [
        86.12293349432558,
        86.4593512032878,
        86.79576891225,
        87.13218662121221,
        87.46860433017441,
        87.80502203913663,
        88.14143974809883,
        88.47785745706105,
        88.81427516602325,
        89.15069287498547,
        89.48711058394767,
        89.82352829290988,
        90.15994600187209,
        90.4963637108343,
        90.8327814197965,
        91.16919912875872,
        91.50561683772092,
        91.84203454668314,
        92.17845225564534,
        92.51486996460756,
        92.85128767356977,
        93.18770538253197,
        93.52412309149419,
        93.86054080045639,
        94.19695850941861,
        94.53337621838081,
        94.86979392734303,
        95.20621163630523,
        95.54262934526744,
        95.87904705422964,
        96.21546476319186,
        96.55188247215406,
        96.88830018111628,
        97.22471789007848,
        97.5611355990407,
        97.8975533080029,
        98.23397101696511,
        98.57038872592733,
        98.90680643488953,
        99.24322414385175,
        99.57964185281395,
        99.91605956177617,
        100.25247727073838,
        100.58889497970058,
        100.9253126886628,
        101.261730397625,
        101.59814810658722,
        101.93456581554942,
        102.27098352451164,
        102.60740123347384,
        102.94381894243605,
        103.28023665139825,
        103.61665436036047,
        103.95307206932267,
        104.28948977828489,
        104.62590748724709,
        104.9623251962093,
        105.29874290517151,
        105.63516061413372,
        105.97157832309593,
        106.30799603205814,
        106.64441374102034,
        106.98083144998256,
        107.31724915894476,
        107.65366686790698,
        107.99008457686918,
        108.3265022858314,
        108.6629199947936,
        108.99933770375581,
        109.33575541271802,
        109.67217312168023,
        110.00859083064243,
        110.34500853960465,
        110.68142624856685,
        111.01784395752907,
        111.35426166649127,
        111.69067937545348,
        112.02709708441569,
        112.3635147933779,
        112.69993250234012,
        113.03635021130232,
        113.37276792026452,
        113.70918562922674,
        114.04560333818895,
        114.38202104715116,
        114.71843875611336,
        115.05485646507557,
        115.39127417403779,
        115.72769188299999,
        116.0641095919622,
        116.40052730092441,
        116.73694500988663,
        117.07336271884883,
        117.40978042781103,
        117.74619813677324,
        118.08261584573546,
        118.41903355469766,
        118.75545126365988,
        119.09186897262208,
        119.4282866815843,
        119.7647043905465,
        120.10112209950871,
        120.43753980847092,
        120.77395751743313,
        121.11037522639533,
        121.44679293535755,
        121.78321064431975,
        122.11962835328197,
        122.45604606224417,
        122.79246377120639,
        123.12888148016859,
        123.4652991891308,
        123.801716898093,
        124.13813460705522,
        124.47455231601742,
        124.81097002497964
    ],
    "fidelitiesAtTimes": [
        0.934793376809516,
        0.9323473397467664,
        0.9357704125457793,
        0.943050132299495,
        0.9412808464144554,
        0.9582401545314505,
        0.9570591478151911,
        0.9606639292383757,
        0.966067657834697,
        0.9649835377897669,
        0.976153646537646,
        0.9757885610223868,
        0.9789119197522934,
        0.9826607682245758,
        0.982184207269243,
        0.9885349328764315,
        0.9883052453393149,
        0.9905354430565977,
        0.9926376428633328,
        0.9924666179853361,
        0.9956069094621082,
        0.9954915941822376,
        0.996688070540437,
        0.9975644814954754,
        0.9975195448011107,
        0.9986843585955804,
        0.9985756639770397,
        0.999055080364565,
        0.9993452917070258,
        0.9993377490460595,
        0.9996283224282247,
        0.9995989054117154,
        0.9996840788203973,
        0.9997137993949823,
        0.9997048922566926,
        0.9997283790305206,
        0.9997180146966628,
        0.9997129950550843,
        0.9997048695096312,
        0.9996947668900562,
        0.9996843828396612,
        0.9996737873432668,
        0.9996629461493709,
        0.9996518305400193,
        0.9996404703593729,
        0.9996288305373371,
        0.9996169280925992,
        0.9996047673848883,
        0.9995923419738612,
        0.9995796574972393,
        0.9995667115368867,
        0.9995535070732705,
        0.9995400445835492,
        0.9995263177864512,
        0.9995123293180519,
        0.9994980810985215,
        0.9994835780214999,
        0.9994688089334737,
        0.9994537782864026,
        0.9994384854590495,
        0.9994229349289162,
        0.9994071285118501,
        0.999391064422281,
        0.9993747346041184,
        0.9993581433486591,
        0.9993412904629624,
        0.9993241774632662,
        0.9993068030481282,
        0.9992891660290454,
        0.9992712711280346,
        0.9992531136299853,
        0.9992346984117673,
        0.9992160169263686,
        0.9991970707897974,
        0.9991778689407248,
        0.9991584065534633,
        0.999138685640277,
        0.9991187045823058,
        0.9990984649804149,
        0.9990779627801608,
        0.9990572064891211,
        0.9990361874868086,
        0.9990149099431042,
        0.9989933696879891,
        0.998971569774542,
        0.9989495056793285,
        0.9989271851551009,
        0.9989046043932092,
        0.9988817616041892,
        0.9988586579404736,
        0.998835294494427,
        0.9988116733903689,
        0.9987877928770889,
        0.9987636473444015,
        0.9987392411874376,
        0.9987145785621374,
        0.998689657831932,
        0.998664475095962,
        0.9986390381662655,
        0.9986133384973298,
        0.9985873835078886,
        0.998561162009041,
        0.9985346770123427,
        0.9985079369069358,
        0.9984809378914858,
        0.9984536833508615,
        0.9984261639144872,
        0.9983983823425364,
        0.9983703405971834,
        0.9983420402916963,
        0.998313477881589,
        0.9982846483585629,
        0.9982555619694736,
        0.9982262162006764,
        0.998196607232314,
        0.9981667405632096
    ],
    "deviations": [
        [],
        [],
        [],
        []
    ],
    "fidelities1D_Dev": [
        [],
        [],
        [],
        []
    ],
    "fidelities2D_Theta_delta": null,
    "fidelities2D_Theta_omegaPhi": null,
    "fidelities2D_Theta_opTime": null,
    "fidelities2D_delta_omegaPhi": null,
    "fidelities2D_delta_opTime": null,
    "fidelities2D_omegaPhi_opTime": null
}