{
    "frequencies": [
        4.7381,
        4.2936,
        8.692
    ],
    "anharmonicities": [
        -0.221,
        -0.226,
        -0.08
    ],
    "couplings": [
        0.055,
        0.05574
    ],
    "creationTime": "2021-08-04 15:40:11",
    "comboSignal": false,
    "signalType": "cos",
    "gateType": "iSWAP",
    "nOptimizationLvls": 4,
    "riseTime": 25,
    "theta": -0.38953636609840475,
    "delta": 0.03991181486734929,
    "omegaPhi": 0.4514946681819837,
    "modulationTime": 109.01695308598127,
    "gateFidelity": 0.999108696581119,
    "times": [
        95.64063982389769,
        95.97504765544977,
        96.30945548700187,
        96.64386331855395,
        96.97827115010604,
        97.31267898165814,
        97.64708681321022,
        97.98149464476231,
        98.3159024763144,
        98.65031030786649,
        98.98471813941859,
        99.31912597097067,
        99.65353380252276,
        99.98794163407486,
        100.32234946562694,
        100.65675729717903,
        100.99116512873113,
        101.32557296028321,
        101.6599807918353,
        101.9943886233874,
        102.32879645493948,
        102.66320428649158,
        102.99761211804366,
        103.33201994959575,
        103.66642778114785,
        104.00083561269993,
        104.33524344425201,
        104.66965127580411,
        105.0040591073562,
        105.33846693890828,
        105.67287477046038,
        106.00728260201247,
        106.34169043356457,
        106.67609826511665,
        107.01050609666873,
        107.34491392822083,
        107.67932175977292,
        108.013729591325,
        108.3481374228771,
        108.68254525442919,
        109.01695308598127,
        109.35136091753336,
        109.68576874908544,
        110.02017658063754,
        110.35458441218962,
        110.68899224374172,
        111.02340007529381,
        111.35780790684589,
        111.69221573839799,
        112.02662356995008,
        112.36103140150216,
        112.69543923305426,
        113.02984706460634,
        113.36425489615844,
        113.69866272771053,
        114.03307055926261,
        114.36747839081471,
        114.7018862223668,
        115.03629405391888,
        115.37070188547098,
        115.70510971702306,
        116.03951754857516,
        116.37392538012725,
        116.70833321167933,
        117.04274104323143,
        117.37714887478351,
        117.71155670633561,
        118.0459645378877,
        118.38037236943978,
        118.71478020099188,
        119.04918803254397,
        119.38359586409605,
        119.71800369564815,
        120.05241152720023,
        120.38681935875232,
        120.72122719030442,
        121.0556350218565,
        121.3900428534086,
        121.72445068496069,
        122.05885851651277,
        122.39326634806487,
        122.72767417961695,
        123.06208201116905,
        123.39648984272114,
        123.73089767427322,
        124.06530550582532,
        124.3997133373774,
        124.73412116892949,
        125.06852900048159,
        125.40293683203367,
        125.73734466358576,
        126.07175249513786,
        126.40616032668994,
        126.74056815824204,
        127.07497598979413,
        127.40938382134621,
        127.74379165289831,
        128.0781994844504,
        128.4126073160025,
        128.74701514755458,
        129.08142297910666,
        129.41583081065875,
        129.75023864221083,
        130.08464647376294,
        130.41905430531503,
        130.7534621368671,
        131.0878699684192,
        131.4222777999713,
        131.7566856315234,
        132.09109346307548,
        132.42550129462757,
        132.75990912617965,
        133.09431695773173,
        133.42872478928385,
        133.76313262083593,
        134.09754045238802
    ],
    "fidelitiesAtTimes": [
        0.951462184542275,
        0.9515301544117216,
        0.9612335927676291,
        0.9570593474296853,
        0.9526603564991692,
        0.9697006907704655,
        0.9713468155432956,
        0.9596525077268498,
        0.9673548456844768,
        0.9751099466456916,
        0.9710887373062661,
        0.9733089489696821,
        0.9841148857117459,
        0.9810281624821021,
        0.9785988192098098,
        0.9854372614435905,
        0.9881651936498788,
        0.9863508033615439,
        0.9898654547465385,
        0.9935103160369037,
        0.9917689006670848,
        0.9925529231671215,
        0.9952655638813571,
        0.9956023467949342,
        0.9954701213977541,
        0.9969986315163597,
        0.9977786109886578,
        0.9975398869860396,
        0.9980459279756619,
        0.9985945800157424,
        0.9986387333906093,
        0.9986928744639008,
        0.9989240995924498,
        0.9990484281482013,
        0.9990511289765589,
        0.9990917671451278,
        0.9991291660151029,
        0.9991302009171301,
        0.9991214033837446,
        0.9991152448446872,
        0.999108696581119,
        0.999101657443146,
        0.9990945500529589,
        0.9990873736012744,
        0.9990801290152772,
        0.999072816058144,
        0.9990654495539356,
        0.9990580145840138,
        0.9990504974085989,
        0.9990429116562908,
        0.9990352552258541,
        0.9990275316861188,
        0.9990197417798173,
        0.9990118814147152,
        0.9990039699735845,
        0.9989959744924406,
        0.9989879256866331,
        0.9989797941790506,
        0.9989715937660171,
        0.9989633272333102,
        0.9989549925619942,
        0.9989466014408777,
        0.9989381261528714,
        0.9989295991158247,
        0.9989210037509821,
        0.9989123433117468,
        0.9989035979726685,
        0.9988947833128645,
        0.9988858977359054,
        0.998876946043271,
        0.9988679249749411,
        0.9988588402373733,
        0.9988496821943633,
        0.9988404563691985,
        0.9988311609254794,
        0.9988217952119751,
        0.9988123601651451,
        0.9988028598521848,
        0.9987932895182405,
        0.9987836519390221,
        0.9987739419666856,
        0.9987641652830523,
        0.9987543200515333,
        0.9987444065166591,
        0.9987344257521025,
        0.9987243771251098,
        0.9987142592684737,
        0.9987040749905811,
        0.9986938205095417,
        0.9986834978123813,
        0.99867311013553,
        0.998662652851395,
        0.9986521284625963,
        0.9986415352897182,
        0.9986308702565869,
        0.998620138374438,
        0.9986093342289205,
        0.998598465051227,
        0.9985875253356935,
        0.9985765204294699,
        0.9985654438405074,
        0.9985542972398498,
        0.9985430819515055,
        0.9985317985908605,
        0.9985204442614088,
        0.9985090244808476,
        0.9984975356419088,
        0.9984859786278768,
        0.9984743529138471,
        0.9984626614463006,
        0.9984509048983767,
        0.9984390802715722,
        0.9984271854412686,
        0.998415222317066,
        0.9984031891287307,
        0.9983910897986655
    ],