{
    "frequencies": [
        4.7381,
        4.2936,
        8.692
    ],
    "anharmonicities": [
        -0.221,
        -0.226,
        -0.08
    ],
    "couplings": [
        0.055,
        0.05574
    ],
    "creationTime": "2021-08-12 23:25:41",
    "comboSignal": false,
    "signalType": "arccos",
    "gateType": "CZ",
    "nOptimizationLvls": 4,
    "riseTime": 25,
    "dcAmplitude": 0.5540779583212718,
    "acAmplitude": 0.08197346037075515,
    "omegaPhi": 0.6944397576804237,
    "modulationTime": 113.39831056651377,
    "gateFidelity": 0.9990019882411673,
    "times": [
        99.97839215627546,
        100.31389011653141,
        100.64938807678737,
        100.98488603704332,
        101.32038399729929,
        101.65588195755525,
        101.9913799178112,
        102.32687787806717,
        102.66237583832311,
        102.99787379857908,
        103.33337175883503,
        103.66886971909099,
        104.00436767934696,
        104.3398656396029,
        104.67536359985887,
        105.01086156011482,
        105.34635952037078,
        105.68185748062675,
        106.0173554408827,
        106.35285340113866,
        106.68835136139461,
        107.02384932165057,
        107.35934728190654,
        107.69484524216249,
        108.03034320241845,
        108.3658411626744,
        108.70133912293036,
        109.03683708318631,
        109.37233504344228,
        109.70783300369824,
        110.04333096395419,
        110.37882892421015,
        110.7143268844661,
        111.04982484472207,
        111.38532280497803,
        111.72082076523398,
        112.05631872548994,
        112.3918166857459,
        112.72731464600186,
        113.06281260625781,
        113.39831056651377,
        113.73380852676974,
        114.0693064870257,
        114.40480444728165,
        114.74030240753761,
        115.07580036779356,
        115.41129832804953,
        115.74679628830548,
        116.08229424856144,
        116.4177922088174,
        116.75329016907335,
        117.08878812932932,
        117.42428608958527,
        117.75978404984123,
        118.09528201009718,
        118.43077997035314,
        118.7662779306091,
        119.10177589086506,
        119.43727385112102,
        119.77277181137697,
        120.10826977163293,
        120.44376773188888,
        120.77926569214485,
        121.1147636524008,
        121.45026161265676,
        121.78575957291272,
        122.12125753316867,
        122.45675549342464,
        122.79225345368059,
        123.12775141393655,
        123.4632493741925,
        123.79874733444846,
        124.13424529470441,
        124.46974325496038,
        124.80524121521634,
        125.14073917547229,
        125.47623713572825,
        125.8117350959842,
        126.14723305624017,
        126.48273101649613,
        126.81822897675208,
        127.15372693700805,
        127.489224897264,
        127.82472285751996,
        128.16022081777592,
        128.49571877803186,
        128.83121673828782,
        129.16671469854379,
        129.50221265879975,
        129.8377106190557,
        130.17320857931165,
        130.5087065395676,
        130.84420449982358,
        131.17970246007954,
        131.51520042033547,
        131.85069838059144,
        132.1861963408474,
        132.52169430110337,
        132.85719226135933,
        133.19269022161527,
        133.52818818187123,
        133.8636861421272,
        134.19918410238316,
        134.5346820626391,
        134.87018002289506,
        135.20567798315102,
        135.54117594340698,
        135.87667390366295,
        136.2121718639189,
        136.54766982417485,
        136.8831677844308,
        137.21866574468677,
        137.55416370494274,
        137.88966166519867,
        138.22515962545464,
        138.5606575857106
    ],
    "fidelitiesAtTimes": [
        0.9623680007204614,
        0.9566915642040998,
        0.9673792888019352,
        0.9663813944325341,
        0.9643817950765147,
        0.9771305579829926,
        0.9696628641293683,
        0.9846010366021443,
        0.971766188955872,
        0.9878974873328292,
        0.9777698763620407,
        0.9911887213029427,
        0.9822593116611287,
        0.9913851751891396,
        0.9873687415503346,
        0.9924749530360406,
        0.991164711692246,
        0.9927869801568118,
        0.9941190357304006,
        0.9938270932514316,
        0.9960080313999322,
        0.9947757274461612,
        0.9970332635961139,
        0.9959329923574574,
        0.9976099636791581,
        0.996820600741634,
        0.9978631459164682,
        0.9975350635403089,
        0.9980590108593402,
        0.9979964499270645,
        0.9982273453240091,
        0.9983076529902787,
        0.9984084608904353,
        0.9985034288822531,
        0.9985724647305785,
        0.9986700948960628,
        0.9987397745534509,
        0.9988098135795301,
        0.9988747587185877,
        0.9989404363727317,
        0.9990019882411673,
        0.9990600777033698,
        0.9991147386736552,
        0.999165995009262,
        0.9992138033517376,
        0.9992581645901826,
        0.9992990812685665,
        0.9993365926217266,
        0.999370659851089,
        0.9994012794069811,
        0.9994284592152797,
        0.9994522135393369,
        0.9994725252915687,
        0.9994893994888819,
        0.9995028331130129,
        0.9995128253238471,
        0.9995193786859755,
        0.9995224890190337,
        0.9995221612780849,
        0.9995183900547149,
        0.9995111829126504,
        0.9995005297407576,
        0.9994864421702665,
        0.9994689071202195,
        0.9994479373419255,
        0.9994235206919913,
        0.9993956719144993,
        0.9993643736598484,
        0.9993296457356685,
        0.9992914703847895,
        0.9992498671276279,
        0.99920481503625,
        0.9991563376268562,
        0.9991044086920118,
        0.9990490566891518,
        0.9989902529651209,
        0.9989280307149073,
        0.9988623576802607,
        0.9987932711662173,
        0.9987207295376359,
        0.9986447803803813,
        0.9985653786611282,
        0.9984825701877982,
        0.9983963063046992,
        0.9983066363090092,
        0.9982135164871769,
        0.9981169997657038,
        0.9980170331438188,
        0.9979136702013488,
        0.9978068538793444,
        0.9976966450422282,
        0.9975829877217315,
        0.9974659435559261,
        0.9973454483488953,
        0.9972215658924032,
        0.9970942418124908,
        0.9969635316550496,
        0.9968293765197631,
        0.9966918416975545,
        0.9965508670191389,
        0.996406517310642,
        0.9962587355941132,
        0.9961075841797854,
        0.9959529943704146,
        0.9957950374139172,
        0.9956336522013498,
        0.9954689019068379,
        0.9953007184778692,
        0.9951291716004971,
        0.9949542002531292,
        0.9947758843972976,
        0.9945941444856077,
        0.9944090585559756,
        0.9942205531032204,
        0.9940287076535338,
        0.9938334392496196
    ],
    "deviations": [
        [],
        [],
        [],
        []
    ],
    "fidelities1D_Dev": [
        [],
        [],
        [],
        []
    ],
    "fidelities2D_Theta_delta": null,
    "fidelities2D_Theta_omegaPhi": null,
    "fidelities2D_Theta_opTime": null,
    "fidelities2D_delta_omegaPhi": null,
    "fidelities2D_delta_opTime": null,
    "fidelities2D_omegaPhi_opTime": null
}