{
    "frequencies": [
        4.7381,
        4.2936,
        8.692
    ],
    "anharmonicities": [
        -0.221,
        -0.226,
        -0.08
    ],
    "couplings": [
        0.055,
        0.05574
    ],
    "creationTime": "2021-08-24 20:53:51",
    "comboSignal": false,
    "signalType": "arccos",
    "gateType": "iSWAP",
    "nOptimizationLvls": 4,
    "riseTime": 25,
    "dcAmplitude": 0.554085422,
    "acAmplitude": 0.016206488356002177,
    "omegaPhi": 0.42520832777821216,
    "modulationTime": 100.09585735416286,
    "gateFidelity": 0.8088246113374256,
    "times": [
        86.70510720644876,
        87.03987596014161,
        87.37464471383447,
        87.70941346752731,
        88.04418222122017,
        88.37895097491302,
        88.71371972860588,
        89.04848848229872,
        89.38325723599158,
        89.71802598968443,
        90.05279474337729,
        90.38756349707013,
        90.72233225076299,
        91.05710100445584,
        91.3918697581487,
        91.72663851184154,
        92.0614072655344,
        92.39617601922725,
        92.73094477292011,
        93.06571352661295,
        93.40048228030581,
        93.73525103399867,
        94.0700197876915,
        94.40478854138436,
        94.73955729507722,
        95.07432604877008,
        95.40909480246292,
        95.74386355615577,
        96.07863230984863,
        96.41340106354149,
        96.74816981723433,
        97.08293857092718,
        97.41770732462004,
        97.7524760783129,
        98.08724483200574,
        98.4220135856986,
        98.75678233939145,
        99.0915510930843,
        99.42631984677715,
        99.76108860047,
        100.09585735416286,
        100.43062610785572,
        100.76539486154857,
        101.10016361524141,
        101.43493236893427,
        101.76970112262713,
        102.10446987631998,
        102.43923863001282,
        102.77400738370568,
        103.10877613739854,
        103.44354489109139,
        103.77831364478423,
        104.11308239847709,
        104.44785115216995,
        104.78261990586279,
        105.11738865955564,
        105.4521574132485,
        105.78692616694136,
        106.1216949206342,
        106.45646367432705,
        106.79123242801991,
        107.12600118171277,
        107.46076993540561,
        107.79553868909846,
        108.13030744279132,
        108.46507619648418,
        108.79984495017702,
        109.13461370386987,
        109.46938245756273,
        109.80415121125557,
        110.13891996494843,
        110.47368871864128,
        110.80845747233414,
        111.14322622602698,
        111.47799497971984,
        111.8127637334127,
        112.14753248710555,
        112.48230124079839,
        112.81706999449125,
        113.1518387481841,
        113.48660750187696,
        113.8213762555698,
        114.15614500926266,
        114.49091376295551,
        114.82568251664836,
        115.16045127034121,
        115.49522002403407,
        115.82998877772692,
        116.16475753141977,
        116.49952628511262,
        116.83429503880548,
        117.16906379249832,
        117.50383254619118,
        117.83860129988403,
        118.17337005357689,
        118.50813880726975,
        118.84290756096259,
        119.17767631465544,
        119.5124450683483,
        119.84721382204114,
        120.181982575734,
        120.51675132942685,
        120.85152008311971,
        121.18628883681255,
        121.52105759050541,
        121.85582634419826,
        122.1905950978911,
        122.52536385158396,
        122.86013260527682,
        123.19490135896967,
        123.52967011266253,
        123.86443886635537,
        124.19920762004823,
        124.53397637374107,
        124.86874512743393,
        125.20351388112678
    ],
    "fidelitiesAtTimes": [
        0.8390582871288077,
        0.840678837168688,
        0.8398441516250152,
        0.8387070700628904,
        0.8388647509384632,
        0.8378003508438591,
        0.8358127967336498,
        0.8355972383357162,
        0.8362408166468285,
        0.8355960549490746,
        0.8345945003960171,
        0.8341107485362992,
        0.8330664596061672,
        0.8316136838323779,
        0.8310130148299881,
        0.8309278093839245,
        0.830331230720628,
        0.8294207823158326,
        0.8285977653392191,
        0.8275920699370307,
        0.826462250837048,
        0.8256608331653134,
        0.8251287576017935,
        0.8244506371856412,
        0.8235636895603264,
        0.8226279610360818,
        0.8216581398402851,
        0.8206706661076894,
        0.8197778933927211,
        0.8189822709646725,
        0.8181568579320603,
        0.817247677480687,
        0.8163029840427253,
        0.8153559069504309,
        0.8144115229559526,
        0.8134816899263073,
        0.8125636702109851,
        0.8116388440869766,
        0.810703421631479,
        0.8097643808378413,
        0.8088246113374256,
        0.8078830000482087,
        0.8069401776688426,
        0.8059961392275079,
        0.8050515533206019,
        0.804105702653463,
        0.8031584882371197,
        0.8022099887469551,
        0.8012599946663783,
        0.8003088055441581,
        0.7993564241733839,
        0.7984029035964706,
        0.797448245076181,
        0.7964924443035113,
        0.7955355379372044,
        0.7945774822523017,
        0.7936183629879456,
        0.7926581492582019,
        0.7916968147405093,
        0.7907344229104537,
        0.7897710913028796,
        0.788806649615587,
        0.7878412210222404,
        0.7868747692434233,
        0.7859077902341269,
        0.7849393303313409,
        0.7839699877108262,
        0.782999957535016,
        0.7820286765484925,
        0.7810563428279507,
        0.7800831323085619,
        0.7791093531453109,
        0.7781342925067437,
        0.7771581346771945,
        0.7761811792692065,
        0.7752033234776897,
        0.7742245930243727,
        0.773244957705109,
        0.7722645187921021,
        0.7712832309507489,
        0.7703011213046768,
        0.7693181880022795,
        0.7683344814321276,
        0.7673499673373773,
        0.7663646714057345,
        0.7653785654057985,
        0.7643917476941653,
        0.7634041159959697,
        0.7624157695187553,
        0.7614266751920541,
        0.7604368551448325,
        0.7594463486375802,
        0.7584551251896496,
        0.7574632148012064,
        0.7564706384779487,
        0.7554774089546401,
        0.7544836583548167,
        0.7534892006863101,
        0.752494168264005,
        0.7514984877182457,
        0.7505021968129456,
        0.7495052649760254,
        0.7485078021250754,
        0.7475097400494679,
        0.7465112401765386,
        0.7455121310340911,
        0.7445124710370334,
        0.7435122400339228,
        0.7425115518888935,
        0.7415103066915419,
        0.7405086332935105,
        0.7395064571769733,
        0.738503786308006,
        0.7375006907281861,
        0.7364972190555543,
        0.7354932850259198
    ],
    "deviations": [
        [],
        [],
        [],
        []
    ],
    "fidelities1D_Dev": [
        [],
        [],
        [],
        []
    ],
    "fidelities2D_Theta_delta": null,
    "fidelities2D_Theta_omegaPhi": null,
    "fidelities2D_Theta_opTime": null,
    "fidelities2D_delta_omegaPhi": null,
    "fidelities2D_delta_opTime": null,
    "fidelities2D_omegaPhi_opTime": null
}