{
    "frequencies": [
        4.7381,
        4.2936,
        8.692
    ],
    "anharmonicities": [
        -0.221,
        -0.226,
        -0.08
    ],
    "couplings": [
        0.055,
        0.05574
    ],
    "creationTime": "2021-08-04 23:16:46",
    "signalType": "cos",
    "gateType": "iSWAP",
    "nOptimizationLvls": 4,
    "riseTime": 25,
    "theta": -0.413599268,
    "delta": 0.0293792352,
    "omegaPhi": 0.45512374,
    "modulationTime": 92.400157,
    "gateFidelity": 0.9983620890836274,
    "times": [
        78.96013416363635,
        79.29613473454545,
        79.63213530545454,
        79.96813587636362,
        80.30413644727271,
        80.6401370181818,
        80.9761375890909,
        81.31213815999999,
        81.64813873090908,
        81.98413930181817,
        82.32013987272725,
        82.65614044363635,
        82.99214101454544,
        83.32814158545453,
        83.66414215636362,
        84.00014272727272,
        84.33614329818181,
        84.6721438690909,
        85.00814443999998,
        85.34414501090907,
        85.68014558181817,
        86.01614615272726,
        86.35214672363635,
        86.68814729454544,
        87.02414786545454,
        87.36014843636362,
        87.69614900727271,
        88.0321495781818,
        88.3681501490909,
        88.70415071999999,
        89.04015129090908,
        89.37615186181817,
        89.71215243272727,
        90.04815300363634,
        90.38415357454544,
        90.72015414545453,
        91.05615471636362,
        91.39215528727271,
        91.72815585818181,
        92.0641564290909,
        92.400157,
        92.73615757090909,
        93.07215814181818,
        93.40815871272727,
        93.74415928363636,
        94.08015985454544,
        94.41616042545454,
        94.75216099636363,
        95.08816156727272,
        95.42416213818181,
        95.7601627090909,
        96.09616328,
        96.43216385090909,
        96.76816442181817,
        97.10416499272726,
        97.44016556363636,
        97.77616613454545,
        98.11216670545454,
        98.44816727636363,
        98.78416784727273,
        99.1201684181818,
        99.4561689890909,
        99.79216955999999,
        100.12817013090908,
        100.46417070181818,
        100.80017127272727,
        101.13617184363636,
        101.47217241454544,
        101.80817298545453,
        102.14417355636363,
        102.48017412727272,
        102.81617469818181,
        103.1521752690909,
        103.48817584,
        103.82417641090908,
        104.16017698181817,
        104.49617755272726,
        104.83217812363635,
        105.16817869454545,
        105.50417926545454,
        105.84017983636363,
        106.17618040727271,
        106.5121809781818,
        106.8481815490909,
        107.18418211999999,
        107.52018269090908,
        107.85618326181817,
        108.19218383272727,
        108.52818440363636,
        108.86418497454545,
        109.20018554545453,
        109.53618611636362,
        109.87218668727272,
        110.20818725818181,
        110.5441878290909,
        110.88018839999998,
        111.21618897090909,
        111.55218954181817,
        111.88819011272726,
        112.22419068363635,
        112.56019125454544,
        112.89619182545454,
        113.23219239636363,
        113.56819296727272,
        113.9041935381818,
        114.2401941090909,
        114.57619467999999,
        114.91219525090908,
        115.24819582181817,
        115.58419639272726,
        115.92019696363636,
        116.25619753454544,
        116.59219810545453,
        116.92819867636362,
        117.26419924727271,
        117.6001998181818
    ],
    "fidelitiesAtTimes": [
        0.9264879925647171,
        0.9332939100187074,
        0.9093413207982459,
        0.9353581166172615,
        0.9582970196895287,
        0.9352141350887091,
        0.944088954964046,
        0.9687776879341943,
        0.9557519853942239,
        0.9529263484994853,
        0.9761781356190232,
        0.9742984195213357,
        0.9658095407171918,
        0.9800198895182589,
        0.9847653755033244,
        0.9766816070626814,
        0.9833667766106287,
        0.9909807498028765,
        0.9863669425791801,
        0.9876320048345001,
        0.9934769673568187,
        0.9919745751412504,
        0.9910927945897858,
        0.9947829543935105,
        0.9954519071401533,
        0.9945465635290219,
        0.9959559993397965,
        0.9968210132243354,
        0.9964576576336338,
        0.996847335812187,
        0.9974008296366985,
        0.9974280073769144,
        0.9975288390739318,
        0.9977413543286847,
        0.9978408687799917,
        0.9979227012936847,
        0.9980242897712024,
        0.9981162084017499,
        0.9982014562583771,
        0.9982827425413505,
        0.9983620890836274,
        0.9984392609511907,
        0.9985141236693729,
        0.9985866893635365,
        0.9986569423712638,
        0.998724896575488,
        0.9987905486929499,
        0.9988538946561853,
        0.9989149281680814,
        0.9989736519164942,
        0.9990300342169878,
        0.999084115836351,
        0.999135917134784,
        0.9991853839197289,
        0.9992325710933198,
        0.9992774234315579,
        0.9993199926402389,
        0.9993602496817895,
        0.999398198634446,
        0.9994338093827893,
        0.9994671111716056,
        0.9994981070586665,
        0.9995267954855549,
        0.9995531992718201,
        0.9995772930069784,
        0.9995990736865306,
        0.9996185427033681,
        0.9996356976618642,
        0.9996505400760402,
        0.9996630719232689,
        0.9996732886154506,
        0.9996811897373428,
        0.9996867801266871,
        0.9996900542262465,
        0.9996910200927998,
        0.9996896704451702,
        0.9996860096666425,
        0.999680032701059,
        0.9996717452733117,
        0.9996611389687583,
        0.9996482251630052,
        0.9996329949496527,
        0.9996154552766378,
        0.9995956003037924,
        0.999573436346316,
        0.9995489573692945,
        0.9995221868534887,
        0.9994930863842217,
        0.9994617054539379,
        0.9994280034841578,
        0.999391973871172,
        0.9993536298076858,
        0.9993129805802534,
        0.9992700130670974,
        0.999224746013064,
        0.9991771563687962,
        0.9991272652811951,
        0.9990750624040009,
        0.9990205547659734,
        0.9989637321004821,
        0.9989046117097621,
        0.9988431740526181,
        0.9987794344570531,
        0.9987133836819716,
        0.9986450340002268,
        0.998574369121448,
        0.998501411952096,
        0.9984261494067587,
        0.9983485850428071,
        0.998268711480297,
        0.998186547106568,
        0.998102072269527,
        0.9980153038152475,
        0.9979262218055247,
        0.9978348495355924,
        0.9977411633914108
    ],