{
    "frequencies": [
        4.7381,
        4.2936,
        8.692
    ],
    "anharmonicities": [
        -0.221,
        -0.226,
        -0.08
    ],
    "couplings": [
        0.055,
        0.05574
    ],
    "creationTime": "2021-08-24 19:10:31",
    "comboSignal": false,
    "signalType": "arccos",
    "gateType": "iSWAP",
    "nOptimizationLvls": 4,
    "riseTime": 25,
    "dcAmplitude": 0.554085422,
    "acAmplitude": 0.17090560333706872,
    "omegaPhi": 0.44171258741035185,
    "modulationTime": 108.13269901978882,
    "gateFidelity": 0.8185348212440795,
    "times": [
        94.74165270154872,
        95.07642885950472,
        95.41120501746072,
        95.74598117541672,
        96.08075733337272,
        96.41553349132873,
        96.75030964928473,
        97.08508580724073,
        97.41986196519673,
        97.75463812315273,
        98.08941428110874,
        98.42419043906474,
        98.75896659702074,
        99.09374275497674,
        99.42851891293274,
        99.76329507088874,
        100.09807122884476,
        100.43284738680076,
        100.76762354475676,
        101.10239970271276,
        101.43717586066876,
        101.77195201862476,
        102.10672817658077,
        102.44150433453677,
        102.77628049249277,
        103.11105665044877,
        103.44583280840477,
        103.78060896636077,
        104.11538512431679,
        104.45016128227279,
        104.78493744022879,
        105.11971359818479,
        105.45448975614079,
        105.7892659140968,
        106.1240420720528,
        106.4588182300088,
        106.7935943879648,
        107.1283705459208,
        107.4631467038768,
        107.79792286183282,
        108.13269901978882,
        108.46747517774482,
        108.80225133570082,
        109.13702749365682,
        109.47180365161283,
        109.80657980956883,
        110.14135596752483,
        110.47613212548083,
        110.81090828343683,
        111.14568444139283,
        111.48046059934885,
        111.81523675730485,
        112.15001291526085,
        112.48478907321685,
        112.81956523117285,
        113.15434138912885,
        113.48911754708486,
        113.82389370504086,
        114.15866986299686,
        114.49344602095286,
        114.82822217890886,
        115.16299833686486,
        115.49777449482087,
        115.83255065277687,
        116.16732681073287,
        116.50210296868887,
        116.83687912664487,
        117.17165528460089,
        117.50643144255689,
        117.84120760051289,
        118.17598375846889,
        118.51075991642489,
        118.8455360743809,
        119.1803122323369,
        119.5150883902929,
        119.8498645482489,
        120.1846407062049,
        120.5194168641609,
        120.8541930221169,
        121.18896918007292,
        121.52374533802892,
        121.85852149598492,
        122.19329765394092,
        122.52807381189692,
        122.86284996985293,
        123.19762612780893,
        123.53240228576493,
        123.86717844372093,
        124.20195460167693,
        124.53673075963295,
        124.87150691758893,
        125.20628307554495,
        125.54105923350095,
        125.87583539145695,
        126.21061154941295,
        126.54538770736895,
        126.88016386532496,
        127.21494002328096,
        127.54971618123696,
        127.88449233919296,
        128.21926849714896,
        128.55404465510497,
        128.88882081306096,
        129.22359697101697,
        129.55837312897296,
        129.89314928692897,
        130.227925444885,
        130.56270160284097,
        130.897477760797,
        131.23225391875297,
        131.567030076709,
        131.901806234665,
        132.236582392621,
        132.571358550577,
        132.906134708533,
        133.240910866489
    ],
    "fidelitiesAtTimes": [
        0.732799260500842,
        0.7411191928782912,
        0.7025789587589564,
        0.6839429280037447,
        0.729364499923698,
        0.7528744754242787,
        0.7329167846979796,
        0.7570918655733633,
        0.815909195678041,
        0.8068540140569475,
        0.8075953278088639,
        0.8274413952263631,
        0.7772020811460095,
        0.7468551732655833,
        0.8092299288952459,
        0.8723752453782296,
        0.862333155046165,
        0.8709150570836076,
        0.8718486733842898,
        0.8324551112955682,
        0.824310627753983,
        0.8476360355366769,
        0.8386562206873084,
        0.8250942759821273,
        0.834529942480502,
        0.8442200786567746,
        0.844416146628524,
        0.8431793684140875,
        0.8361274181621143,
        0.8277516033855917,
        0.8256470046474954,
        0.8251676092530446,
        0.8231418462414837,
        0.8215345275312333,
        0.8211966486511928,
        0.8215586040877945,
        0.8218479816838709,
        0.8211980990638615,
        0.8201111295905547,
        0.8192560456327648,
        0.8185348212440795,
        0.8178202125460882,
        0.8171037571536864,
        0.8163857255449024,
        0.8156659900924186,
        0.814944758257391,
        0.8142214412388469,
        0.8134966071204184,
        0.8127699033135235,
        0.8120417565334517,
        0.8113117892367679,
        0.810580338497013,
        0.8098470814586399,
        0.8091123459965134,
        0.8083758745702294,
        0.807637975407469,
        0.8068982185601646,
        0.8061569079852354,
        0.8054138553679385,
        0.8046695595392972,
        0.8039235146423076,
        0.8031761108847487,
        0.8024269821083774,
        0.8016764916753336,
        0.8009243698050664,
        0.800170999638898,
        0.7994159147654811,
        0.7986594720020475,
        0.7979013818601322,
        0.7971419984055965,
        0.7963809682977364,
        0.7956186218924325,
        0.7948546280715976,
        0.7940893823822313,
        0.7933224212620829,
        0.7925542174230196,
        0.7917844713342406,
        0.791013536999973,
        0.7902409123262639,
        0.7894670824525788,
        0.7886915765649599,
        0.7879149952647071,
        0.7871368872327501,
        0.7863575803101428,
        0.7855768467298025,
        0.7847949540601524,
        0.7840115353460992,
        0.7832269871908031,
        0.7824409579901365,
        0.7816538132472137,
        0.7808650746105356,
        0.7800752289261916,
        0.7792839359654951,
        0.7784914069664366,
        0.7776974415827711,
        0.77690241480168,
        0.7761059394417797,
        0.7753084346053918,
        0.7745095271578581,
        0.7737097087698073,
        0.7729083763551798,
        0.7721061333875392,
        0.7713024041841443,
        0.770497669856862,
        0.7696917216323704,
        0.7688848095032482,
        0.7680765585923298,
        0.767267337369542,
        0.7664566569063923,
        0.7656450662901826,
        0.7648321650127432,
        0.7640183531373034,
        0.76320324819909,
        0.7623872780155769,
        0.7615700329306208,
        0.7607519242592733
    ],
    "deviations": [
        [],
        [],
        [],
        []
    ],
    "fidelities1D_Dev": [
        [],
        [],
        [],
        []
    ],
    "fidelities2D_Theta_delta": null,
    "fidelities2D_Theta_omegaPhi": null,
    "fidelities2D_Theta_opTime": null,
    "fidelities2D_delta_omegaPhi": null,
    "fidelities2D_delta_opTime": null,
    "fidelities2D_omegaPhi_opTime": null
}