{
    "frequencies": [
        4.7381,
        4.2936,
        8.692
    ],
    "anharmonicities": [
        -0.221,
        -0.226,
        -0.08
    ],
    "couplings": [
        0.055,
        0.05574
    ],
    "creationTime": "2021-08-12 17:57:14",
    "comboSignal": false,
    "signalType": "arccos",
    "gateType": "iSWAP",
    "nOptimizationLvls": 4,
    "riseTime": 25,
    "dcAmplitude": 0.518627,
    "acAmplitude": 0.12230381,
    "omegaPhi": 0.4456137,
    "modulationTime": 50.73210369,
    "gateFidelity": 0.9996096890244104,
    "times": [
        37.112746994697986,
        37.453230912080535,
        37.79371482946309,
        38.13419874684564,
        38.47468266422819,
        38.81516658161074,
        39.15565049899329,
        39.49613441637584,
        39.83661833375839,
        40.177102251140944,
        40.51758616852349,
        40.85807008590604,
        41.19855400328859,
        41.53903792067114,
        41.87952183805369,
        42.22000575543624,
        42.5604896728188,
        42.900973590201346,
        43.241457507583895,
        43.581941424966445,
        43.922425342348994,
        44.26290925973154,
        44.60339317711409,
        44.94387709449665,
        45.2843610118792,
        45.62484492926175,
        45.9653288466443,
        46.30581276402685,
        46.646296681409396,
        46.986780598791945,
        47.3272645161745,
        47.66774843355705,
        48.0082323509396,
        48.34871626832215,
        48.6892001857047,
        49.02968410308725,
        49.3701680204698,
        49.710651937852354,
        50.051135855234904,
        50.39161977261745,
        50.73210369,
        51.07258760738255,
        51.4130715247651,
        51.75355544214765,
        52.0940393595302,
        52.434523276912756,
        52.775007194295306,
        53.115491111677855,
        53.455975029060404,
        53.796458946442954,
        54.1369428638255,
        54.47742678120805,
        54.81791069859061,
        55.15839461597316,
        55.49887853335571,
        55.83936245073826,
        56.179846368120806,
        56.520330285503356,
        56.860814202885905,
        57.20129812026846,
        57.54178203765101,
        57.88226595503356,
        58.22274987241611,
        58.56323378979866,
        58.90371770718121,
        59.24420162456376,
        59.584685541946314,
        59.92516945932886,
        60.26565337671141,
        60.60613729409396,
        60.94662121147651,
        61.28710512885907,
        61.62758904624161,
        61.96807296362417,
        62.308556881006716,
        62.649040798389265,
        62.989524715771815,
        63.330008633154364,
        63.67049255053692,
        64.01097646791946,
        64.35146038530202,
        64.69194430268456,
        65.03242822006712,
        65.37291213744967,
        65.71339605483222,
        66.05387997221477,
        66.39436388959732,
        66.73484780697987,
        67.07533172436243,
        67.41581564174497,
        67.75629955912753,
        68.09678347651007,
        68.43726739389263,
        68.77775131127517,
        69.11823522865772,
        69.45871914604027,
        69.79920306342282,
        70.13968698080538,
        70.48017089818792,
        70.82065481557048,
        71.16113873295302,
        71.50162265033558,
        71.84210656771813,
        72.18259048510068,
        72.52307440248323,
        72.86355831986577,
        73.20404223724833,
        73.54452615463089,
        73.88501007201343,
        74.22549398939597,
        74.56597790677853,
        74.90646182416108,
        75.24694574154363,
        75.58742965892618,
        75.92791357630873,
        76.26839749369128
    ],
    "fidelitiesAtTimes": [
        0.8808391444509907,
        0.8398552556055654,
        0.8493671468556865,
        0.9073816327361358,
        0.882134160199944,
        0.8679769320617595,
        0.9178829112089251,
        0.92117778133287,
        0.8949602484260784,
        0.9274088504603831,
        0.951260774747521,
        0.9257482606429521,
        0.937537548276444,
        0.9671191364225489,
        0.9549790344050468,
        0.952409971976486,
        0.9765606519561146,
        0.9760788149675477,
        0.9677213259931557,
        0.9813179245927721,
        0.9880653099760869,
        0.9819067362395921,
        0.9866825752527166,
        0.9937656326935972,
        0.9912733587618273,
        0.991637733975837,
        0.996309371874586,
        0.9968907384877814,
        0.9963481623701863,
        0.9980123285575491,
        0.9988707635286517,
        0.9986734060477561,
        0.999004887991082,
        0.999345353951079,
        0.9993394487767293,
        0.9993896647856712,
        0.9994968451306965,
        0.9995447380969044,
        0.9995683797299344,
        0.9995905955523685,
        0.9996096890244104,
        0.9996264709528621,
        0.999641102489617,
        0.9996536106931323,
        0.9996639760556167,
        0.9996722101781584,
        0.999678309076209,
        0.9996822688838535,
        0.9996841011476496,
        0.9996837865279705,
        0.9996813521095123,
        0.9996767630718735,
        0.999670062044318,
        0.9996611987195001,
        0.9996502312775991,
        0.9996370939185801,
        0.9996218603778161,
        0.9996044493597802,
        0.999584950158764,
        0.9995632659767125,
        0.999539501673582,
        0.9995135449455326,
        0.9994855162217661,
        0.9994552876892182,
        0.9994229953457889,
        0.999388495867314,
        0.9993519408285504,
        0.9993131713890749,
        0.9992723546986368,
        0.9992293164027354,
        0.9991842392271542,
        0.9991369332981067,
        0.9990875969234979,
        0.9990360247119673,
        0.9989824305487378,
        0.9989265935236734,
        0.9988687431020296,
        0.998808642851745,
        0.9987465378207003,
        0.9986821760590054,
        0.9986158181943836,
        0.9985471967533138,
        0.9984765879424575,
        0.9984037087813855,
        0.9983288510399652,
        0.9982517162270785,
        0.9981726116960538,
        0.9980912234302984,
        0.9980078743603267,
        0.9979222349577379,
        0.9978346437337582,
        0.9977447556463496,
        0.9976529247634336,
        0.9975587905416304,
        0.9974627226077706,
        0.9973643449333762,
        0.9972640427034477,
        0.997161424382796,
        0.9970568907075965,
        0.9969500346657065,
        0.9968412725329168,
        0.9967301818069678,
        0.9966171943132194,
        0.996501872068059,
        0.9963846624262658,
        0.9962651119432518,
        0.9961436835055254,
        0.9960199081895608,
        0.9958942644174105,
        0.9957662677987115,
        0.9956364122672197,
        0.9955041979884667,
        0.9953701343953154,
        0.9952337062275148,
        0.9950954384057109,
        0.9949548002331982
    ],