{
    "frequencies": [
        4.7381,
        4.2936,
        8.692
    ],
    "anharmonicities": [
        -0.221,
        -0.226,
        -0.08
    ],
    "couplings": [
        0.055,
        0.05574
    ],
    "creationTime": "2021-08-23 19:21:43",
    "comboSignal": true,
    "signalType": "cos",
    "gateType": "SWAP",
    "nOptimizationLvls": 4,
    "riseTime": 25,
    "theta": -0.394757303,
    "deltas": [
        0.0403724379,
        0.051522342759773396
    ],
    "omegaPhis": [
        0.59803212,
        0.4487310429147515
    ],
    "modulationTimes": [
        99.57964186281394,
        103.05674932526694
    ],
    "gateFidelity": 0.15690188635810182,
    "times": [
        89.67275590640111,
        90.00735574187274,
        90.3419555773444,
        90.67655541281604,
        91.01115524828768,
        91.34575508375933,
        91.68035491923098,
        92.01495475470263,
        92.34955459017426,
        92.68415442564591,
        93.01875426111756,
        93.3533540965892,
        93.68795393206085,
        94.0225537675325,
        94.35715360300415,
        94.69175343847579,
        95.02635327394744,
        95.36095310941909,
        95.69555294489072,
        96.03015278036237,
        96.36475261583402,
        96.69935245130567,
        97.0339522867773,
        97.36855212224896,
        97.7031519577206,
        98.03775179319224,
        98.37235162866389,
        98.70695146413554,
        99.04155129960719,
        99.37615113507883,
        99.71075097055048,
        100.04535080602213,
        100.37995064149376,
        100.71455047696541,
        101.04915031243706,
        101.38375014790871,
        101.71834998338035,
        102.052949818852,
        102.38754965432365,
        102.72214948979529,
        103.05674932526694,
        103.39134916073859,
        103.72594899621024,
        104.06054883168187,
        104.39514866715352,
        104.72974850262517,
        105.06434833809682,
        105.39894817356846,
        105.7335480090401,
        106.06814784451176,
        106.40274767998339,
        106.73734751545504,
        107.07194735092669,
        107.40654718639834,
        107.74114702186998,
        108.07574685734163,
        108.41034669281328,
        108.74494652828491,
        109.07954636375656,
        109.41414619922821,
        109.74874603469986,
        110.0833458701715,
        110.41794570564315,
        110.7525455411148,
        111.08714537658643,
        111.42174521205808,
        111.75634504752973,
        112.09094488300138,
        112.42554471847302,
        112.76014455394467,
        113.09474438941632,
        113.42934422488796,
        113.7639440603596,
        114.09854389583126,
        114.4331437313029,
        114.76774356677454,
        115.10234340224619,
        115.43694323771784,
        115.77154307318949,
        116.10614290866113,
        116.44074274413278,
        116.77534257960443,
        117.10994241507606,
        117.44454225054771,
        117.77914208601936,
        118.113741921491,
        118.44834175696265,
        118.7829415924343,
        119.11754142790595,
        119.45214126337758,
        119.78674109884923,
        120.12134093432088,
        120.45594076979253,
        120.79054060526417,
        121.12514044073582,
        121.45974027620747,
        121.7943401116791,
        122.12893994715076,
        122.4635397826224,
        122.79813961809404,
        123.13273945356569,
        123.46733928903734,
        123.80193912450898,
        124.13653895998063,
        124.47113879545228,
        124.80573863092393,
        125.14033846639558,
        125.47493830186721,
        125.80953813733886,
        126.14413797281051,
        126.47873780828215,
        126.8133376437538,
        127.14793747922545,
        127.48253731469708,
        127.81713715016873,
        128.15173698564038
    ],
    "fidelitiesAtTimes": [
        0.1712923698378488,
        0.1663006123656618,
        0.1599309883920888,
        0.1606948485187891,
        0.18161268024159866,
        0.15819721394776853,
        0.1885052417707362,
        0.20633359128373616,
        0.19505418205683345,
        0.17468130276408683,
        0.17110292126714927,
        0.16749553453814456,
        0.15618207981127155,
        0.17323746799334455,
        0.17222799826156063,
        0.16122590542492232,
        0.16990456104647217,
        0.16818149959180997,
        0.15178635123124745,
        0.1609763061761115,
        0.16426603208396448,
        0.16146120601782038,
        0.1601858091373476,
        0.16186777585541517,
        0.16148566564123162,
        0.15856840314365894,
        0.16051793414831766,
        0.16178246804655072,
        0.15952872834641355,
        0.1572099178041015,
        0.156393759312447,
        0.1566275242973631,
        0.1565650183120429,
        0.15614785945475526,
        0.1562200721470622,
        0.15666373453618215,
        0.15692043146812784,
        0.15694680117012041,
        0.15690844732143855,
        0.15690979842555486,
        0.15690188635810182,
        0.15688968599436312,
        0.15687755138538045,
        0.1568654586514094,
        0.15685342964088875,
        0.15684144240569925,
        0.15682952835622832,
        0.15681764739654194,
        0.156805840359909,
        0.156794064898727,
        0.15678236482182561,
        0.15677070447217437,
        0.15675909960423445,
        0.15674753799068078,
        0.1567360489936842,
        0.1567245993959174,
        0.15671321555035295,
        0.15670186989909796,
        0.15669058668379465,
        0.15667934667846684,
        0.1566681753500335,
        0.1566570414708186,
        0.15664597891478307,
        0.15663495294905833,
        0.1566239973384953,
        0.15661308406635027,
        0.15660223455342373,
        0.156591427535385,
        0.15658068705033595,
        0.15656998705745753,
        0.15655935160250153,
        0.15654876036189683,
        0.15653823057412472,
        0.15652774431228814,
        0.15651732128668577,
        0.15650693572980132,
        0.15649661900683703,
        0.1564863497084925,
        0.15647613908241648,
        0.15646597347385696,
        0.1564558718345233,
        0.15644580782387296,
        0.15643581301151435,
        0.15642586178740658,
        0.15641596928855833,
        0.1564061270130513,
        0.1563963459496545,
        0.15638661032110904,
        0.15637693612357464,
        0.15636730933495596,
        0.15635773781563186,
        0.15634821007764418,
        0.1563387527500717,
        0.1563293400558554,
        0.15631999365720634,
        0.15631068628820763,
        0.1563014404395473,
        0.15629224101106137,
        0.1562831061695929,
        0.15627400987808276,
        0.1562649788727349,
        0.15625599066346266,
        0.15624706522999138,
        0.15623818417921484,
        0.15622937249170113,
        0.15622060345459596,
        0.15621189422821255,
        0.1562032349545001,
        0.15619463880753853,
        0.15618608678931778,
        0.156177593570705,
        0.15616914828546305,
        0.15616075864441187,
        0.15615241942767905,
        0.15614414258381865,
        0.15613591320406736
    ]
}