{
    "frequencies": [
        4.7381,
        4.2936,
        8.692
    ],
    "anharmonicities": [
        -0.221,
        -0.226,
        -0.08
    ],
    "couplings": [
        0.055,
        0.05574
    ],
    "creationTime": "2021-08-12 23:25:41",
    "signalType": "arccos",
    "gateType": "CZ",
    "nOptimizationLvls": 4,
    "riseTime": 25,
    "dcAmplitude": 0.554085422,
    "acAmplitude": 0.0819720884,
    "omegaPhi": 0.694440026,
    "modulationTime": 113.398421,
    "gateFidelity": 0.9989553746563342,
    "times": [
        99.97848952071007,
        100.31398780769231,
        100.64948609467456,
        100.98498438165682,
        101.32048266863906,
        101.6559809556213,
        101.99147924260356,
        102.3269775295858,
        102.66247581656805,
        102.9979741035503,
        103.33347239053255,
        103.66897067751479,
        104.00446896449705,
        104.3399672514793,
        104.67546553846154,
        105.0109638254438,
        105.34646211242604,
        105.6819603994083,
        106.01745868639054,
        106.35295697337278,
        106.68845526035504,
        107.02395354733729,
        107.35945183431953,
        107.69495012130179,
        108.03044840828403,
        108.36594669526627,
        108.70144498224853,
        109.03694326923078,
        109.37244155621302,
        109.70793984319528,
        110.04343813017752,
        110.37893641715976,
        110.71443470414202,
        111.04993299112427,
        111.38543127810651,
        111.72092956508877,
        112.05642785207101,
        112.39192613905325,
        112.72742442603551,
        113.06292271301776,
        113.398421,
        113.73391928698224,
        114.06941757396449,
        114.40491586094674,
        114.74041414792899,
        115.07591243491123,
        115.41141072189349,
        115.74690900887573,
        116.08240729585798,
        116.41790558284023,
        116.75340386982248,
        117.08890215680472,
        117.42440044378698,
        117.75989873076922,
        118.09539701775147,
        118.43089530473372,
        118.76639359171597,
        119.10189187869821,
        119.43739016568047,
        119.77288845266271,
        120.10838673964496,
        120.44388502662721,
        120.77938331360946,
        121.1148816005917,
        121.45037988757396,
        121.7858781745562,
        122.12137646153845,
        122.4568747485207,
        122.79237303550295,
        123.12787132248519,
        123.46336960946745,
        123.79886789644969,
        124.13436618343194,
        124.4698644704142,
        124.80536275739644,
        125.14086104437868,
        125.47635933136094,
        125.81185761834318,
        126.14735590532543,
        126.48285419230768,
        126.81835247928993,
        127.15385076627217,
        127.48934905325443,
        127.82484734023667,
        128.16034562721893,
        128.49584391420117,
        128.83134220118342,
        129.16684048816566,
        129.5023387751479,
        129.83783706213018,
        130.17333534911242,
        130.50883363609466,
        130.8443319230769,
        131.17983021005915,
        131.5153284970414,
        131.85082678402367,
        132.1863250710059,
        132.52182335798815,
        132.8573216449704,
        133.19281993195264,
        133.52831821893488,
        133.86381650591716,
        134.1993147928994,
        134.53481307988164,
        134.8703113668639,
        135.20580965384613,
        135.54130794082837,
        135.87680622781065,
        136.2123045147929,
        136.54780280177513,
        136.88330108875738,
        137.21879937573962,
        137.55429766272186,
        137.88979594970414,
        138.22529423668638,
        138.56079252366862
    ],
    "fidelitiesAtTimes": [
        0.9621740066901932,
        0.9565051587380319,
        0.9672157089487918,
        0.9661744506641557,
        0.964208842818487,
        0.9769558912484856,
        0.9695166121496035,
        0.984438287551997,
        0.971629418141848,
        0.9877579849805466,
        0.9776457788112489,
        0.9910650439049761,
        0.9821520185954629,
        0.9912773199310919,
        0.9872599090192378,
        0.9923738416768781,
        0.9910666113685697,
        0.9926957019480689,
        0.9940221771398189,
        0.9937372842993335,
        0.9959185829071648,
        0.9946929424461295,
        0.9969497112383673,
        0.9958544574118596,
        0.9975322779047445,
        0.9967468218813549,
        0.9977904006053328,
        0.997465634465236,
        0.9979906868615501,
        0.9979296692993864,
        0.9981623925443521,
        0.9982443738028056,
        0.9983471298441795,
        0.9984432540496135,
        0.9985142185756082,
        0.9986136409222015,
        0.9986852861795221,
        0.9987571128965538,
        0.9988240599702994,
        0.9988917946088204,
        0.9989553746563342,
        0.999015534479071,
        0.9990722558048102,
        0.9991255567979487,
        0.9991754182650612,
        0.9992218530074333,
        0.9992648511595444,
        0.999304420265703,
        0.9993405512369197,
        0.9993732520440528,
        0.9994025168697526,
        0.9994283511042307,
        0.9994507504087343,
        0.9994697156791205,
        0.9994852445825766,
        0.9994973383118329,
        0.9995059976782754,
        0.9995112201352476,
        0.9995130095685717,
        0.999511361045138,
        0.9995062811431563,
        0.999497761475514,
        0.9994858117625502,
        0.9994704200135377,
        0.9994516009726586,
        0.9994293388206078,
        0.9994036512974684,
        0.999374520963805,
        0.9993419662010037,
        0.999305967147774,
        0.9992665463191207,
        0.9992236812385331,
        0.9991773962422853,
        0.9991276672686296,
        0.9990745248829699,
        0.9990179342109355,
        0.9989579321588007,
        0.9988944872428449,
        0.9988276299746304,
        0.9987573247820102,
        0.9986836103940568,
        0.998606452461213,
        0.9985258859181027,
        0.9984418775025254,
        0.9983544725202596,
        0.9982636199329207,
        0.9981693643798085,
        0.9980716709405316,
        0.9979705840112667,
        0.9978660518084268,
        0.9977581329109876,
        0.9976467759288553,
        0.9975320254651268,
        0.9974138325608441,
        0.9972922595686132,
        0.9971672461584424,
        0.9970388577089437,
        0.9969070306362872,
        0.9967718292408266,
        0.9966331957210395,
        0.9964912004565573,
        0.996345759941085,
        0.9961969560036726,
        0.9960447214454083,
        0.9958891258721858,
        0.9957300999119548,
        0.995567729008575,
        0.995401923104161,
        0.9952327706748128,
        0.9950601892935624,
        0.9948842730484542,
        0.9947049196278991,
        0.9945222212920166,
        0.994336105115649,
        0.9941466516487688,
        0.9939537931737036
    ],