{
    "frequencies": [
        4.7381,
        4.2936,
        8.692
    ],
    "anharmonicities": [
        -0.221,
        -0.226,
        -0.08
    ],
    "couplings": [
        0.055,
        0.05574
    ],
    "creationTime": "2021-08-05 19:53:22",
    "signalType": "cos",
    "gateType": "iSWAP",
    "nOptimizationLvls": 4,
    "riseTime": 25,
    "theta": -0.4099311423227606,
    "delta": 0.04590665742263593,
    "omegaPhi": 0.44312888761468966,
    "modulationTime": 75.3153022842682,
    "gateFidelity": 0.9971176268222532,
    "times": [
        61.86614116207745,
        62.202370190132214,
        62.53859921818698,
        62.874828246241755,
        63.21105727429652,
        63.54728630235129,
        63.883515330406055,
        64.21974435846083,
        64.5559733865156,
        64.89220241457036,
        65.22843144262514,
        65.5646604706799,
        65.90088949873467,
        66.23711852678944,
        66.5733475548442,
        66.90957658289898,
        67.24580561095375,
        67.58203463900851,
        67.91826366706329,
        68.25449269511805,
        68.59072172317282,
        68.9269507512276,
        69.26317977928235,
        69.59940880733713,
        69.9356378353919,
        70.27186686344666,
        70.60809589150143,
        70.94432491955621,
        71.28055394761097,
        71.61678297566574,
        71.9530120037205,
        72.28924103177528,
        72.62547005983005,
        72.96169908788481,
        73.29792811593958,
        73.63415714399436,
        73.97038617204912,
        74.30661520010389,
        74.64284422815865,
        74.97907325621343,
        75.3153022842682,
        75.65153131232297,
        75.98776034037775,
        76.3239893684325,
        76.66021839648728,
        76.99644742454205,
        77.33267645259681,
        77.66890548065159,
        78.00513450870635,
        78.34136353676112,
        78.6775925648159,
        79.01382159287066,
        79.35005062092543,
        79.6862796489802,
        80.02250867703496,
        80.35873770508974,
        80.69496673314451,
        81.03119576119927,
        81.36742478925404,
        81.7036538173088,
        82.03988284536358,
        82.37611187341835,
        82.71234090147311,
        83.04856992952789,
        83.38479895758266,
        83.72102798563742,
        84.0572570136922,
        84.39348604174697,
        84.72971506980173,
        85.0659440978565,
        85.40217312591128,
        85.73840215396604,
        86.07463118202081,
        86.41086021007557,
        86.74708923813034,
        87.08331826618512,
        87.41954729423988,
        87.75577632229465,
        88.09200535034941,
        88.42823437840418,
        88.76446340645896,
        89.10069243451372,
        89.43692146256849,
        89.77315049062327,
        90.10937951867803,
        90.4456085467328,
        90.78183757478757,
        91.11806660284233,
        91.45429563089711,
        91.79052465895188,
        92.12675368700664,
        92.46298271506141,
        92.79921174311619,
        93.13544077117095,
        93.47166979922572,
        93.8078988272805,
        94.14412785533526,
        94.48035688339003,
        94.81658591144479,
        95.15281493949956,
        95.48904396755432,
        95.8252729956091,
        96.16150202366387,
        96.49773105171863,
        96.8339600797734,
        97.17018910782818,
        97.50641813588294,
        97.84264716393771,
        98.17887619199249,
        98.51510522004725,
        98.85133424810202,
        99.1875632761568,
        99.52379230421155,
        99.86002133226633,
        100.1962503603211,
        100.53247938837586
    ],
    "fidelitiesAtTimes": [
        0.8581249430057566,
        0.8807846454800604,
        0.8221030026647835,
        0.8435129630100496,
        0.8961358384080425,
        0.8603733381889025,
        0.8529621784186994,
        0.9077100730067607,
        0.899834855285904,
        0.8694570858519599,
        0.9074275629123949,
        0.9284858791028692,
        0.8914608845709436,
        0.9040795331052236,
        0.9460544344057567,
        0.9359518938054553,
        0.9290892736630484,
        0.9593769933666018,
        0.9673088451786818,
        0.9557901161623699,
        0.9688138749514721,
        0.9813517308112566,
        0.975702032605686,
        0.97770942868074,
        0.98696309387125,
        0.9864851785008077,
        0.9849543143967949,
        0.9903065422613077,
        0.9938191811196806,
        0.9937349875494921,
        0.9945896058612467,
        0.9957779837547708,
        0.9960319560738583,
        0.9961947869852056,
        0.9963836822759502,
        0.9964194020363152,
        0.9965207329786503,
        0.9966951729727743,
        0.9968567888642218,
        0.99699307521871,
        0.9971176268222532,
        0.9972381201020944,
        0.9973544652180866,
        0.9974666248962698,
        0.9975745904742906,
        0.997678371742311,
        0.9977779532725665,
        0.9978733417510937,
        0.9979645332692965,
        0.9980515273984425,
        0.9981343201322762,
        0.9982129120837732,
        0.9982872738497113,
        0.9983574374602628,
        0.998423401051325,
        0.998485187694347,
        0.9985427667289357,
        0.9985961292478255,
        0.99864529592291,
        0.9986902455227863,
        0.9987309843817661,
        0.9987675166357359,
        0.9987998420469937,
        0.9988279569741826,
        0.9988518586450891,
        0.9988715640315977,
        0.9988870674227895,
        0.9988983622845211,
        0.9989054511704503,
        0.9989083302998478,
        0.9989070037708141,
        0.99890146585251,
        0.9988917215259228,
        0.9988777652237086,
        0.9988596032652588,
        0.9988372299901082,
        0.998810656431018,
        0.9987798724377329,
        0.9987448879156418,
        0.998705692519701,
        0.9986622991268362,
        0.9986147059567813,
        0.9985629067212827,
        0.9985068978695558,
        0.9984467018805476,
        0.9983823025660603,
        0.9983137073016559,
        0.9982409117697898,
        0.9981638960435445,
        0.9980826854898908,
        0.9979972891526643,
        0.9979076879127563,
        0.9978139025115367,
        0.997715920968861,
        0.9976137583738657,
        0.9975074145701083,
        0.9973968965739687,
        0.9972822230201809,
        0.9971633359284372,
        0.9970402551246467,
        0.9969130053766433,
        0.9967815626589767,
        0.9966459968642412,
        0.996506251404341,
        0.9963622795121243,
        0.9962141455577049,
        0.9960618311381231,
        0.9959053394065643,
        0.99574468283025,
        0.9955798538734463,
        0.9954108753446775,
        0.995237729056879,
        0.9950604388571771,
        0.9948789756911045,
        0.9946933741985224,
        0.9945036179676606
    ],
    "deviations": [
        [],
        [],
        [],
        []
    ],
    "fidelities1D_Dev": [
        [],
        [],
        [],
        []
    ],
    "fidelities2D_Theta_delta": null,
    "fidelities2D_Theta_omegaPhi": null,
    "fidelities2D_Theta_opTime": null,
    "fidelities2D_delta_omegaPhi": null,
    "fidelities2D_delta_opTime": null,
    "fidelities2D_omegaPhi_opTime": null
}