{
    "frequencies": [
        4.7381,
        4.2936,
        8.692
    ],
    "anharmonicities": [
        -0.221,
        -0.226,
        -0.08
    ],
    "couplings": [
        0.055,
        0.05574
    ],
    "creationTime": "2021-08-12 17:57:14",
    "comboSignal": false,
    "signalType": "arccos",
    "gateType": "iSWAP",
    "nOptimizationLvls": 4,
    "riseTime": 25,
    "dcAmplitude": 0.5186266639381183,
    "acAmplitude": 0.12230389736892505,
    "omegaPhi": 0.44561364597383446,
    "modulationTime": 50.73209719051641,
    "gateFidelity": 0.9996122839634005,
    "times": [
        37.11274224004221,
        37.453226113804064,
        37.79370998756592,
        38.13419386132777,
        38.47467773508963,
        38.81516160885148,
        39.15564548261334,
        39.49612935637519,
        39.83661323013705,
        40.1770971038989,
        40.517580977660764,
        40.85806485142262,
        41.19854872518447,
        41.53903259894633,
        41.87951647270818,
        42.22000034647004,
        42.56048422023189,
        42.90096809399375,
        43.2414519677556,
        43.581935841517456,
        43.92241971527931,
        44.262903589041166,
        44.60338746280302,
        44.943871336564875,
        45.28435521032673,
        45.624839084088585,
        45.96532295785044,
        46.305806831612294,
        46.64629070537415,
        46.98677457913601,
        47.327258452897865,
        47.66774232665972,
        48.008226200421575,
        48.34871007418343,
        48.689193947945284,
        49.02967782170714,
        49.370161695468994,
        49.71064556923085,
        50.0511294429927,
        50.39161331675456,
        50.73209719051641,
        51.07258106427827,
        51.41306493804012,
        51.75354881180198,
        52.09403268556383,
        52.43451655932569,
        52.77500043308754,
        53.115484306849396,
        53.45596818061125,
        53.796452054373106,
        54.13693592813496,
        54.47741980189682,
        54.81790367565868,
        55.15838754942053,
        55.498871423182386,
        55.83935529694424,
        56.179839170706096,
        56.52032304446795,
        56.860806918229805,
        57.20129079199166,
        57.541774665753515,
        57.88225853951537,
        58.222742413277224,
        58.56322628703908,
        58.903710160800934,
        59.24419403456279,
        59.58467790832464,
        59.925161782086505,
        60.26564565584836,
        60.606129529610214,
        60.94661340337207,
        61.287097277133924,
        61.62758115089578,
        61.96806502465763,
        62.30854889841949,
        62.64903277218134,
        62.9895166459432,
        63.33000051970505,
        63.67048439346691,
        64.01096826722876,
        64.35145214099062,
        64.69193601475247,
        65.03241988851433,
        65.37290376227618,
        65.71338763603804,
        66.05387150979989,
        66.39435538356175,
        66.7348392573236,
        67.07532313108545,
        67.41580700484731,
        67.75629087860916,
        68.09677475237102,
        68.43725862613289,
        68.77774249989474,
        69.1182263736566,
        69.45871024741845,
        69.7991941211803,
        70.13967799494216,
        70.48016186870402,
        70.82064574246587,
        71.16112961622773,
        71.50161348998958,
        71.84209736375144,
        72.18258123751329,
        72.52306511127514,
        72.863548985037,
        73.20403285879885,
        73.54451673256071,
        73.88500060632256,
        74.22548448008442,
        74.56596835384627,
        74.90645222760813,
        75.24693610136998,
        75.58741997513184,
        75.92790384889369,
        76.26838772265555
    ],
    "fidelitiesAtTimes": [
        0.8808420421738044,
        0.8398611287682758,
        0.8493706038304673,
        0.9073874156151722,
        0.8821420422585884,
        0.8679821165271473,
        0.9178878237707053,
        0.9211857871983993,
        0.8949672479650882,
        0.927414840079592,
        0.9512703061984485,
        0.92575749731812,
        0.9375451295543968,
        0.967127828880421,
        0.9549881384371843,
        0.9524175181905253,
        0.9765694446714418,
        0.976089934443762,
        0.9677317702698941,
        0.9813274802639016,
        0.9880748589452268,
        0.9819155755747986,
        0.9866909023092202,
        0.9937745345134477,
        0.9912825252092485,
        0.9916463025815219,
        0.9963171963232418,
        0.9968978936104238,
        0.9963547861233909,
        0.9980186684821908,
        0.9988769396774402,
        0.998679203267382,
        0.9990102956942097,
        0.9993503408206645,
        0.9993440636950197,
        0.999393908306707,
        0.9995007715964188,
        0.9995483163736448,
        0.999571632470834,
        0.9995935024289502,
        0.9996122839634005,
        0.9996287447184509,
        0.9996430884419762,
        0.9996553109234438,
        0.999665406658832,
        0.9996733684184722,
        0.9996792076728731,
        0.9996829181092304,
        0.9996845051624111,
        0.9996839585887667,
        0.9996812895843818,
        0.9996764859635924,
        0.9996695656528832,
        0.9996605142347196,
        0.9996493437850266,
        0.9996360308988326,
        0.999620599201909,
        0.9996030288552961,
        0.9995833422731393,
        0.9995615154351164,
        0.9995375745348376,
        0.9995114926819202,
        0.9994832981858085,
        0.9994529637608837,
        0.9994205161977898,
        0.9993859272264094,
        0.999349229051861,
        0.9993103857967777,
        0.9992694335727489,
        0.9992263371464667,
        0.9991811355029523,
        0.9991337895613934,
        0.9990843390955246,
        0.9990327446434175,
        0.998979048650346,
        0.9989232075925765,
        0.9988652670043437,
        0.9988051825146174,
        0.9987430000489447,
        0.9986786730040766,
        0.9986122473121262,
        0.9985436707972223,
        0.9984730071803053,
        0.9984001988162887,
        0.9983253016196019,
        0.9982482536452576,
        0.9981691130602247,
        0.998087827977805,
        0.9980044568269826,
        0.9979189353263583,
        0.9978313291344885,
        0.9977415749570625,
        0.9976497362934987,
        0.9975557567841703,
        0.9974597014217614,
        0.9973615459961991,
        0.9972612745954045,
        0.9971588984337343,
        0.9970543992986538,
        0.9969478094187861,
        0.9968391042005722,
        0.9967282364294385,
        0.996615303804211,
        0.9965002283575994,
        0.996383084719757,
        0.9962637909822911,
        0.9961424358062274,
        0.9960189317369185,
        0.9958933744411851,
        0.9957656724524944,
        0.9956359139977401,
        0.9955040024234814,
        0.9953700418297287,
        0.995233932677387,
        0.9950957827781393,
        0.9949554818974982
    ],
    "deviations": [
        [],
        [],
        [],
        []
    ],
    "fidelities1D_Dev": [
        [],
        [],
        [],
        []
    ],
    "fidelities2D_Theta_delta": null,
    "fidelities2D_Theta_omegaPhi": null,
    "fidelities2D_Theta_opTime": null,
    "fidelities2D_delta_omegaPhi": null,
    "fidelities2D_delta_opTime": null,
    "fidelities2D_omegaPhi_opTime": null
}