{
    "frequencies": [
        4.7381,
        4.2936,
        8.692
    ],
    "anharmonicities": [
        -0.221,
        -0.226,
        -0.08
    ],
    "couplings": [
        0.055,
        0.05574
    ],
    "creationTime": "2021-08-11 19:52:12",
    "comboSignal": false,
    "signalType": "arccos",
    "gateType": "iSWAP",
    "nOptimizationLvls": 4,
    "riseTime": 25,
    "dcAmplitude": 0.56719164,
    "acAmplitude": 0.14219211,
    "omegaPhi": 0.44741847,
    "modulationTime": 96.39367432,
    "gateFidelity": 0.9997818339422986,
    "times": [
        82.95901587818815,
        83.29488233923345,
        83.63074880027874,
        83.96661526132404,
        84.30248172236934,
        84.63834818341464,
        84.97421464445993,
        85.31008110550522,
        85.64594756655052,
        85.98181402759582,
        86.31768048864112,
        86.65354694968642,
        86.9894134107317,
        87.325279871777,
        87.6611463328223,
        87.9970127938676,
        88.3328792549129,
        88.66874571595818,
        89.00461217700348,
        89.34047863804878,
        89.67634509909408,
        90.01221156013938,
        90.34807802118466,
        90.68394448222996,
        91.01981094327526,
        91.35567740432056,
        91.69154386536586,
        92.02741032641114,
        92.36327678745644,
        92.69914324850174,
        93.03500970954704,
        93.37087617059234,
        93.70674263163762,
        94.04260909268292,
        94.37847555372822,
        94.71434201477352,
        95.05020847581882,
        95.3860749368641,
        95.7219413979094,
        96.0578078589547,
        96.39367432,
        96.7295407810453,
        97.0654072420906,
        97.4012737031359,
        97.73714016418118,
        98.07300662522648,
        98.40887308627178,
        98.74473954731708,
        99.08060600836238,
        99.41647246940767,
        99.75233893045296,
        100.08820539149826,
        100.42407185254356,
        100.75993831358886,
        101.09580477463415,
        101.43167123567945,
        101.76753769672474,
        102.10340415777004,
        102.43927061881534,
        102.77513707986063,
        103.11100354090593,
        103.44687000195123,
        103.78273646299652,
        104.11860292404182,
        104.45446938508711,
        104.79033584613241,
        105.1262023071777,
        105.462068768223,
        105.79793522926829,
        106.13380169031359,
        106.46966815135889,
        106.80553461240419,
        107.14140107344949,
        107.47726753449479,
        107.81313399554007,
        108.14900045658537,
        108.48486691763067,
        108.82073337867597,
        109.15659983972125,
        109.49246630076655,
        109.82833276181185,
        110.16419922285715,
        110.50006568390245,
        110.83593214494775,
        111.17179860599303,
        111.50766506703833,
        111.84353152808363,
        112.17939798912893,
        112.51526445017421,
        112.85113091121951,
        113.18699737226481,
        113.52286383331011,
        113.85873029435541,
        114.19459675540071,
        114.530463216446,
        114.8663296774913,
        115.20219613853659,
        115.53806259958188,
        115.87392906062718,
        116.20979552167248,
        116.54566198271777,
        116.88152844376307,
        117.21739490480837,
        117.55326136585367,
        117.88912782689896,
        118.22499428794426,
        118.56086074898955,
        118.89672721003484,
        119.23259367108014,
        119.56846013212544,
        119.90432659317074,
        120.24019305421604,
        120.57605951526133,
        120.91192597630663,
        121.24779243735192,
        121.58365889839722
    ],
    "fidelitiesAtTimes": [
        0.9487072292352945,
        0.925699029111757,
        0.9472212015473229,
        0.9506987828671256,
        0.93083448328163,
        0.9473864269045823,
        0.9768887376214803,
        0.9544419860486049,
        0.9519797422164082,
        0.9729140868801259,
        0.9661907682278832,
        0.9558062900196858,
        0.9761580005271753,
        0.9846883867747461,
        0.9711373852784166,
        0.9786476432432449,
        0.9893859024287759,
        0.9835747613714345,
        0.9834990308893243,
        0.9935958278885517,
        0.9928808138407417,
        0.9897488317399485,
        0.9945791764747292,
        0.9964258756687038,
        0.9942886110904763,
        0.9958366992975882,
        0.9982798706782254,
        0.9977701496812607,
        0.9977933602229415,
        0.9989932575507477,
        0.9992955142839823,
        0.9991903721019464,
        0.9994844411022005,
        0.9996712455981372,
        0.9996517847919627,
        0.9996909930731604,
        0.999738121659349,
        0.9997506194073378,
        0.9997606941477712,
        0.9997721493067869,
        0.9997818339422986,
        0.9997908835305547,
        0.9997995644429745,
        0.9998078898214484,
        0.9998158567427595,
        0.9998234586436322,
        0.9998307011598978,
        0.99983757968463,
        0.9998440909631002,
        0.9998502457573967,
        0.9998560405483392,
        0.999861473389451,
        0.9998665436989856,
        0.9998712516267663,
        0.9998755971219424,
        0.9998795766576698,
        0.999883194102235,
        0.9998864548233991,
        0.9998893525300175,
        0.9998918896861196,
        0.9998940632945622,
        0.9998958770040123,
        0.9998973262680522,
        0.9998984157568597,
        0.9998991406574037,
        0.9998995061636317,
        0.9998995065035412,
        0.9998991476712181,
        0.9998984232088596,
        0.9998973404992807,
        0.9998958917663063,
        0.9998940850987592,
        0.9998919122579253,
        0.9998893815793155,
        0.9998864838513166,
        0.9998832290693814,
        0.999879607131074,
        0.9998756283601746,
        0.9998712818769425,
        0.9998665796095068,
        0.9998615087119045,
        0.9998560825566087,
        0.9998502864977352,
        0.9998441357696339,
        0.9998376156552761,
        0.9998307411144228,
        0.9998234964142266,
        0.9998158978627171,
        0.9998079290219065,
        0.9997996086367124,
        0.9997909178823846,
        0.9997818731306772,
        0.9997724556362938,
        0.9997626844389688,
        0.9997525430451091,
        0.9997420478211533,
        0.9997311811862051,
        0.999719957584334,
        0.9997083612004806,
        0.9996964195005704,
        0.9996841034675537,
        0.9996714374251597,
        0.9996583982583077,
        0.9996450084227029,
        0.9996312463360933,
        0.999617133705548,
        0.9996026499999131,
        0.9995878170248247,
        0.9995726077042096,
        0.9995570489586807,
        0.9995411143290951,
        0.999524831406814,
        0.9995081731438067,
        0.9994911685604183,
        0.9994737880128592,
        0.9994560622733184
    ],
    "deviations": [
        [],
        [],
        [],
        []
    ],
    "fidelities1D_Dev": [
        [],
        [],
        [],
        []
    ],
    "fidelities2D_Theta_delta": null,
    "fidelities2D_Theta_omegaPhi": null,
    "fidelities2D_Theta_opTime": null,
    "fidelities2D_delta_omegaPhi": null,
    "fidelities2D_delta_opTime": null,
    "fidelities2D_omegaPhi_opTime": null
}