{
    "frequencies": [
        4.7381,
        4.1762,
        8.96
    ],
    "anharmonicities": [
        -0.221,
        -0.23,
        -0.08
    ],
    "couplings": [
        0.0545,
        0.05552
    ],
    "creationTime": "2021-07-31 20:14:03",
    "gateType": "SWAP",
    "nOptimizationLvls": 4,
    "riseTime": 25,
    "theta": -0.34565604801833943,
    "delta": 0.09751791617769097,
    "omegaPhi": 0.5607769151239849,
    "modulationTime": 69.57047805249823,
    "gateFidelity": 0.997573418441824,
    "times": [
        56.06164736269275,
        56.39936812993789,
        56.73708889718303,
        57.07480966442816,
        57.4125304316733,
        57.750251198918434,
        58.08797196616357,
        58.42569273340871,
        58.76341350065385,
        59.101134267898985,
        59.43885503514412,
        59.77657580238926,
        60.1142965696344,
        60.452017336879535,
        60.78973810412467,
        61.127458871369804,
        61.46517963861494,
        61.80290040586008,
        62.14062117310522,
        62.478341940350354,
        62.81606270759549,
        63.15378347484063,
        63.49150424208577,
        63.829225009330905,
        64.16694577657604,
        64.50466654382117,
        64.84238731106632,
        65.18010807831145,
        65.5178288455566,
        65.85554961280172,
        66.19327038004687,
        66.530991147292,
        66.86871191453713,
        67.20643268178227,
        67.5441534490274,
        67.88187421627255,
        68.21959498351768,
        68.55731575076283,
        68.89503651800796,
        69.2327572852531,
        69.57047805249823,
        69.90819881974336,
        70.24591958698849,
        70.58364035423364,
        70.92136112147877,
        71.25908188872391,
        71.59680265596904,
        71.93452342321419,
        72.27224419045932,
        72.60996495770446,
        72.9476857249496,
        73.28540649219474,
        73.62312725943987,
        73.960848026685,
        74.29856879393014,
        74.63628956117527,
        74.97401032842042,
        75.31173109566555,
        75.6494518629107,
        75.98717263015583,
        76.32489339740097,
        76.6626141646461,
        77.00033493189125,
        77.33805569913638,
        77.67577646638152,
        78.01349723362665,
        78.3512180008718,
        78.68893876811693,
        79.02665953536206,
        79.3643803026072,
        79.70210106985233,
        80.03982183709748,
        80.37754260434261,
        80.71526337158775,
        81.05298413883288,
        81.39070490607803,
        81.72842567332316,
        82.0661464405683,
        82.40386720781343,
        82.74158797505856,
        83.07930874230371,
        83.41702950954885,
        83.75475027679398,
        84.09247104403912,
        84.43019181128426,
        84.76791257852939,
        85.10563334577454,
        85.44335411301967,
        85.78107488026481,
        86.11879564750994,
        86.45651641475507,
        86.79423718200022,
        87.13195794924536,
        87.46967871649049,
        87.80739948373562,
        88.14512025098077,
        88.4828410182259,
        88.82056178547104,
        89.15828255271617,
        89.49600331996132,
        89.83372408720645,
        90.1714448544516,
        90.50916562169672,
        90.84688638894187,
        91.184607156187,
        91.52232792343213,
        91.86004869067727,
        92.19776945792242,
        92.53549022516755,
        92.87321099241268,
        93.21093175965783,
        93.54865252690296,
        93.8863732941481,
        94.22409406139323,
        94.56181482863838,
        94.8995355958835
    ],
    "fidelitiesAtTimes": [
        0.9913423092936859,
        0.9946632341961997,
        0.9953579072467246,
        0.9964792088394422,
        0.9953442272597748,
        0.9957481566236766,
        0.9976712236707227,
        0.9975596352002615,
        0.99784086693132,
        0.9974482049634907,
        0.9974974806846333,
        0.9962480415429248,
        0.9971567411003666,
        0.9972987574978834,
        0.9973531427658525,
        0.9971148638594955,
        0.9972317368265591,
        0.9977626813129852,
        0.9976228752851533,
        0.9976453188457028,
        0.9977095507115552,
        0.9978080571169375,
        0.9973701398160918,
        0.997559507719959,
        0.9975438692461372,
        0.997583770937392,
        0.9974704235167788,
        0.9976271094783632,
        0.9975914589518684,
        0.9975692944307257,
        0.9975429353389567,
        0.9975745128816907,
        0.997596897547616,
        0.9975643021413092,
        0.9975767465006122,
        0.9975746390906053,
        0.9975753986185735,
        0.9975659878858949,
        0.9975741610970633,
        0.9975732433068469,
        0.997573418441824,
        0.9975736837873885,
        0.9975739561014045,
        0.997574225890706,
        0.9975744944025073,
        0.997574760543462,
        0.997575034597595,
        0.9975753018993443,
        0.9975755643442064,
        0.9975758345187848,
        0.9975761038316596,
        0.99757637307113,
        0.9975766448486526,
        0.9975769173662222,
        0.9975771811037688,
        0.9975774523745861,
        0.9975777209825057,
        0.9975779907741954,
        0.9975782608710558,
        0.9975785233109455,
        0.9975787905158334,
        0.9975790531971649,
        0.9975793190884822,
        0.9975795859326162,
        0.9975798537469884,
        0.9975801195002193,
        0.997580378090305,
        0.9975806447411418,
        0.9975809092581788,
        0.9975811719692708,
        0.997581431455907,
        0.9975816974553682,
        0.9975819561877405,
        0.9975822220078907,
        0.9975824826231875,
        0.9975827471459299,
        0.997583000627392,
        0.9975832600104859,
        0.9975835164753786,
        0.9975837733216512,
        0.9975840275985011,
        0.9975842857244409,
        0.9975845385644686,
        0.9975847922816383,
        0.9975850503937611,
        0.9975853076807983,
        0.9975855622119092,
        0.9975858161240374,
        0.9975860702210937,
        0.9975863239600361,
        0.9975865797047447,
        0.9975868355447967,
        0.9975870853236571,
        0.9975873361308082,
        0.997587593715281,
        0.9975878518316582,
        0.9975881088532382,
        0.9975883658938873,
        0.9975886192371023,
        0.997588875875971,
        0.9975891314493776,
        0.9975893828635958,
        0.9975896374870661,
        0.99758989345972,
        0.9975901431833124,
        0.9975903973703595,
        0.9975906506027388,
        0.99759090343975,
        0.9975911562125207,
        0.9975914125426693,
        0.9975916726532713,
        0.9975919292770747,
        0.9975921779217423,
        0.9975924305735502,
        0.9975926790042025,
        0.9975929331220836
    ],