{
    "frequencies": [
        4.7381,
        4.1762,
        8.96
    ],
    "anharmonicities": [
        -0.221,
        -0.23,
        -0.08
    ],
    "couplings": [
        0.0545,
        0.05552
    ],
    "creationTime": "2021-07-14 00:11:45",
    "gateType": "iSWAP",
    "nOptimizationLvls": 4,
    "riseTime": 25,
    "theta": 0.4382514222643479,
    "delta": 0.04439824774071156,
    "omegaPhi": 0.5661766773112662,
    "modulationTime": 87.47753059541844,
    "gateFidelity": 0.9984642732406845,
    "times": [
        74.01944896535407,
        74.35590100610568,
        74.69235304685729,
        75.0288050876089,
        75.3652571283605,
        75.7017091691121,
        76.03816120986372,
        76.37461325061533,
        76.71106529136694,
        77.04751733211855,
        77.38396937287015,
        77.72042141362176,
        78.05687345437337,
        78.39332549512498,
        78.7297775358766,
        79.0662295766282,
        79.40268161737981,
        79.73913365813142,
        80.07558569888303,
        80.41203773963464,
        80.74848978038625,
        81.08494182113786,
        81.42139386188947,
        81.75784590264108,
        82.09429794339269,
        82.4307499841443,
        82.76720202489591,
        83.10365406564752,
        83.44010610639913,
        83.77655814715074,
        84.11301018790235,
        84.44946222865396,
        84.78591426940557,
        85.12236631015718,
        85.45881835090879,
        85.7952703916604,
        86.131722432412,
        86.46817447316361,
        86.80462651391522,
        87.14107855466683,
        87.47753059541844,
        87.81398263617005,
        88.15043467692166,
        88.48688671767327,
        88.82333875842488,
        89.15979079917649,
        89.4962428399281,
        89.83269488067971,
        90.16914692143132,
        90.50559896218293,
        90.84205100293454,
        91.17850304368615,
        91.51495508443776,
        91.85140712518937,
        92.18785916594098,
        92.52431120669259,
        92.8607632474442,
        93.1972152881958,
        93.53366732894742,
        93.87011936969903,
        94.20657141045064,
        94.54302345120225,
        94.87947549195385,
        95.21592753270546,
        95.55237957345707,
        95.88883161420868,
        96.2252836549603,
        96.5617356957119,
        96.89818773646351,
        97.23463977721512,
        97.57109181796673,
        97.90754385871834,
        98.24399589946995,
        98.58044794022156,
        98.91689998097317,
        99.25335202172478,
        99.58980406247639,
        99.926256103228,
        100.26270814397961,
        100.5991601847312,
        100.93561222548283,
        101.27206426623442,
        101.60851630698605,
        101.94496834773764,
        102.28142038848927,
        102.61787242924086,
        102.95432446999249,
        103.29077651074408,
        103.6272285514957,
        103.9636805922473,
        104.30013263299892,
        104.63658467375052,
        104.97303671450214,
        105.30948875525374,
        105.64594079600536,
        105.98239283675696,
        106.31884487750857,
        106.65529691826018,
        106.99174895901179,
        107.3282009997634,
        107.664653040515,
        108.00110508126662,
        108.33755712201823,
        108.67400916276983,
        109.01046120352144,
        109.34691324427305,
        109.68336528502466,
        110.01981732577627,
        110.35626936652788,
        110.69272140727949,
        111.0291734480311,
        111.36562548878271,
        111.70207752953432,
        112.03852957028593,
        112.37498161103754,
        112.71143365178915
    ],
    "fidelitiesAtTimes": [
        0.9676174216830349,
        0.9741220185912859,
        0.956354249200311,
        0.9706305216956321,
        0.9612191800399353,
        0.9672565602046651,
        0.9873349617958921,
        0.9679244236097857,
        0.9799402095224339,
        0.9779148665611876,
        0.9740034202457716,
        0.9915875819338744,
        0.9815602531114676,
        0.9859097191454257,
        0.9897235732519605,
        0.9840021321470204,
        0.9935736563737368,
        0.9917429179703727,
        0.9909655059783399,
        0.9955496508188105,
        0.992716112847509,
        0.9954656318908723,
        0.9968598021681118,
        0.9955133340124684,
        0.9976063686759596,
        0.9969685089258885,
        0.9972182732654671,
        0.9982655991757625,
        0.9977937941761296,
        0.998285551396054,
        0.9984491135326353,
        0.9983686719939916,
        0.9985685101989692,
        0.9985304951423183,
        0.998535632359873,
        0.998544092203194,
        0.9985184883509264,
        0.9985102848105967,
        0.9984979863362241,
        0.9984812540003075,
        0.9984642732406845,
        0.9984469922154477,
        0.9984295600421756,
        0.9984119385066318,
        0.9983941842178374,
        0.9983762776557636,
        0.9983582361856413,
        0.9983400418079649,
        0.9983217597943627,
        0.9983033224119524,
        0.9982847553195769,
        0.998265991320811,
        0.9982470953779579,
        0.9982280440710827,
        0.998208860969245,
        0.9981895906600482,
        0.9981701934801105,
        0.9981506433866982,
        0.9981309653517092,
        0.9981111434585241,
        0.9980911851715983,
        0.9980710697708449,
        0.9980508195094856,
        0.9980303922070091,
        0.9980098316621161,
        0.9979891213918414,
        0.9979682798822855,
        0.9979473093070659,
        0.9979262130766993,
        0.9979049733046926,
        0.9978835979358287,
        0.9978620712213013,
        0.9978404171108737,
        0.9978186045956985,
        0.9977966696478575,
        0.9977745705753212,
        0.997752342322365,
        0.997729956502838,
        0.9977074464747518,
        0.9976847021594148,
        0.9976619052415694,
        0.997638869821067,
        0.9976157082273499,
        0.9975923949852661,
        0.9975690427742011,
        0.9975454932107273,
        0.9975218199500467,
        0.9974979906703714,
        0.9974740304850285,
        0.9974499195636511,
        0.9974256274995653,
        0.9974012581612053,
        0.9973768048628318,
        0.9973521678890143,
        0.9973273584781017,
        0.9973024262684319,
        0.9972773405706565,
        0.9972521357362567,
        0.9972268035550679,
        0.997201315807348,
        0.997175698696984,
        0.997149965061207,
        0.9971241003572476,
        0.9970980530743623,
        0.9970718724838907,
        0.9970455343332221,
        0.9970190317375736,
        0.9969923734533562,
        0.9969655880742657,
        0.9969386468398312,
        0.9969115783865128,
        0.9968843904672189,
        0.9968570766156809,
        0.9968296035186615,
        0.9968020110235315,
        0.9967742598408623
    ],
    "deviations": [
        [
            -0.0005,
            -0.00046875,
            -0.0004375,
            -0.00040625000000000004,
            -0.000375,
            -0.00034375,
            -0.0003125,
            -0.00028125000000000003,
            -0.00025,
            -0.00021874999999999998,
            -0.0001875,
            -0.00015625000000000003,
            -0.000125,
            -9.374999999999997e-05,
            -6.25e-05,
            -3.125000000000003e-05,
            0.0,
            3.125000000000003e-05,
            6.250000000000006e-05,
            9.374999999999997e-05,
            0.000125,
            0.00015625000000000003,
            0.00018749999999999995,
            0.00021874999999999998,
            0.00025,
            0.00028125000000000003,
            0.00031250000000000006,
            0.00034375,
            0.000375,
            0.00040625000000000004,
            0.00043749999999999995,
            0.00046875,
            0.0005
        ],
        [],
        [],
        []
    ],