{
    "frequencies": [
        4.7381,
        4.1762,
        8.96
    ],
    "anharmonicities": [
        -0.221,
        -0.23,
        -0.08
    ],
    "couplings": [
        0.0545,
        0.05552
    ],
    "creationTime": "2021-07-24 15:22:04",
    "gateType": "CZ",
    "nOptimizationLvls": 4,
    "riseTime": 25,
    "theta": -0.42659981,
    "delta": 0.2098201,
    "omegaPhi": 0.58157912,
    "modulationTime": 117.18308693,
    "gateFidelity": 0.1619021049732031,
    "times": [
        103.79073413799999,
        104.1255429578,
        104.4603517776,
        104.7951605974,
        105.1299694172,
        105.46477823699999,
        105.7995870568,
        106.1343958766,
        106.4692046964,
        106.8040135162,
        107.138822336,
        107.47363115579999,
        107.8084399756,
        108.1432487954,
        108.4780576152,
        108.812866435,
        109.14767525479999,
        109.4824840746,
        109.8172928944,
        110.1521017142,
        110.486910534,
        110.82171935379999,
        111.1565281736,
        111.4913369934,
        111.8261458132,
        112.160954633,
        112.49576345279999,
        112.8305722726,
        113.1653810924,
        113.5001899122,
        113.834998732,
        114.16980755179999,
        114.5046163716,
        114.8394251914,
        115.1742340112,
        115.509042831,
        115.84385165079999,
        116.1786604706,
        116.5134692904,
        116.8482781102,
        117.18308693,
        117.5178957498,
        117.85270456960001,
        118.18751338940001,
        118.5223222092,
        118.857131029,
        119.1919398488,
        119.5267486686,
        119.86155748840001,
        120.1963663082,
        120.531175128,
        120.8659839478,
        121.2007927676,
        121.53560158740001,
        121.87041040720001,
        122.205219227,
        122.5400280468,
        122.8748368666,
        123.20964568640001,
        123.54445450620001,
        123.879263326,
        124.2140721458,
        124.5488809656,
        124.88368978540001,
        125.21849860520001,
        125.55330742500001,
        125.8881162448,
        126.2229250646,
        126.55773388440001,
        126.89254270420001,
        127.227351524,
        127.5621603438,
        127.8969691636,
        128.2317779834,
        128.5665868032,
        128.901395623,
        129.23620444280002,
        129.57101326260002,
        129.9058220824,
        130.2406309022,
        130.575439722,
        130.9102485418,
        131.2450573616,
        131.5798661814,
        131.9146750012,
        132.249483821,
        132.58429264080002,
        132.91910146060002,
        133.25391028040002,
        133.58871910020002,
        133.92352792,
        134.2583367398,
        134.5931455596,
        134.9279543794,
        135.2627631992,
        135.597572019,
        135.93238083880001,
        136.26718965860002,
        136.60199847840002,
        136.9368072982,
        137.271616118,
        137.6064249378,
        137.9412337576,
        138.2760425774,
        138.6108513972,
        138.945660217,
        139.2804690368,
        139.61527785660002,
        139.95008667640002,
        140.28489549620002,
        140.61970431600002,
        140.95451313580003,
        141.2893219556,
        141.6241307754,
        141.9589395952,
        142.293748415
    ],
    "fidelitiesAtTimes": [
        0.2362897349685002,
        0.29293892055944476,
        0.2698738688547713,
        0.27279264600686715,
        0.18076597307396453,
        0.17195704404787296,
        0.2690559930975237,
        0.3367236982364029,
        0.26436273739706906,
        0.30643372160433174,
        0.30576368208616245,
        0.20946078360179224,
        0.27778657243909677,
        0.31865943311419737,
        0.16857069443999922,
        0.23263470191620345,
        0.25465209809893297,
        0.29595377548681945,
        0.3056025563174099,
        0.27183980015352416,
        0.19192308040970613,
        0.23429739989287626,
        0.3126476440363416,
        0.31509023456751895,
        0.3131395322050407,
        0.3288605172098887,
        0.3170379782830371,
        0.19557411120493334,
        0.1937055512093611,
        0.20505045117199897,
        0.23421332324061667,
        0.22671866691048453,
        0.16084187560200197,
        0.16057492088426736,
        0.15761949243041842,
        0.1621253255207956,
        0.16189623652207438,
        0.1620811811841823,
        0.16330289932987765,
        0.1622595016825044,
        0.1619021049732031,
        0.16182804414392954,
        0.16175435031479615,
        0.16168102617754956,
        0.16160807033095848,
        0.16153548547011382,
        0.16146327017843992,
        0.16139142713912866,
        0.16131995492429113,
        0.16124885622664503,
        0.16117812959948924,
        0.16110777671685833,
        0.1610377992228297,
        0.16096819564699696,
        0.1608989747543203,
        0.1608301228400942,
        0.16076165479929783,
        0.16069355698283844,
        0.16062583816375212,
        0.16055850288848736,
        0.1604915417521236,
        0.1604249593618028,
        0.16035876421781609,
        0.16029294300946195,
        0.16022751017503206,
        0.16016245247914943,
        0.16009777743258424,
        0.1600334923907472,
        0.15996958428277064,
        0.1599060615138302,
        0.15984292829830987,
        0.15978017583750195,
        0.15971781399706847,
        0.15965583403047834,
        0.1595942401588147,
        0.15953304047293398,
        0.15947222235527597,
        0.15941179395267843,
        0.15935175922754458,
        0.15929210876335934,
        0.15923285501966647,
        0.15917398558493445,
        0.1591155085105977,
        0.15905742757990338,
        0.15899973468526027,
        0.15894243363851474,
        0.1588855321836828,
        0.15882901832480767,
        0.15877290503228264,
        0.15871718036475269,
        0.15866185205067035,
        0.1586069236393593,
        0.158552387432743,
        0.15849824701660858,
        0.15844450883878217,
        0.15839116439159429,
        0.15833822210214438,
        0.15828567447045436,
        0.158233524982426,
        0.1581817809534678,
        0.15813043106170643,
        0.15807948745994332,
        0.15802893896887363,
        0.15797879287924976,
        0.15792905230739426,
        0.1578797102377138,
        0.15783076989593486,
        0.15778223728963664,
        0.1577341045760559,
        0.15768637941624633,
        0.15763905503007294,
        0.15759213446233084,
        0.15754562458604557,
        0.15749951481761063,
        0.1574538120932644,
        0.15740851920429227
    ],
    "deviations": [
        [],
        [],
        [],
        []
    ],
    "fidelities1D_Dev": [
        [],
        [],
        [],
        []
    ],
    "fidelities2D_Theta_delta": null,
    "fidelities2D_Theta_omegaPhi": null,
    "fidelities2D_Theta_opTime": null,
    "fidelities2D_delta_omegaPhi": null,
    "fidelities2D_delta_opTime": null,
    "fidelities2D_omegaPhi_opTime": null
}