{
    "frequencies": [
        4.7381,
        4.1762,
        8.96
    ],
    "anharmonicities": [
        -0.221,
        -0.23,
        -0.08
    ],
    "couplings": [
        0.0545,
        0.05552
    ],
    "creationTime": "2021-07-13 16:56:53",
    "gateType": "iSWAP",
    "nOptimizationLvls": 4,
    "riseTime": 25,
    "theta": 0.403166181,
    "delta": 0.0216061627,
    "omegaPhi": 0.5570670955702179,
    "modulationTime": 79.8055976,
    "gateFidelity": 0.9825038237812821,
    "times": [
        66.27922512542374,
        66.61738443728814,
        66.95554374915254,
        67.29370306101696,
        67.63186237288136,
        67.97002168474576,
        68.30818099661018,
        68.64634030847458,
        68.98449962033898,
        69.3226589322034,
        69.6608182440678,
        69.9989775559322,
        70.33713686779662,
        70.67529617966102,
        71.01345549152542,
        71.35161480338984,
        71.68977411525424,
        72.02793342711864,
        72.36609273898306,
        72.70425205084746,
        73.04241136271186,
        73.38057067457628,
        73.71872998644068,
        74.05688929830508,
        74.3950486101695,
        74.7332079220339,
        75.0713672338983,
        75.40952654576272,
        75.74768585762712,
        76.08584516949152,
        76.42400448135594,
        76.76216379322034,
        77.10032310508474,
        77.43848241694916,
        77.77664172881356,
        78.11480104067797,
        78.45296035254238,
        78.79111966440678,
        79.1292789762712,
        79.4674382881356,
        79.8055976,
        80.1437569118644,
        80.4819162237288,
        80.82007553559322,
        81.15823484745762,
        81.49639415932202,
        81.83455347118644,
        82.17271278305084,
        82.51087209491524,
        82.84903140677966,
        83.18719071864406,
        83.52535003050846,
        83.86350934237288,
        84.20166865423728,
        84.53982796610168,
        84.8779872779661,
        85.2161465898305,
        85.5543059016949,
        85.89246521355932,
        86.23062452542372,
        86.56878383728812,
        86.90694314915254,
        87.24510246101694,
        87.58326177288134,
        87.92142108474576,
        88.25958039661016,
        88.59773970847456,
        88.93589902033898,
        89.27405833220338,
        89.61221764406778,
        89.9503769559322,
        90.2885362677966,
        90.626695579661,
        90.96485489152542,
        91.30301420338982,
        91.64117351525422,
        91.97933282711864,
        92.31749213898304,
        92.65565145084744,
        92.99381076271186,
        93.33197007457626,
        93.67012938644066,
        94.00828869830508,
        94.34644801016948,
        94.68460732203388,
        95.0227666338983,
        95.3609259457627,
        95.6990852576271,
        96.03724456949152,
        96.37540388135592,
        96.71356319322032,
        97.05172250508474,
        97.38988181694914,
        97.72804112881354,
        98.06620044067796,
        98.40435975254236,
        98.74251906440676,
        99.08067837627118,
        99.41883768813558,
        99.75699699999998,
        100.0951563118644,
        100.4333156237288,
        100.7714749355932,
        101.10963424745762,
        101.44779355932202,
        101.78595287118642,
        102.12411218305084,
        102.46227149491524,
        102.80043080677964,
        103.13859011864406,
        103.47674943050846,
        103.81490874237286,
        104.15306805423728,
        104.49122736610168,
        104.82938667796608,
        105.1675459898305
    ],
    "fidelitiesAtTimes": [
        0.9690207665385028,
        0.9700683518403228,
        0.9659486788201559,
        0.9747095510570573,
        0.9702300683379097,
        0.9719730403686929,
        0.9770503917396702,
        0.972581400878387,
        0.9772956448583109,
        0.977615160219052,
        0.9758144051043832,
        0.9801754311999599,
        0.9781976942412518,
        0.9791361913721222,
        0.9812496069039064,
        0.979547559494139,
        0.9814882317702605,
        0.9816066709827611,
        0.9810748322180217,
        0.9825651907741119,
        0.9820631137021596,
        0.9823651986378499,
        0.9829634111338645,
        0.9825468823100156,
        0.9830115794503612,
        0.9831182130839787,
        0.982992180434865,
        0.9832191816760266,
        0.9831103815964101,
        0.9831019077001635,
        0.9831718818080588,
        0.9830934670753366,
        0.9830604885354305,
        0.9830138120071951,
        0.982936977317436,
        0.982881819821632,
        0.9828156602360754,
        0.982737544310179,
        0.98266162941989,
        0.9825831440805075,
        0.9825038237812821,
        0.9824242846727301,
        0.9823445137653148,
        0.982264536446159,
        0.9821842748540058,
        0.9821038361246621,
        0.9820231611809778,
        0.9819422875414381,
        0.9818611969039104,
        0.9817799309125569,
        0.9816984451995783,
        0.981616797089722,
        0.9815349214237509,
        0.9814529057371235,
        0.9813706230124545,
        0.9812881484116739,
        0.9812054497586793,
        0.9811225761723854,
        0.9810394918951639,
        0.9809562077295289,
        0.980872715543738,
        0.9807890215901631,
        0.9807051038871666,
        0.9806210226795556,
        0.9805367093592878,
        0.98045230673332,
        0.9803676776803589,
        0.9802828693415264,
        0.9801978475499284,
        0.9801126490642446,
        0.9800272196766343,
        0.9799416200125652,
        0.9798557883643587,
        0.9797697858709882,
        0.9796835498888591,
        0.979597137984541,
        0.9795104969190392,
        0.9794236919862019,
        0.979336667232463,
        0.979249462319211,
        0.9791620387754005,
        0.9790744369459491,
        0.9789866135315023,
        0.9788986117030138,
        0.9788103876521435,
        0.9787219857442251,
        0.9786333620318516,
        0.9785445605320119,
        0.9784555369093288,
        0.9783663358685356,
        0.9782769130134747,
        0.978187312857085,
        0.9780974906686651,
        0.9780074915041516,
        0.9779172705247324,
        0.9778268727240744,
        0.977736253001287,
        0.9776454567259201,
        0.9775544386838482,
        0.9774632442527562,
        0.9773718280265807,
        0.9772802356551151,
        0.9771884215965725,
        0.9770964315848323,
        0.977004219903902,
        0.976911832473547,
        0.9768192234688495,
        0.9767264388793346,
        0.9766334328046664,
        0.9765402513248448,
        0.9764468484744674,
        0.9763532703545224,
        0.9762594709813964,
        0.97616549648586,
        0.9760713008791662,
        0.9759769302512531
    ],
    "deviations": [
        [],
        [],
        [],
        []
    ],
    "fidelities1D_Dev": [
        [],
        [],
        [],
        []
    ],
    "fidelities2D_Theta_delta": null,
    "fidelities2D_Theta_omegaPhi": null,
    "fidelities2D_Theta_opTime": null,
    "fidelities2D_delta_omegaPhi": null,
    "fidelities2D_delta_opTime": null,
    "fidelities2D_omegaPhi_opTime": null
}