{
    "frequencies": [
        4.7381,
        4.1762,
        8.96
    ],
    "anharmonicities": [
        -0.221,
        -0.23,
        -0.08
    ],
    "couplings": [
        0.0545,
        0.05552
    ],
    "creationTime": "2021-07-07 00:05:03",
    "gateType": "CZ",
    "nOptimizationLvls": 4,
    "riseTime": 25,
    "theta": -0.366144215,
    "delta": 0.077654211,
    "omegaPhi": 0.8466716084151216,
    "modulationTime": 135.483199,
    "gateFidelity": 0.999580975343943,
    "times": [
        122.06902088118814,
        122.40437533415844,
        122.73972978712874,
        123.07508424009903,
        123.41043869306932,
        123.74579314603963,
        124.08114759900992,
        124.41650205198022,
        124.75185650495052,
        125.08721095792082,
        125.42256541089111,
        125.7579198638614,
        126.09327431683171,
        126.428628769802,
        126.7639832227723,
        127.0993376757426,
        127.4346921287129,
        127.77004658168319,
        128.10540103465348,
        128.4407554876238,
        128.7761099405941,
        129.11146439356438,
        129.44681884653468,
        129.78217329950496,
        130.11752775247527,
        130.45288220544558,
        130.78823665841585,
        131.12359111138616,
        131.45894556435647,
        131.79430001732675,
        132.12965447029706,
        132.46500892326736,
        132.80036337623764,
        133.13571782920795,
        133.47107228217826,
        133.80642673514853,
        134.14178118811884,
        134.47713564108912,
        134.81249009405943,
        135.14784454702973,
        135.483199,
        135.81855345297032,
        136.15390790594063,
        136.4892623589109,
        136.8246168118812,
        137.15997126485152,
        137.4953257178218,
        137.8306801707921,
        138.16603462376239,
        138.5013890767327,
        138.836743529703,
        139.17209798267328,
        139.5074524356436,
        139.8428068886139,
        140.17816134158417,
        140.51351579455448,
        140.8488702475248,
        141.18422470049507,
        141.51957915346537,
        141.85493360643565,
        142.19028805940596,
        142.52564251237627,
        142.86099696534654,
        143.19635141831685,
        143.53170587128716,
        143.86706032425744,
        144.20241477722774,
        144.53776923019802,
        144.87312368316833,
        145.20847813613864,
        145.54383258910892,
        145.87918704207922,
        146.21454149504953,
        146.5498959480198,
        146.88525040099012,
        147.22060485396042,
        147.5559593069307,
        147.891313759901,
        148.2266682128713,
        148.5620226658416,
        148.8973771188119,
        149.23273157178218,
        149.5680860247525,
        149.9034404777228,
        150.23879493069308,
        150.57414938366338,
        150.9095038366337,
        151.24485828960397,
        151.58021274257428,
        151.91556719554455,
        152.25092164851486,
        152.58627610148517,
        152.92163055445545,
        153.25698500742575,
        153.59233946039606,
        153.92769391336634,
        154.26304836633665,
        154.59840281930695,
        154.93375727227723,
        155.26911172524754,
        155.60446617821782,
        155.93982063118813,
        156.27517508415843,
        156.6105295371287,
        156.94588399009902,
        157.28123844306933,
        157.6165928960396,
        157.9519473490099,
        158.28730180198022,
        158.6226562549505,
        158.9580107079208,
        159.29336516089108,
        159.6287196138614,
        159.9640740668317,
        160.29942851980198,
        160.63478297277229
    ],
    "fidelitiesAtTimes": [
        0.9794603640402955,
        0.9839175804543847,
        0.9795662140593608,
        0.9846908759977092,
        0.9871648348704897,
        0.9886224281033543,
        0.9851623258313126,
        0.9892605207352222,
        0.9917090667211237,
        0.9902974151619898,
        0.9927555104183282,
        0.9936435510825827,
        0.9953597378499545,
        0.9941824737313073,
        0.9959652898180185,
        0.9971699348464856,
        0.9970804722443367,
        0.9979281232568175,
        0.99811092688724,
        0.9987834633390424,
        0.9984824574018785,
        0.998925788810147,
        0.9990486811586642,
        0.9990719736077068,
        0.9991770465848017,
        0.999141429718463,
        0.999303033767607,
        0.9992272205911702,
        0.9993426719004488,
        0.9993725668542777,
        0.9994111689475913,
        0.9994770446033486,
        0.9994906581446502,
        0.999538223615722,
        0.9995541032073725,
        0.999568000769651,
        0.9995796453008025,
        0.999580387383878,
        0.9995821921329606,
        0.999581624820085,
        0.999580975343943,
        0.9995803232233313,
        0.9995796617263665,
        0.999579011938781,
        0.9995783489517702,
        0.9995777078445742,
        0.999577043817599,
        0.9995764060063511,
        0.9995757578375712,
        0.999575129420516,
        0.9995744664213383,
        0.9995738099415217,
        0.9995731421194549,
        0.99957248416276,
        0.9995718137609966,
        0.9995711538296316,
        0.9995704943885629,
        0.9995698347180895,
        0.999569161217857,
        0.999568499008026,
        0.9995678251318673,
        0.9995671624251781,
        0.9995664881748357,
        0.9995658279162779,
        0.9995651701819905,
        0.99956452093222,
        0.9995638631491417,
        0.9995632151743074,
        0.9995625365850869,
        0.9995618793275571,
        0.9995612189212469,
        0.9995605510014514,
        0.9995598702053954,
        0.9995592034430674,
        0.9995585315971052,
        0.9995578714170102,
        0.9995571879796378,
        0.999556514886234,
        0.9995558295977048,
        0.9995551560923543,
        0.9995544867426316,
        0.9995538148750092,
        0.9995531452833136,
        0.9995524853592546,
        0.9995518145696973,
        0.9995511349221149,
        0.9995504423162747,
        0.9995497624646731,
        0.9995490681067792,
        0.9995483858039638,
        0.9995476911904675,
        0.9995470072657644,
        0.999546310097504,
        0.9995456227712491,
        0.9995449249579366,
        0.9995442395012681,
        0.9995435402912891,
        0.9995428521013288,
        0.999542152509655,
        0.9995414632956112,
        0.9995407622668822,
        0.9995400734808154,
        0.9995393713717833,
        0.9995386804173532,
        0.9995379782595304,
        0.999537297683428,
        0.9995365940914475,
        0.999535912085527,
        0.9995352051663062,
        0.9995345111800045,
        0.9995338038774296,
        0.999533125629877,
        0.9995324352494667,
        0.9995317379303812,
        0.9995310284068655,
        0.9995303291269018
    ],
    "deviations": [
        [],
        [],
        [],
        []
    ],
    "fidelities1D_Dev": [
        [],
        [],
        [],
        []
    ],
    "fidelities2D_Theta_delta": null,
    "fidelities2D_Theta_omegaPhi": null,
    "fidelities2D_Theta_opTime": null,
    "fidelities2D_delta_omegaPhi": null,
    "fidelities2D_delta_opTime": null,
    "fidelities2D_omegaPhi_opTime": null
}