{
    "frequencies": [
        4.7381,
        4.1762,
        8.96
    ],
    "anharmonicities": [
        -0.221,
        -0.23,
        -0.08
    ],
    "couplings": [
        0.0545,
        0.05552
    ],
    "creationTime": "2021-07-15 19:34:11",
    "gateType": "CZ",
    "nOptimizationLvls": 4,
    "riseTime": 25,
    "theta": 0.42826525818340444,
    "delta": 0.02280504954611305,
    "omegaPhi": 0.6821123337747342,
    "modulationTime": 115.22615648385022,
    "gateFidelity": 0.9968141535940193,
    "times": [
        101.82776619503042,
        102.16272595225092,
        102.49768570947141,
        102.83264546669191,
        103.1676052239124,
        103.50256498113289,
        103.8375247383534,
        104.17248449557388,
        104.50744425279439,
        104.84240401001487,
        105.17736376723538,
        105.51232352445587,
        105.84728328167635,
        106.18224303889686,
        106.51720279611735,
        106.85216255333785,
        107.18712231055834,
        107.52208206777884,
        107.85704182499933,
        108.19200158221983,
        108.52696133944032,
        108.86192109666081,
        109.19688085388131,
        109.5318406111018,
        109.8668003683223,
        110.20176012554279,
        110.5367198827633,
        110.87167963998378,
        111.20663939720428,
        111.54159915442477,
        111.87655891164526,
        112.21151866886576,
        112.54647842608625,
        112.88143818330676,
        113.21639794052724,
        113.55135769774775,
        113.88631745496824,
        114.22127721218874,
        114.55623696940923,
        114.89119672662972,
        115.22615648385022,
        115.5611162410707,
        115.8960759982912,
        116.2310357555117,
        116.56599551273219,
        116.90095526995269,
        117.23591502717318,
        117.57087478439368,
        117.90583454161417,
        118.24079429883467,
        118.57575405605516,
        118.91071381327565,
        119.24567357049615,
        119.58063332771664,
        119.91559308493714,
        120.25055284215763,
        120.58551259937813,
        120.92047235659862,
        121.25543211381913,
        121.59039187103961,
        121.9253516282601,
        122.2603113854806,
        122.5952711427011,
        122.9302308999216,
        123.26519065714209,
        123.60015041436259,
        123.93511017158308,
        124.27006992880358,
        124.60502968602407,
        124.93998944324457,
        125.27494920046506,
        125.60990895768555,
        125.94486871490605,
        126.27982847212654,
        126.61478822934704,
        126.94974798656753,
        127.28470774378803,
        127.61966750100852,
        127.95462725822901,
        128.2895870154495,
        128.62454677267002,
        128.9595065298905,
        129.294466287111,
        129.6294260443315,
        129.964385801552,
        130.29934555877247,
        130.63430531599298,
        130.96926507321348,
        131.30422483043395,
        131.63918458765446,
        131.97414434487496,
        132.30910410209546,
        132.64406385931593,
        132.97902361653644,
        133.31398337375694,
        133.64894313097744,
        133.98390288819792,
        134.31886264541842,
        134.65382240263892,
        134.9887821598594,
        135.3237419170799,
        135.6587016743004,
        135.9936614315209,
        136.32862118874138,
        136.66358094596188,
        136.99854070318239,
        137.3335004604029,
        137.66846021762336,
        138.00341997484387,
        138.33837973206437,
        138.67333948928484,
        139.00829924650535,
        139.34325900372585,
        139.67821876094632,
        140.01317851816682,
        140.34813827538733
    ],
    "fidelitiesAtTimes": [
        0.9632848727956057,
        0.9407634585532,
        0.9615880236948835,
        0.9574798526298298,
        0.9595511420740866,
        0.9662749577519361,
        0.957917970453444,
        0.9774140174345869,
        0.9636541096183766,
        0.9797659287356637,
        0.9665081855194957,
        0.9824628094128347,
        0.9762740379078387,
        0.9834329713657212,
        0.9798372412519797,
        0.9825729685820145,
        0.9864677092613263,
        0.9854046305955396,
        0.9884980741109797,
        0.9857304767976836,
        0.9904896301494794,
        0.9886262159373608,
        0.9914555005744946,
        0.9903339083329572,
        0.9920204781752936,
        0.9919021987112714,
        0.9926108138750773,
        0.9932173362196697,
        0.9934466334343618,
        0.9940037023022285,
        0.994100730780807,
        0.994641928146377,
        0.9948240755456812,
        0.9952091450263184,
        0.9954715130612506,
        0.9957198293691082,
        0.9959401356202887,
        0.9961697511798316,
        0.9964017546442282,
        0.9966118932275743,
        0.9968141535940193,
        0.9970105625825614,
        0.9972004597814996,
        0.9973839018966089,
        0.9975608216925498,
        0.9977312705505991,
        0.9978951894218758,
        0.9980526333967028,
        0.9982035385118561,
        0.9983479616121741,
        0.9984858470465643,
        0.9986172285764677,
        0.9987420634019546,
        0.9988603969288053,
        0.9989721446090583,
        0.999077422418446,
        0.9991761505224701,
        0.9992683203440114,
        0.9993539918719657,
        0.9994331102035483,
        0.9995056830412101,
        0.9995717513151197,
        0.9996312497001878,
        0.999684208858266,
        0.9997306499169308,
        0.9997705494855564,
        0.999803887587006,
        0.9998306944779394,
        0.9998509532048037,
        0.9998646633799361,
        0.9998718262343435,
        0.9998724384830748,
        0.9998665052593028,
        0.9998540186101443,
        0.9998349892484457,
        0.9998094041191392,
        0.9997772809371057,
        0.9997386019870491,
        0.9996933906608338,
        0.9996416221440393,
        0.9995833466461574,
        0.9995184963437959,
        0.9994471218949903,
        0.9993691906957718,
        0.9992847455284217,
        0.9991937784465887,
        0.9990962706897983,
        0.9989922089891403,
        0.9988816375661695,
        0.9987645158517993,
        0.9986408974477795,
        0.998510725672069,
        0.9983740611015298,
        0.9982308444700395,
        0.9980811490923426,
        0.9979249183428003,
        0.9977622121462654,
        0.9975929781317312,
        0.997417278793686,
        0.9972350460096031,
        0.9970463723414709,
        0.9968511606179898,
        0.9966495118243074,
        0.9964413344865406,
        0.9962267285005992,
        0.9960056140306349,
        0.9957780866666546,
        0.9955440648220236,
        0.9953036228786705,
        0.9950566737474389,
        0.9948033318887666,
        0.9945434995004252,
        0.9942772898056289,
        0.9940045988490402,
        0.9937255393899743,
        0.9934400134712528
    ],
    "deviations": [
        [],
        [],
        [],
        []
    ],
    "fidelities1D_Dev": [
        [],
        [],
        [],
        []
    ],
    "fidelities2D_Theta_delta": null,
    "fidelities2D_Theta_omegaPhi": null,
    "fidelities2D_Theta_opTime": null,
    "fidelities2D_delta_omegaPhi": null,
    "fidelities2D_delta_opTime": null,
    "fidelities2D_omegaPhi_opTime": null
}