{
    "frequencies": [
        4.7381,
        4.1762,
        8.96
    ],
    "anharmonicities": [
        -0.221,
        -0.23,
        -0.08
    ],
    "couplings": [
        0.0545,
        0.05552
    ],
    "creationTime": "2021-07-16 00:25:16",
    "signalType": "cos",
    "gateType": "CZ",
    "nOptimizationLvls": 4,
    "riseTime": 25,
    "theta": -0.4341970138345219,
    "delta": 0.022301010084900125,
    "omegaPhi": 0.7638915087037563,
    "modulationTime": 96.16167370858396,
    "gateFidelity": 0.9998007376770801,
    "times": [
        82.75934984676041,
        83.094407943306,
        83.42946603985159,
        83.76452413639718,
        84.09958223294277,
        84.43464032948836,
        84.76969842603394,
        85.10475652257954,
        85.43981461912512,
        85.77487271567071,
        86.1099308122163,
        86.44498890876189,
        86.78004700530748,
        87.11510510185306,
        87.45016319839866,
        87.78522129494424,
        88.12027939148983,
        88.45533748803543,
        88.790395584581,
        89.1254536811266,
        89.46051177767218,
        89.79556987421778,
        90.13062797076337,
        90.46568606730895,
        90.80074416385455,
        91.13580226040013,
        91.47086035694572,
        91.8059184534913,
        92.1409765500369,
        92.47603464658249,
        92.81109274312807,
        93.14615083967367,
        93.48120893621925,
        93.81626703276484,
        94.15132512931042,
        94.48638322585602,
        94.82144132240161,
        95.15649941894719,
        95.49155751549279,
        95.82661561203837,
        96.16167370858396,
        96.49673180512956,
        96.83178990167515,
        97.16684799822073,
        97.50190609476633,
        97.8369641913119,
        98.1720222878575,
        98.50708038440308,
        98.84213848094868,
        99.17719657749427,
        99.51225467403985,
        99.84731277058545,
        100.18237086713103,
        100.51742896367662,
        100.8524870602222,
        101.1875451567678,
        101.52260325331338,
        101.85766134985897,
        102.19271944640457,
        102.52777754295015,
        102.86283563949574,
        103.19789373604132,
        103.53295183258692,
        103.8680099291325,
        104.20306802567809,
        104.53812612222369,
        104.87318421876927,
        105.20824231531486,
        105.54330041186044,
        105.87835850840604,
        106.21341660495162,
        106.54847470149721,
        106.88353279804281,
        107.21859089458839,
        107.55364899113398,
        107.88870708767956,
        108.22376518422516,
        108.55882328077074,
        108.89388137731633,
        109.22893947386191,
        109.56399757040751,
        109.8990556669531,
        110.23411376349868,
        110.56917186004428,
        110.90422995658986,
        111.23928805313545,
        111.57434614968105,
        111.90940424622663,
        112.24446234277222,
        112.5795204393178,
        112.9145785358634,
        113.24963663240898,
        113.58469472895457,
        113.91975282550015,
        114.25481092204575,
        114.58986901859134,
        114.92492711513692,
        115.25998521168252,
        115.5950433082281,
        115.9301014047737,
        116.26515950131929,
        116.60021759786487,
        116.93527569441045,
        117.27033379095604,
        117.60539188750164,
        117.94044998404722,
        118.27550808059281,
        118.6105661771384,
        118.94562427368399,
        119.28068237022958,
        119.61574046677516,
        119.95079856332076,
        120.28585665986634,
        120.62091475641193,
        120.95597285295752,
        121.29103094950311
    ],
    "fidelitiesAtTimes": [
        0.9565353905268401,
        0.9752182275230163,
        0.9639175685138819,
        0.9772388495866956,
        0.9690780490802237,
        0.9838616780517132,
        0.9751906255442847,
        0.9856331849051972,
        0.9798670136292342,
        0.9901324035822,
        0.9846604343311103,
        0.9915790497107118,
        0.9880951637268204,
        0.9943473826110555,
        0.9915564894402327,
        0.9953799592556309,
        0.9936957731547255,
        0.9968945495501476,
        0.9957907832753335,
        0.9975693978619755,
        0.9970193818339892,
        0.9982590174814246,
        0.9979801243654711,
        0.9986910701332372,
        0.9986360048305902,
        0.9989742773812207,
        0.9989933633007707,
        0.9992272967353225,
        0.9992886994332846,
        0.9993816320582478,
        0.9994431719782035,
        0.999510326168514,
        0.9995620656795451,
        0.9996121187958927,
        0.9996492788381776,
        0.9996810194094932,
        0.9997098927223181,
        0.9997373344071201,
        0.999760136845671,
        0.9997815178743543,
        0.9998007376770801,
        0.9998185413053744,
        0.999834913799044,
        0.9998498739016884,
        0.9998634152111647,
        0.9998755373068802,
        0.9998862518843076,
        0.9998955404668077,
        0.999903405785145,
        0.9999098444520615,
        0.9999148576800263,
        0.9999184440888405,
        0.9999206143214266,
        0.9999213593191054,
        0.9999206892580708,
        0.9999185928237576,
        0.9999150817130505,
        0.999910136192292,
        0.9999037741314835,
        0.9998959905611178,
        0.9998867997877939,
        0.9998761759797654,
        0.9998641606023309,
        0.9998507038595704,
        0.9998358312402191,
        0.9998195254049591,
        0.9998018110539277,
        0.999782663307391,
        0.9997620857854213,
        0.9997400691218022,
        0.9997166628851331,
        0.9996917981958499,
        0.9996655260232448,
        0.9996378156619998,
        0.9996086993630382,
        0.9995781443819436,
        0.9995462089023863,
        0.9995128030266193,
        0.9994779956241986,
        0.999441746221103,
        0.9994040992055435,
        0.9993650098238323,
        0.999324551420566,
        0.9992826188249196,
        0.9992392905811436,
        0.9991945147087323,
        0.9991483424226877,
        0.9991007283290878,
        0.9990517104951383,
        0.9990012456035362,
        0.9989493871239953,
        0.998896083138747,
        0.9988413892286372,
        0.9987852471732145,
        0.9987277658084059,
        0.9986688387386605,
        0.9986085245489672,
        0.9985467063016742,
        0.9984835024850295,
        0.9984188512539607,
        0.9983528184860406,
        0.9982853420844024,
        0.9982165698684952,
        0.9981462547146276,
        0.9980745589973881,
        0.9980014188131202,
        0.9979268937361307,
        0.9978509201662252,
        0.9977735738138828,
        0.9976948391994614,
        0.997614762136999,
        0.9975332335730618,
        0.9974503380203114,
        0.9973659875041869,
        0.9972803166444291,
        0.9971931504338558
    ],
    "deviations": [
        [],
        [],
        [],
        []
    ],
    "fidelities1D_Dev": [
        [],
        [],
        [],
        []
    ],
    "fidelities2D_Theta_delta": null,
    "fidelities2D_Theta_omegaPhi": null,
    "fidelities2D_Theta_opTime": null,
    "fidelities2D_delta_omegaPhi": null,
    "fidelities2D_delta_opTime": null,
    "fidelities2D_omegaPhi_opTime": null
}