{
    "frequencies": [
        4.7381,
        4.1762,
        8.96
    ],
    "anharmonicities": [
        -0.221,
        -0.23,
        -0.08
    ],
    "couplings": [
        0.0545,
        0.05552
    ],
    "creationTime": "2021-07-15 17:05:12",
    "signalType": "cos",
    "gateType": "iSWAP",
    "nOptimizationLvls": 4,
    "riseTime": 25,
    "theta": -0.4362770110485168,
    "delta": 0.046049125065685384,
    "omegaPhi": 0.5655265353291116,
    "modulationTime": 99.59799847258469,
    "gateFidelity": 0.998639428330165,
    "times": [
        86.13880948980298,
        86.47528921437252,
        86.81176893894207,
        87.14824866351161,
        87.48472838808115,
        87.8212081126507,
        88.15768783722024,
        88.49416756178978,
        88.83064728635932,
        89.16712701092887,
        89.50360673549841,
        89.84008646006795,
        90.1765661846375,
        90.51304590920704,
        90.84952563377658,
        91.18600535834612,
        91.52248508291567,
        91.85896480748521,
        92.19544453205475,
        92.5319242566243,
        92.86840398119384,
        93.20488370576338,
        93.54136343033292,
        93.87784315490246,
        94.21432287947201,
        94.55080260404155,
        94.8872823286111,
        95.22376205318064,
        95.56024177775018,
        95.89672150231972,
        96.23320122688926,
        96.5696809514588,
        96.90616067602835,
        97.24264040059789,
        97.57912012516744,
        97.91559984973698,
        98.25207957430652,
        98.58855929887606,
        98.9250390234456,
        99.26151874801515,
        99.59799847258469,
        99.93447819715423,
        100.27095792172378,
        100.60743764629332,
        100.94391737086286,
        101.2803970954324,
        101.61687682000195,
        101.95335654457149,
        102.28983626914103,
        102.62631599371058,
        102.96279571828012,
        103.29927544284966,
        103.6357551674192,
        103.97223489198875,
        104.30871461655829,
        104.64519434112783,
        104.98167406569738,
        105.31815379026692,
        105.65463351483646,
        105.991113239406,
        106.32759296397555,
        106.66407268854509,
        107.00055241311463,
        107.33703213768418,
        107.67351186225372,
        108.00999158682326,
        108.3464713113928,
        108.68295103596235,
        109.01943076053189,
        109.35591048510143,
        109.69239020967098,
        110.02886993424052,
        110.36534965881006,
        110.7018293833796,
        111.03830910794915,
        111.37478883251869,
        111.71126855708823,
        112.04774828165777,
        112.38422800622732,
        112.72070773079687,
        113.0571874553664,
        113.39366717993596,
        113.73014690450549,
        114.06662662907505,
        114.40310635364457,
        114.73958607821413,
        115.07606580278366,
        115.41254552735322,
        115.74902525192275,
        116.0855049764923,
        116.42198470106183,
        116.75846442563139,
        117.09494415020092,
        117.43142387477047,
        117.76790359934,
        118.10438332390956,
        118.4408630484791,
        118.77734277304864,
        119.11382249761819,
        119.45030222218773,
        119.78678194675727,
        120.12326167132682,
        120.45974139589636,
        120.7962211204659,
        121.13270084503544,
        121.46918056960499,
        121.80566029417453,
        122.14214001874407,
        122.47861974331362,
        122.81509946788316,
        123.1515791924527,
        123.48805891702224,
        123.82453864159179,
        124.16101836616133,
        124.49749809073087,
        124.83397781530041
    ],
    "fidelitiesAtTimes": [
        0.9434148824587216,
        0.956181018168636,
        0.9554688356183293,
        0.9422712245718751,
        0.9826086085630324,
        0.9650836099610889,
        0.966150545068657,
        0.9762369007562608,
        0.9571432170341921,
        0.9809346867280215,
        0.9828943303397709,
        0.9736384586449388,
        0.9890036047388275,
        0.9782848810588435,
        0.9845697447144358,
        0.9933790690153825,
        0.9843043046426679,
        0.9931416635545158,
        0.990820264400395,
        0.9896687018540742,
        0.9971627327297149,
        0.9938729625965298,
        0.9962054622606837,
        0.9968343220841993,
        0.9949241510844816,
        0.997814265762168,
        0.9973365472256364,
        0.9974363672034434,
        0.9986478541138354,
        0.9982949592606356,
        0.9986676810328033,
        0.9986878760890889,
        0.9985660624326066,
        0.9986903106921279,
        0.9986023163029103,
        0.9986158683531163,
        0.9986641262045219,
        0.9986630760081832,
        0.9986555403725982,
        0.9986468270089934,
        0.998639428330165,
        0.9986317175823967,
        0.9986236034965088,
        0.9986150962457622,
        0.9986061933632161,
        0.9985969070108149,
        0.9985872161279629,
        0.9985771293343431,
        0.9985666365941774,
        0.9985557608367982,
        0.998544478206244,
        0.998532814893872,
        0.9985207572255608,
        0.9985083273822788,
        0.9984954920188226,
        0.9984822759258961,
        0.9984686517516363,
        0.998454640942156,
        0.9984402200460647,
        0.998425404081362,
        0.9984101775365521,
        0.9983945705739664,
        0.9983785544344072,
        0.9983621608154181,
        0.9983453754015257,
        0.9983281906163912,
        0.9983105953000957,
        0.9982926226002586,
        0.9982742377699323,
        0.9982554762208584,
        0.998236302736536,
        0.9982167543583691,
        0.9981967892689585,
        0.9981764516237248,
        0.9981556983093494,
        0.9981345724405216,
        0.9981130332248778,
        0.9980911178225675,
        0.9980687846120609,
        0.9980460794419919,
        0.998022960087283,
        0.9979994687676548,
        0.9979755652856295,
        0.9979512915103422,
        0.9979265983605382,
        0.9979015798105217,
        0.9978761490939014,
        0.9978503313129152,
        0.9978241137337195,
        0.9977975312501883,
        0.9977705248011881,
        0.9977431540243433,
        0.9977153671749571,
        0.9976871925053621,
        0.9976585643841733,
        0.9976295627720522,
        0.9976001445405165,
        0.9975703654324942,
        0.9975401961023745,
        0.997509663249707,
        0.9974787085443625,
        0.997447391028442,
        0.9974156510847092,
        0.9973835490412343,
        0.9973510239760621,
        0.997318137538084,
        0.9972847932713025,
        0.997251085997928,
        0.9972169913485004,
        0.997182498614206,
        0.9971476215665813,
        0.9971123425197195,
        0.997076637722839,
        0.997040612379798,
        0.9970041225307267,
        0.9969673476122111
    ],
    "deviations": [
        [],
        [],
        [],
        []
    ],
    "fidelities1D_Dev": [
        [],
        [],
        [],
        []
    ],
    "fidelities2D_Theta_delta": null,
    "fidelities2D_Theta_omegaPhi": null,
    "fidelities2D_Theta_opTime": null,
    "fidelities2D_delta_omegaPhi": null,
    "fidelities2D_delta_opTime": null,
    "fidelities2D_omegaPhi_opTime": null
}