{
    "frequencies": [
        4.7381,
        4.1762,
        8.96
    ],
    "anharmonicities": [
        -0.221,
        -0.23,
        -0.08
    ],
    "couplings": [
        0.0545,
        0.05552
    ],
    "creationTime": "2021-07-16 03:22:27",
    "comboSignal": false,
    "signalType": "cos",
    "gateType": "CZ",
    "nOptimizationLvls": 4,
    "riseTime": 25,
    "theta": 0.40314040975578314,
    "delta": 0.029589275603752976,
    "omegaPhi": 0.6604459410331751,
    "modulationTime": 106.0353855051878,
    "gateFidelity": 0.9999290536506532,
    "times": [
        92.65552613544801,
        92.99002261969152,
        93.324519103935,
        93.6590155881785,
        93.99351207242199,
        94.3280085566655,
        94.66250504090898,
        94.99700152515248,
        95.33149800939597,
        95.66599449363947,
        96.00049097788296,
        96.33498746212646,
        96.66948394636995,
        97.00398043061345,
        97.33847691485694,
        97.67297339910044,
        98.00746988334393,
        98.34196636758743,
        98.67646285183092,
        99.01095933607442,
        99.34545582031791,
        99.67995230456141,
        100.0144487888049,
        100.3489452730484,
        100.68344175729189,
        101.01793824153539,
        101.35243472577888,
        101.68693121002238,
        102.02142769426587,
        102.35592417850937,
        102.69042066275286,
        103.02491714699636,
        103.35941363123985,
        103.69391011548335,
        104.02840659972684,
        104.36290308397034,
        104.69739956821383,
        105.03189605245733,
        105.36639253670081,
        105.70088902094432,
        106.0353855051878,
        106.36988198943129,
        106.70437847367478,
        107.03887495791828,
        107.37337144216177,
        107.70786792640527,
        108.04236441064876,
        108.37686089489226,
        108.71135737913575,
        109.04585386337925,
        109.38035034762274,
        109.71484683186624,
        110.04934331610973,
        110.38383980035323,
        110.71833628459672,
        111.05283276884022,
        111.3873292530837,
        111.72182573732721,
        112.0563222215707,
        112.3908187058142,
        112.72531519005769,
        113.05981167430119,
        113.39430815854467,
        113.72880464278818,
        114.06330112703166,
        114.39779761127517,
        114.73229409551865,
        115.06679057976216,
        115.40128706400564,
        115.73578354824915,
        116.07028003249263,
        116.40477651673613,
        116.73927300097962,
        117.07376948522312,
        117.40826596946661,
        117.74276245371011,
        118.0772589379536,
        118.4117554221971,
        118.74625190644059,
        119.08074839068408,
        119.41524487492758,
        119.74974135917108,
        120.08423784341457,
        120.41873432765806,
        120.75323081190156,
        121.08772729614506,
        121.42222378038855,
        121.75672026463204,
        122.09121674887554,
        122.42571323311904,
        122.76020971736253,
        123.09470620160602,
        123.42920268584952,
        123.76369917009302,
        124.09819565433651,
        124.43269213858,
        124.7671886228235,
        125.10168510706698,
        125.43618159131049,
        125.77067807555397,
        126.10517455979748,
        126.43967104404096,
        126.77416752828447,
        127.10866401252795,
        127.44316049677145,
        127.77765698101494,
        128.11215346525844,
        128.44664994950193,
        128.78114643374542,
        129.11564291798894,
        129.45013940223242,
        129.7846358864759,
        130.1191323707194,
        130.45362885496291,
        130.7881253392064,
        131.1226218234499
    ],
    "fidelitiesAtTimes": [
        0.9612664848724591,
        0.9665488833758132,
        0.9682059593217046,
        0.968961388165306,
        0.9781108597799928,
        0.9742875588978789,
        0.9814905715451034,
        0.9777078398042459,
        0.985423920472865,
        0.9846960721426583,
        0.9870220358553345,
        0.9888884178758669,
        0.9886236405895916,
        0.9929178118250455,
        0.9913903023971631,
        0.9947475448451195,
        0.9936663437011776,
        0.9960496793291022,
        0.9961909894909124,
        0.996830805084595,
        0.9977674097181124,
        0.9975592676805063,
        0.9987955214271214,
        0.9984474846792736,
        0.9992365448616957,
        0.9990779378167289,
        0.9994537864681845,
        0.9995496331497076,
        0.9996138430374438,
        0.9997792560001685,
        0.9997525979007381,
        0.9998628007661109,
        0.9998467697446293,
        0.9998915869332452,
        0.999899669192865,
        0.9999095462557301,
        0.9999198669022903,
        0.9999223949474253,
        0.9999256730073929,
        0.9999275615415136,
        0.9999290536506532,
        0.9999303069586702,
        0.999931354909463,
        0.9999321933633387,
        0.9999328267341708,
        0.9999332502021933,
        0.999933468990808,
        0.9999334774846934,
        0.9999332816880727,
        0.9999328752635576,
        0.9999322648015037,
        0.9999314432443924,
        0.9999304183444068,
        0.9999291822351672,
        0.9999277428843973,
        0.9999260915741448,
        0.9999242373306299,
        0.9999221712048157,
        0.999919902028916,
        0.9999174203909474,
        0.9999147366414871,
        0.9999118394779309,
        0.9999087407840079,
        0.9999054298087493,
        0.9999019168651703,
        0.9998981902470698,
        0.9998942623112516,
        0.9998901215533271,
        0.9998857812881383,
        0.9998812270519032,
        0.9998764709631136,
        0.9998714999298907,
        0.9998663274451373,
        0.9998609400310752,
        0.9998553534190225,
        0.9998495526675729,
        0.9998435521791729,
        0.9998373375350672,
        0.9998309234119034,
        0.999824293383939,
        0.9998174648309058,
        0.9998104181356464,
        0.9998031722597871,
        0.9997957102141235,
        0.9997880485782058,
        0.9997801708803248,
        0.9997720964740553,
        0.999763805975177,
        0.9997553170826781,
        0.9997466116576368,
        0.99973771011635,
        0.9997285908794804,
        0.9997192750404003,
        0.999709740089337,
        0.9997000088652979,
        0.9996900585683062,
        0.9996799109767199,
        0.9996695463407402,
        0.9996589870312244,
        0.9996482077229978,
        0.9996372358083576,
        0.9996260426957966,
        0.9996146545841329,
        0.9996030463721872,
        0.9995912434341541,
        0.9995792199753712,
        0.9995670049505051,
        0.9995545697098128,
        0.99954194085733,
        0.9995290886620912,
        0.9995160427600593,
        0.9995027763494606,
        0.9994893178645216,
        0.999475636953725,
        0.9994617662627737,
        0.9994476741676209
    ],
    "deviations": [
        [],
        [],
        [],
        []
    ],
    "fidelities1D_Dev": [
        [],
        [],
        [],
        []
    ],
    "fidelities2D_Theta_delta": null,
    "fidelities2D_Theta_omegaPhi": null,
    "fidelities2D_Theta_opTime": null,
    "fidelities2D_delta_omegaPhi": null,
    "fidelities2D_delta_opTime": null,
    "fidelities2D_omegaPhi_opTime": null
}