{
    "frequencies": [
        4.7381,
        4.1762,
        8.96
    ],
    "anharmonicities": [
        -0.221,
        -0.23,
        -0.08
    ],
    "couplings": [
        0.0545,
        0.05552
    ],
    "creationTime": "2021-07-29 22:55:00",
    "gateType": "SWAP",
    "nOptimizationLvls": 4,
    "riseTime": 25,
    "theta": -0.385368513,
    "delta": 0.0390260274,
    "omegaPhi": 0.5411611,
    "modulationTime": 101.142609,
    "gateFidelity": 0.968429971120625,
    "times": [
        87.74623694701987,
        88.08114624834437,
        88.41605554966887,
        88.75096485099337,
        89.08587415231788,
        89.42078345364239,
        89.75569275496689,
        90.09060205629139,
        90.42551135761589,
        90.76042065894039,
        91.0953299602649,
        91.4302392615894,
        91.76514856291391,
        92.10005786423841,
        92.43496716556291,
        92.76987646688741,
        93.10478576821193,
        93.43969506953643,
        93.77460437086093,
        94.10951367218543,
        94.44442297350993,
        94.77933227483443,
        95.11424157615893,
        95.44915087748345,
        95.78406017880795,
        96.11896948013245,
        96.45387878145695,
        96.78878808278145,
        97.12369738410595,
        97.45860668543047,
        97.79351598675497,
        98.12842528807947,
        98.46333458940397,
        98.79824389072847,
        99.13315319205297,
        99.46806249337749,
        99.80297179470199,
        100.13788109602649,
        100.47279039735099,
        100.80769969867549,
        101.142609,
        101.4775183013245,
        101.812427602649,
        102.1473369039735,
        102.482246205298,
        102.81715550662251,
        103.15206480794701,
        103.48697410927151,
        103.82188341059602,
        104.15679271192052,
        104.49170201324502,
        104.82661131456953,
        105.16152061589403,
        105.49642991721853,
        105.83133921854304,
        106.16624851986754,
        106.50115782119204,
        106.83606712251655,
        107.17097642384105,
        107.50588572516556,
        107.84079502649006,
        108.17570432781456,
        108.51061362913906,
        108.84552293046357,
        109.18043223178807,
        109.51534153311258,
        109.85025083443708,
        110.18516013576158,
        110.52006943708608,
        110.8549787384106,
        111.1898880397351,
        111.5247973410596,
        111.8597066423841,
        112.1946159437086,
        112.5295252450331,
        112.86443454635761,
        113.19934384768212,
        113.53425314900662,
        113.86916245033112,
        114.20407175165562,
        114.53898105298012,
        114.87389035430462,
        115.20879965562914,
        115.54370895695364,
        115.87861825827814,
        116.21352755960264,
        116.54843686092714,
        116.88334616225166,
        117.21825546357616,
        117.55316476490066,
        117.88807406622516,
        118.22298336754966,
        118.55789266887416,
        118.89280197019866,
        119.22771127152318,
        119.56262057284768,
        119.89752987417218,
        120.23243917549668,
        120.56734847682118,
        120.9022577781457,
        121.2371670794702,
        121.5720763807947,
        121.9069856821192,
        122.2418949834437,
        122.5768042847682,
        122.9117135860927,
        123.24662288741722,
        123.58153218874172,
        123.91644149006622,
        124.25135079139072,
        124.58626009271522,
        124.92116939403974,
        125.25607869536424,
        125.59098799668874,
        125.92589729801324,
        126.26080659933774
    ],
    "fidelitiesAtTimes": [
        0.8735103166506992,
        0.8912086109257216,
        0.8899602806353197,
        0.8881155011723767,
        0.903654873233147,
        0.9055608554900433,
        0.9187623831534486,
        0.9276988189151266,
        0.9231476395987503,
        0.9318059107258214,
        0.935417918672256,
        0.9396850607362989,
        0.9484712626674865,
        0.9489498836617798,
        0.9496369577278019,
        0.9546089479222013,
        0.9551994720626311,
        0.9594328247042695,
        0.961504404086344,
        0.9609773095627319,
        0.9631183556633228,
        0.9640432252907767,
        0.9651126906626605,
        0.9662268630517163,
        0.9662636333566075,
        0.9665281805240704,
        0.9673920329267723,
        0.967559643131531,
        0.9678437221020058,
        0.9679103077919946,
        0.9678969498478951,
        0.968235305987227,
        0.9682706083157907,
        0.9683251385644379,
        0.9683139059251052,
        0.9683313456287894,
        0.9683871539800158,
        0.9684049173127818,
        0.9684139027460953,
        0.968420606644562,
        0.968429971120625,
        0.968439082248136,
        0.9684482317055252,
        0.9684573450006694,
        0.9684664972811101,
        0.9684755950343534,
        0.9684846978293343,
        0.9684937931892461,
        0.9685028559621968,
        0.9685119013459651,
        0.9685209862706092,
        0.9685300698387713,
        0.9685391538844044,
        0.9685481736149146,
        0.9685572506773671,
        0.9685663138732418,
        0.9685754285150769,
        0.9685844515424398,
        0.9685935102295368,
        0.9686025166213161,
        0.9686116028125914,
        0.9686206231439727,
        0.9686297017653777,
        0.968638725231197,
        0.9686477996202919,
        0.968656836620682,
        0.9686659091343843,
        0.9686749063527633,
        0.9686839292714534,
        0.9686929036124973,
        0.9687018913216543,
        0.9687108716718964,
        0.9687198865160183,
        0.9687288534778853,
        0.9687378625492951,
        0.9687468214176211,
        0.9687558632678683,
        0.9687648757406537,
        0.9687739734121156,
        0.9687830227152157,
        0.9687921039199965,
        0.9688011493179749,
        0.9688102321682317,
        0.9688192157598321,
        0.9688282147726393,
        0.9688371614348721,
        0.9688461816754552,
        0.9688551313767956,
        0.9688641492983814,
        0.9688731160007894,
        0.9688821256020288,
        0.9688910611600748,
        0.9689000604363613,
        0.9689089873467793,
        0.9689179568526838,
        0.9689269020736132,
        0.9689359349793731,
        0.9689449199835198,
        0.9689538930784731,
        0.9689628024084576,
        0.9689717606728735,
        0.9689806802124561,
        0.9689896547804813,
        0.9689986184202587,
        0.9690076159071509,
        0.9690165807633608,
        0.9690255746149112,
        0.9690345233597061,
        0.969043510551258,
        0.9690523974127252,
        0.9690613019320631,
        0.9690701344485337,
        0.9690790485860621,
        0.9690878847731857,
        0.9690967706222597,
        0.9691055656543879
    ],
    "deviations": [
        [],
        [],
        [],
        []
    ],
    "fidelities1D_Dev": [
        [],
        [],
        [],
        []
    ],
    "fidelities2D_Theta_delta": null,
    "fidelities2D_Theta_omegaPhi": null,
    "fidelities2D_Theta_opTime": null,
    "fidelities2D_delta_omegaPhi": null,
    "fidelities2D_delta_opTime": null,
    "fidelities2D_omegaPhi_opTime": null
}