{
    "frequencies": [
        4.7381,
        4.1762,
        8.96
    ],
    "anharmonicities": [
        -0.221,
        -0.23,
        -0.08
    ],
    "couplings": [
        0.0545,
        0.05552
    ],
    "creationTime": "2021-07-13 15:23:32",
    "signalType": "cos",
    "gateType": "iSWAP",
    "nOptimizationLvls": 4,
    "riseTime": 25,
    "theta": -0.24522589819941634,
    "delta": 0.1985619688344965,
    "omegaPhi": 0.5607288887284234,
    "modulationTime": 62.77634051524387,
    "gateFidelity": 0.8492353409613547,
    "times": [
        49.20307770113708,
        49.54240927148975,
        49.88174084184242,
        50.22107241219509,
        50.56040398254776,
        50.89973555290043,
        51.2390671232531,
        51.57839869360577,
        51.91773026395844,
        52.25706183431111,
        52.59639340466378,
        52.93572497501645,
        53.27505654536912,
        53.61438811572179,
        53.95371968607446,
        54.29305125642713,
        54.632382826779796,
        54.971714397132466,
        55.311045967485136,
        55.650377537837805,
        55.989709108190475,
        56.329040678543144,
        56.668372248895814,
        57.00770381924848,
        57.34703538960115,
        57.68636695995382,
        58.02569853030649,
        58.36503010065916,
        58.70436167101183,
        59.0436932413645,
        59.38302481171717,
        59.72235638206984,
        60.06168795242251,
        60.40101952277518,
        60.74035109312785,
        61.07968266348052,
        61.41901423383319,
        61.75834580418586,
        62.09767737453853,
        62.4370089448912,
        62.77634051524387,
        63.115672085596536,
        63.455003655949206,
        63.794335226301875,
        64.13366679665454,
        64.47299836700721,
        64.81232993735988,
        65.15166150771255,
        65.49099307806522,
        65.83032464841789,
        66.16965621877056,
        66.50898778912322,
        66.8483193594759,
        67.18765092982856,
        67.52698250018123,
        67.8663140705339,
        68.20564564088657,
        68.54497721123924,
        68.88430878159191,
        69.22364035194458,
        69.56297192229725,
        69.90230349264992,
        70.24163506300259,
        70.58096663335526,
        70.92029820370793,
        71.2596297740606,
        71.59896134441327,
        71.93829291476594,
        72.27762448511861,
        72.61695605547128,
        72.95628762582395,
        73.29561919617662,
        73.63495076652929,
        73.97428233688196,
        74.31361390723463,
        74.6529454775873,
        74.99227704793996,
        75.33160861829263,
        75.6709401886453,
        76.01027175899797,
        76.34960332935064,
        76.68893489970331,
        77.02826647005598,
        77.36759804040865,
        77.70692961076132,
        78.04626118111399,
        78.38559275146666,
        78.72492432181933,
        79.064255892172,
        79.40358746252467,
        79.74291903287734,
        80.08225060323001,
        80.42158217358268,
        80.76091374393535,
        81.10024531428802,
        81.43957688464069,
        81.77890845499336,
        82.11824002534603,
        82.4575715956987,
        82.79690316605137,
        83.13623473640403,
        83.4755663067567,
        83.81489787710937,
        84.15422944746204,
        84.49356101781471,
        84.83289258816738,
        85.17222415852005,
        85.51155572887272,
        85.85088729922539,
        86.19021886957806,
        86.52955043993073,
        86.8688820102834,
        87.20821358063607,
        87.54754515098874,
        87.88687672134141,
        88.22620829169408
    ],
    "fidelitiesAtTimes": [
        0.8469296575608063,
        0.8480267482312549,
        0.8479182439985177,
        0.8478155029071424,
        0.8480249845155022,
        0.8480782701120327,
        0.8484041788538086,
        0.8484297528990992,
        0.8486407382493167,
        0.8485023093879576,
        0.8485589302291,
        0.8485839448661263,
        0.8482941628250268,
        0.8485759860562553,
        0.8486497089533899,
        0.8486756186837873,
        0.8486957080859376,
        0.8488263312054153,
        0.8486597625996595,
        0.8488789217144103,
        0.8489595784148966,
        0.8488789419818158,
        0.8490476831855419,
        0.8490965511762116,
        0.8490473258561778,
        0.8491118859247366,
        0.8490768891842947,
        0.8491282853904023,
        0.849223137534233,
        0.8492087740107503,
        0.8491729012943431,
        0.849187035166725,
        0.8492013410249136,
        0.8492153718093596,
        0.8492267914631226,
        0.8492143078748207,
        0.8492191697361695,
        0.8492266894641247,
        0.8492273823488349,
        0.8492314081178011,
        0.8492353409613547,
        0.8492389695158027,
        0.8492425491073172,
        0.8492461772766751,
        0.8492497651319215,
        0.8492534143920798,
        0.8492569716044388,
        0.8492605989890883,
        0.8492641852274406,
        0.84926782588824,
        0.8492713902705514,
        0.8492750305334539,
        0.8492785945155165,
        0.8492822262316396,
        0.8492858121247405,
        0.8492894516208989,
        0.8492930148143671,
        0.8492966666082304,
        0.8493002831847354,
        0.8493039835266437,
        0.849307648100756,
        0.8493112545169301,
        0.8493148568671549,
        0.8493184542538106,
        0.84932205620829,
        0.8493256618058375,
        0.8493292633683591,
        0.8493328685894508,
        0.8493364619622596,
        0.8493400668030995,
        0.8493436598076893,
        0.8493472341786414,
        0.8493508482422489,
        0.849354430004953,
        0.8493580437136539,
        0.8493616251040725,
        0.8493652784616985,
        0.8493688817285536,
        0.849372494649083,
        0.8493760752370461,
        0.8493796963770383,
        0.8493832765884978,
        0.8493868973491555,
        0.8493904771613113,
        0.8493940752316032,
        0.8493976546649815,
        0.8494012577997931,
        0.8494048290739284,
        0.8494084486707696,
        0.8494120273313523,
        0.8494156242629632,
        0.8494192025086269,
        0.8494228044694013,
        0.8494264046105332,
        0.8494299930200213,
        0.8494335927566091,
        0.8494371807963341,
        0.8494407501527483,
        0.8494443378244068,
        0.8494479281827584,
        0.8494515231973037,
        0.8494551131590471,
        0.8494587077715534,
        0.8494623050761503,
        0.8494659129740221,
        0.849469488510875,
        0.8494730746464729,
        0.8494766497856723,
        0.8494802569013519,
        0.8494838316692725,
        0.8494874170249458,
        0.8494910136715514,
        0.8494946200327533,
        0.8494981940049154,
        0.8495018125975313,
        0.8495054400203413
    ],
    "deviations": [
        [],
        [],
        [],
        []
    ],
    "fidelities1D_Dev": [
        [],
        [],
        [],
        []
    ],
    "fidelities2D_Theta_delta": null,
    "fidelities2D_Theta_omegaPhi": null,
    "fidelities2D_Theta_opTime": null,
    "fidelities2D_delta_omegaPhi": null,
    "fidelities2D_delta_opTime": null,
    "fidelities2D_omegaPhi_opTime": null
}