{
    "frequencies": [
        4.7381,
        4.1762,
        8.96
    ],
    "anharmonicities": [
        -0.221,
        -0.23,
        -0.08
    ],
    "couplings": [
        0.0545,
        0.05552
    ],
    "creationTime": "2021-07-06 18:47:31",
    "signalType": "cos",
    "gateType": "iSWAP",
    "nOptimizationLvls": 4,
    "riseTime": 25,
    "theta": -0.24300583,
    "delta": 0.18855054,
    "omegaPhi": 0.5610296398503541,
    "modulationTime": 139.68066173,
    "gateFidelity": 0.9935241827978644,
    "times": [
        126.24982887134614,
        126.5855996928125,
        126.92137051427883,
        127.25714133574517,
        127.59291215721153,
        127.92868297867787,
        128.26445380014422,
        128.60022462161058,
        128.9359954430769,
        129.27176626454326,
        129.60753708600961,
        129.94330790747594,
        130.2790787289423,
        130.61484955040865,
        130.95062037187498,
        131.28639119334133,
        131.62216201480769,
        131.95793283627404,
        132.29370365774037,
        132.62947447920672,
        132.96524530067308,
        133.3010161221394,
        133.63678694360576,
        133.9725577650721,
        134.30832858653844,
        134.6440994080048,
        134.97987022947115,
        135.3156410509375,
        135.65141187240383,
        135.98718269387018,
        136.32295351533654,
        136.65872433680286,
        136.99449515826922,
        137.33026597973557,
        137.6660368012019,
        138.00180762266825,
        138.3375784441346,
        138.67334926560096,
        139.0091200870673,
        139.34489090853364,
        139.68066173,
        140.01643255146635,
        140.3522033729327,
        140.68797419439903,
        141.0237450158654,
        141.35951583733174,
        141.6952866587981,
        142.03105748026442,
        142.36682830173078,
        142.70259912319713,
        143.03836994466346,
        143.3741407661298,
        143.70991158759617,
        144.0456824090625,
        144.38145323052885,
        144.7172240519952,
        145.05299487346156,
        145.38876569492788,
        145.72453651639424,
        146.0603073378606,
        146.39607815932692,
        146.73184898079327,
        147.06761980225963,
        147.40339062372595,
        147.7391614451923,
        148.07493226665866,
        148.41070308812502,
        148.74647390959134,
        149.0822447310577,
        149.41801555252405,
        149.75378637399038,
        150.08955719545673,
        150.4253280169231,
        150.76109883838944,
        151.09686965985577,
        151.43264048132212,
        151.76841130278848,
        152.1041821242548,
        152.43995294572116,
        152.77572376718751,
        153.11149458865384,
        153.4472654101202,
        153.78303623158655,
        154.11880705305288,
        154.45457787451923,
        154.79034869598559,
        155.12611951745194,
        155.46189033891827,
        155.79766116038462,
        156.13343198185098,
        156.46920280331733,
        156.80497362478366,
        157.14074444625,
        157.47651526771637,
        157.8122860891827,
        158.14805691064905,
        158.4838277321154,
        158.81959855358173,
        159.15536937504808,
        159.49114019651444,
        159.82691101798076,
        160.16268183944712,
        160.49845266091347,
        160.83422348237983,
        161.16999430384615,
        161.5057651253125,
        161.84153594677886,
        162.1773067682452,
        162.51307758971154,
        162.8488484111779,
        163.18461923264425,
        163.52039005411058,
        163.85616087557693,
        164.1919316970433,
        164.5277025185096,
        164.86347333997597
    ],
    "fidelitiesAtTimes": [
        0.993058437859338,
        0.9931342170206667,
        0.9930419575673005,
        0.9929056389548269,
        0.9932678039070563,
        0.9932067258200931,
        0.9931721263836565,
        0.9933208797267312,
        0.9931556843359027,
        0.9934905718724296,
        0.9933403300053587,
        0.9933123171234437,
        0.993289189076874,
        0.9933967619694538,
        0.9935097777343381,
        0.9933840154227547,
        0.9934729799444793,
        0.9934693507511032,
        0.9934711592601644,
        0.9934617889332056,
        0.9934242236782291,
        0.9935030529686213,
        0.9935426482965741,
        0.993528067530279,
        0.9934739378424519,
        0.9934785994180567,
        0.9935172958147825,
        0.9935224821303986,
        0.9935264787834267,
        0.9935125302585677,
        0.9935193882364409,
        0.993528700917147,
        0.9935197992080921,
        0.9935181850996925,
        0.9935240117962021,
        0.9935279774362409,
        0.9935273723630782,
        0.9935246650721206,
        0.9935241868558917,
        0.9935245548255841,
        0.9935241827978644,
        0.9935237470798558,
        0.993523338162516,
        0.9935229050806939,
        0.9935224992346127,
        0.9935220677617398,
        0.9935216619847246,
        0.9935212300347198,
        0.9935208226200641,
        0.9935203952061643,
        0.9935199907182479,
        0.9935195573542714,
        0.9935191491607916,
        0.9935187177585275,
        0.993518310898399,
        0.9935178780445819,
        0.9935174706418218,
        0.993517039968752,
        0.9935166335863157,
        0.9935162002120854,
        0.9935157920950095,
        0.9935153581626894,
        0.9935149530169145,
        0.9935145191351289,
        0.9935141125470874,
        0.9935136814050957,
        0.9935132728349666,
        0.9935128397941261,
        0.9935124319448869,
        0.9935120008853382,
        0.9935115942160417,
        0.993511159223007,
        0.9935107514952776,
        0.9935103185410087,
        0.9935099173607924,
        0.9935094839117816,
        0.9935090768341072,
        0.9935086441335967,
        0.9935082404196145,
        0.9935078080690053,
        0.9935074034046881,
        0.9935069704511887,
        0.9935065629809905,
        0.9935061310111948,
        0.9935057213803151,
        0.993505288573133,
        0.9935048811007492,
        0.9935044474205046,
        0.993504041905662,
        0.9935036095284815,
        0.9935032020820465,
        0.993502767043247,
        0.9935023579916502,
        0.9935019240633547,
        0.9935015150238768,
        0.9935010803531821,
        0.9935006785934283,
        0.9935002464140206,
        0.9934998386380954,
        0.993499402693713,
        0.9934989926949062,
        0.993498558176235,
        0.9934981487230786,
        0.9934977150376681,
        0.9934973073220228,
        0.9934968740799185,
        0.9934964672019507,
        0.9934960364995564,
        0.9934956270720787,
        0.9934951920755154,
        0.9934947812117063,
        0.9934943461320589,
        0.993493935161176,
        0.9934935006727013,
        0.9934930903413008,
        0.9934926535300266
    ],
    "deviations": [
        [],
        [],
        [],
        []
    ],
    "fidelities1D_Dev": [
        [],
        [],
        [],
        []
    ],
    "fidelities2D_Theta_delta": null,
    "fidelities2D_Theta_omegaPhi": null,
    "fidelities2D_Theta_opTime": null,
    "fidelities2D_delta_omegaPhi": null,
    "fidelities2D_delta_opTime": null,
    "fidelities2D_omegaPhi_opTime": null
}