{
    "frequencies": [
        4.7381,
        4.1762,
        8.96
    ],
    "anharmonicities": [
        -0.221,
        -0.23,
        -0.08
    ],
    "couplings": [
        0.0545,
        0.05552
    ],
    "creationTime": "2021-07-31 01:07:45",
    "signalType": "cos",
    "gateType": "SWAP",
    "nOptimizationLvls": 4,
    "riseTime": 25,
    "theta": -0.406239334,
    "delta": 0.0385497729,
    "omegaPhi": 0.555219281,
    "modulationTime": 128.520345,
    "gateFidelity": 0.9353422997278928,
    "times": [
        115.0978546605744,
        115.43341691906004,
        115.76897917754567,
        116.10454143603131,
        116.44010369451695,
        116.7756659530026,
        117.11122821148824,
        117.44679046997388,
        117.78235272845951,
        118.11791498694515,
        118.45347724543079,
        118.78903950391643,
        119.12460176240208,
        119.46016402088772,
        119.79572627937335,
        120.13128853785899,
        120.46685079634463,
        120.80241305483027,
        121.1379753133159,
        121.47353757180154,
        121.8090998302872,
        122.14466208877283,
        122.48022434725847,
        122.81578660574411,
        123.15134886422975,
        123.48691112271538,
        123.82247338120102,
        124.15803563968667,
        124.49359789817231,
        124.82916015665795,
        125.16472241514359,
        125.50028467362922,
        125.83584693211486,
        126.1714091906005,
        126.50697144908615,
        126.84253370757179,
        127.17809596605743,
        127.51365822454306,
        127.8492204830287,
        128.18478274151434,
        128.520345,
        128.85590725848564,
        129.1914695169713,
        129.52703177545692,
        129.86259403394257,
        130.1981562924282,
        130.53371855091385,
        130.86928080939947,
        131.20484306788512,
        131.54040532637077,
        131.8759675848564,
        132.21152984334205,
        132.54709210182767,
        132.88265436031332,
        133.21821661879895,
        133.5537788772846,
        133.88934113577025,
        134.22490339425588,
        134.56046565274153,
        134.89602791122715,
        135.2315901697128,
        135.56715242819843,
        135.90271468668408,
        136.23827694516973,
        136.57383920365535,
        136.909401462141,
        137.24496372062663,
        137.58052597911228,
        137.9160882375979,
        138.25165049608356,
        138.58721275456918,
        138.92277501305483,
        139.25833727154048,
        139.5938995300261,
        139.92946178851176,
        140.26502404699738,
        140.60058630548303,
        140.93614856396866,
        141.2717108224543,
        141.60727308093996,
        141.94283533942559,
        142.27839759791124,
        142.61395985639686,
        142.9495221148825,
        143.28508437336814,
        143.6206466318538,
        143.95620889033944,
        144.29177114882506,
        144.62733340731072,
        144.96289566579634,
        145.298457924282,
        145.6340201827676,
        145.96958244125327,
        146.3051446997389,
        146.64070695822454,
        146.9762692167102,
        147.31183147519582,
        147.64739373368147,
        147.9829559921671,
        148.31851825065274,
        148.6540805091384,
        148.98964276762402,
        149.32520502610967,
        149.6607672845953,
        149.99632954308095,
        150.33189180156657,
        150.66745406005222,
        151.00301631853785,
        151.3385785770235,
        151.67414083550915,
        152.00970309399477,
        152.34526535248042,
        152.68082761096605,
        153.0163898694517,
        153.35195212793735,
        153.68751438642298
    ],
    "fidelitiesAtTimes": [
        0.8380806475381629,
        0.8786623083748694,
        0.8534416499074604,
        0.8969932855814937,
        0.85984783706871,
        0.8558486029684849,
        0.9035362004145895,
        0.8769382050610256,
        0.8989979019775275,
        0.9131584276522562,
        0.8943973954368527,
        0.9093813228482869,
        0.8872783926936698,
        0.8827671310702228,
        0.9103990480084392,
        0.9119340431375283,
        0.9131372451034894,
        0.9082486604683083,
        0.9025129054643269,
        0.9092755072179524,
        0.9104157184046897,
        0.9097340043523545,
        0.9176585053660716,
        0.9234835457775808,
        0.9237944030891484,
        0.9230559801103247,
        0.9213415590190364,
        0.9244416045888701,
        0.9283959548633188,
        0.9289050314289167,
        0.9311008247617322,
        0.9330303825079527,
        0.9332130635791204,
        0.9331245151370275,
        0.9328556101078848,
        0.9335944648990179,
        0.934550671341239,
        0.9348357978318853,
        0.9349997987187052,
        0.9351689918764092,
        0.9353422997278928,
        0.9355153137488756,
        0.9356874337730309,
        0.9358586036428742,
        0.9360287902591603,
        0.9361980453166163,
        0.9363663975534603,
        0.9365338131625949,
        0.9367004043293266,
        0.9368660620770595,
        0.9370308200548416,
        0.9371946385554797,
        0.9373575518005992,
        0.9375195251451132,
        0.9376805172317013,
        0.9378406379028448,
        0.9379998566431975,
        0.9381581205471315,
        0.9383154862513349,
        0.9384719118916991,
        0.9386274248442964,
        0.9387819935073617,
        0.9389355733235473,
        0.9390882897294202,
        0.939240010698089,
        0.9393907906427289,
        0.9395406597085447,
        0.9396896509265502,
        0.9398377376922479,
        0.9399848738969444,
        0.9401310923502446,
        0.9402762812938429,
        0.9404205597095554,
        0.9405638903532634,
        0.9407063071953601,
        0.9408477704728078,
        0.9409883166740529,
        0.9411279793757631,
        0.9412667152281846,
        0.9414045027082361,
        0.9415413759688656,
        0.9416772916280817,
        0.9418122873934427,
        0.9419463288972256,
        0.9420794540338214,
        0.9422116199834661,
        0.9423428554137029,
        0.9424731362659529,
        0.9426024939362746,
        0.9427308937077876,
        0.9428583054066874,
        0.9429848231367226,
        0.9431104137247942,
        0.9432350420609718,
        0.9433586835506352,
        0.9434813247443132,
        0.9436030383142888,
        0.9437238013269068,
        0.9438436394269505,
        0.9439625150772984,
        0.9440804577466491,
        0.9441974413134272,
        0.944313494819224,
        0.9444285910040886,
        0.9445427589726207,
        0.9446559440579607,
        0.9447682109960486,
        0.9448795098686972,
        0.9449898855149647,
        0.9450992901034676,
        0.9452077611129652,
        0.9453152652556207,
        0.9454218447706921,
        0.9455274044193862,
        0.9456320713989272,
        0.9457358070240941
    ],
    "deviations": [
        [],
        [],
        [],
        []
    ],
    "fidelities1D_Dev": [
        [],
        [],
        [],
        []
    ],
    "fidelities2D_Theta_delta": null,
    "fidelities2D_Theta_omegaPhi": null,
    "fidelities2D_Theta_opTime": null,
    "fidelities2D_delta_omegaPhi": null,
    "fidelities2D_delta_opTime": null,
    "fidelities2D_omegaPhi_opTime": null
}