{
    "frequencies": [
        4.7381,
        4.1762,
        8.96
    ],
    "anharmonicities": [
        -0.221,
        -0.23,
        -0.08
    ],
    "couplings": [
        0.0545,
        0.05552
    ],
    "creationTime": "2021-07-27 23:44:04",
    "gateType": "iSWAP",
    "nOptimizationLvls": 4,
    "riseTime": 25,
    "theta": -0.42246018,
    "delta": 0.0714817483,
    "omegaPhi": 1.10183309,
    "modulationTime": 80.8560739,
    "gateFidelity": 0.1254924853539295,
    "times": [
        67.32367659456067,
        67.66198652719665,
        68.00029645983263,
        68.33860639246862,
        68.6769163251046,
        69.01522625774058,
        69.35353619037656,
        69.69184612301255,
        70.03015605564853,
        70.36846598828451,
        70.70677592092049,
        71.04508585355649,
        71.38339578619247,
        71.72170571882845,
        72.06001565146443,
        72.39832558410042,
        72.7366355167364,
        73.07494544937238,
        73.41325538200836,
        73.75156531464435,
        74.08987524728033,
        74.42818517991631,
        74.76649511255229,
        75.10480504518829,
        75.44311497782427,
        75.78142491046025,
        76.11973484309623,
        76.45804477573222,
        76.7963547083682,
        77.13466464100418,
        77.47297457364016,
        77.81128450627615,
        78.14959443891213,
        78.48790437154811,
        78.82621430418409,
        79.16452423682009,
        79.50283416945607,
        79.84114410209204,
        80.17945403472802,
        80.51776396736402,
        80.8560739,
        81.19438383263598,
        81.53269376527196,
        81.87100369790795,
        82.20931363054393,
        82.54762356317991,
        82.88593349581589,
        83.22424342845189,
        83.56255336108786,
        83.90086329372384,
        84.23917322635982,
        84.57748315899582,
        84.9157930916318,
        85.25410302426778,
        85.59241295690376,
        85.93072288953975,
        86.26903282217573,
        86.60734275481171,
        86.94565268744769,
        87.28396262008368,
        87.62227255271966,
        87.96058248535564,
        88.29889241799162,
        88.63720235062762,
        88.9755122832636,
        89.31382221589958,
        89.65213214853557,
        89.99044208117155,
        90.32875201380753,
        90.66706194644351,
        91.00537187907949,
        91.34368181171548,
        91.68199174435146,
        92.02030167698744,
        92.35861160962344,
        92.69692154225942,
        93.0352314748954,
        93.37354140753138,
        93.71185134016736,
        94.05016127280335,
        94.38847120543933,
        94.72678113807531,
        95.0650910707113,
        95.40340100334728,
        95.74171093598326,
        96.08002086861924,
        96.41833080125524,
        96.75664073389122,
        97.0949506665272,
        97.43326059916319,
        97.77157053179917,
        98.10988046443515,
        98.44819039707113,
        98.78650032970711,
        99.1248102623431,
        99.46312019497908,
        99.80143012761506,
        100.13974006025106,
        100.47804999288704,
        100.81635992552302,
        101.154669858159,
        101.49297979079498,
        101.83128972343097,
        102.16959965606695,
        102.50790958870293,
        102.84621952133892,
        103.1845294539749,
        103.52283938661088,
        103.86114931924686,
        104.19945925188284,
        104.53776918451884,
        104.87607911715482,
        105.2143890497908,
        105.55269898242679,
        105.89100891506277,
        106.22931884769875
    ],
    "fidelitiesAtTimes": [
        0.2684607886909844,
        0.19832319571161552,
        0.22395280767858106,
        0.21246629847151235,
        0.21256128775704575,
        0.16731998443392487,
        0.1710759188338718,
        0.1657489452560133,
        0.14136762813583198,
        0.15561154102717767,
        0.13414438621495695,
        0.19920506693370493,
        0.17244949356218803,
        0.21389346792686684,
        0.23006764981554745,
        0.2156264821437001,
        0.2347270769921291,
        0.20978967924583128,
        0.19777323887810275,
        0.16443521683563658,
        0.13936975240498528,
        0.12834999810408187,
        0.12844742692971442,
        0.13616633566764783,
        0.17583952407713524,
        0.17565692750358916,
        0.1963261816954424,
        0.2280787979617061,
        0.2202315873968464,
        0.21566906465369806,
        0.20108162669990975,
        0.16981385407921706,
        0.14001656225645345,
        0.1403065937698355,
        0.12583992946489636,
        0.14232524659435578,
        0.20092875612309888,
        0.2159680221653888,
        0.1283522454645746,
        0.12627673671466755,
        0.1254924853539295,
        0.12549056015573073,
        0.12548871053392893,
        0.1254869374711089,
        0.1254852422161598,
        0.12548362234551222,
        0.125482080295499,
        0.12548061365305282,
        0.12547922489684132,
        0.12547791148483675,
        0.12547667592998824,
        0.12547551533631754,
        0.12547443351513538,
        0.12547342618974427,
        0.12547249761134285,
        0.12547164359422605,
        0.1254708681768823,
        0.12547016748132472,
        0.1254695444940031,
        0.1254689979620997,
        0.1254685282306066,
        0.12546813499689874,
        0.12546781854218633,
        0.12546757860459432,
        0.12546741535370137,
        0.12546732878230432,
        0.12546731885634851,
        0.1254673855228527,
        0.12546752894273325,
        0.1254677488425372,
        0.1254680455883349,
        0.1254684187065178,
        0.12546886877942892,
        0.12546939454969605,
        0.1254699985378516,
        0.12547067757956623,
        0.12547143486642584,
        0.12547226748329457,
        0.12547317772150138,
        0.12547416367315023,
        0.12547522636529362,
        0.12547636637273155,
        0.12547758225204964,
        0.12547887555532974,
        0.12548024455104162,
        0.1254816911236761,
        0.12548321337007262,
        0.12548481322488989,
        0.12548648894135553,
        0.12548824166330436,
        0.12549007060733192,
        0.12549197654356045,
        0.12549395871888375,
        0.12549601779305788,
        0.1254981531996041,
        0.12550036548383034,
        0.12550265420948256,
        0.12550501964247884,
        0.12550746165526144,
        0.12550998010745326,
        0.1255125754169507,
        0.12551524848085854,
        0.12551799578907763,
        0.1255208219446638,
        0.12552372269721043,
        0.12552670167244948,
        0.12552975492397994,
        0.12553288719115607,
        0.12553609380831193,
        0.12553937898108075,
        0.12554273897945056,
        0.12554617772072132,
        0.12554969074898287,
        0.1255532826392979,
        0.12555695021066599,
        0.12556069390281885
    ],
    "deviations": [
        [],
        [],
        [],
        []
    ],
    "fidelities1D_Dev": [
        [],
        [],
        [],
        []
    ],
    "fidelities2D_Theta_delta": null,
    "fidelities2D_Theta_omegaPhi": null,
    "fidelities2D_Theta_opTime": null,
    "fidelities2D_delta_omegaPhi": null,
    "fidelities2D_delta_opTime": null,
    "fidelities2D_omegaPhi_opTime": null
}