{
    "frequencies": [
        4.7381,
        4.1762,
        8.96
    ],
    "anharmonicities": [
        -0.221,
        -0.23,
        -0.08
    ],
    "couplings": [
        0.0545,
        0.05552
    ],
    "creationTime": "2021-07-28 15:08:37",
    "comboSignal": false,
    "signalType": "cos",
    "gateType": "CZ",
    "nOptimizationLvls": 4,
    "riseTime": 25,
    "theta": -0.40887939143998997,
    "delta": 0.045684941751918506,
    "omegaPhi": 0.9723930501416829,
    "modulationTime": 111.42611498552415,
    "gateFidelity": 0.9953585149668646,
    "times": [
        98.00128185473811,
        98.33690268300776,
        98.67252351127742,
        99.00814433954706,
        99.34376516781671,
        99.67938599608637,
        100.01500682435602,
        100.35062765262566,
        100.68624848089532,
        101.02186930916497,
        101.35749013743462,
        101.69311096570428,
        102.02873179397392,
        102.36435262224357,
        102.69997345051323,
        103.03559427878288,
        103.37121510705252,
        103.70683593532218,
        104.04245676359183,
        104.37807759186148,
        104.71369842013114,
        105.04931924840078,
        105.38494007667043,
        105.72056090494009,
        106.05618173320974,
        106.39180256147938,
        106.72742338974903,
        107.06304421801869,
        107.39866504628834,
        107.734285874558,
        108.06990670282764,
        108.40552753109729,
        108.74114835936695,
        109.0767691876366,
        109.41239001590624,
        109.7480108441759,
        110.08363167244555,
        110.4192525007152,
        110.75487332898486,
        111.0904941572545,
        111.42611498552415,
        111.7617358137938,
        112.09735664206346,
        112.43297747033311,
        112.76859829860275,
        113.10421912687241,
        113.43983995514206,
        113.77546078341172,
        114.11108161168136,
        114.44670243995101,
        114.78232326822067,
        115.11794409649032,
        115.45356492475996,
        115.78918575302961,
        116.12480658129927,
        116.46042740956892,
        116.79604823783858,
        117.13166906610822,
        117.46728989437787,
        117.80291072264752,
        118.13853155091718,
        118.47415237918682,
        118.80977320745647,
        119.14539403572613,
        119.48101486399578,
        119.81663569226544,
        120.15225652053508,
        120.48787734880473,
        120.82349817707438,
        121.15911900534402,
        121.49473983361368,
        121.83036066188333,
        122.16598149015299,
        122.50160231842264,
        122.83722314669228,
        123.17284397496194,
        123.50846480323159,
        123.84408563150124,
        124.1797064597709,
        124.51532728804054,
        124.85094811631019,
        125.18656894457985,
        125.52218977284949,
        125.85781060111914,
        126.1934314293888,
        126.52905225765845,
        126.8646730859281,
        127.20029391419774,
        127.5359147424674,
        127.87153557073705,
        128.2071563990067,
        128.54277722727636,
        128.878398055546,
        129.21401888381564,
        129.5496397120853,
        129.88526054035495,
        130.22088136862462,
        130.55650219689426,
        130.8921230251639,
        131.22774385343357,
        131.5633646817032,
        131.89898550997287,
        132.23460633824251,
        132.57022716651215,
        132.90584799478182,
        133.24146882305146,
        133.5770896513211,
        133.91271047959077,
        134.2483313078604,
        134.58395213613008,
        134.91957296439972,
        135.25519379266936,
        135.59081462093903,
        135.92643544920867,
        136.26205627747834,
        136.59767710574798
    ],
    "fidelitiesAtTimes": [
        0.8960068985024442,
        0.9641875039398755,
        0.9749375370791815,
        0.9201661024030153,
        0.9725940041395313,
        0.9761929499340027,
        0.9418673698353294,
        0.9780663358736845,
        0.9752735067567165,
        0.9586806871800357,
        0.9822781238011744,
        0.9751934202323703,
        0.9700383047947323,
        0.9856825566306846,
        0.977589761795057,
        0.9770472904492739,
        0.9879733806286382,
        0.9820316162682718,
        0.981599613092967,
        0.9891357735232511,
        0.9868093579087972,
        0.985234070039874,
        0.9897407468448588,
        0.9903135379024899,
        0.988475464558283,
        0.9905075127984073,
        0.9921066734274806,
        0.991087169040393,
        0.9916836202689806,
        0.9928169400643622,
        0.9928114670236194,
        0.9929924494946855,
        0.993355865860327,
        0.9938083294546569,
        0.9940467982012567,
        0.9941063559305456,
        0.9944882619120492,
        0.9947597043325868,
        0.9949118123715776,
        0.9951426972522915,
        0.9953585149668646,
        0.9955652831475366,
        0.9957663816028612,
        0.995961839933668,
        0.9961518091607464,
        0.996336073922046,
        0.9965147996859397,
        0.9966878733948888,
        0.9968552707954552,
        0.9970170398643446,
        0.9971732023048986,
        0.9973237514657226,
        0.997468635437824,
        0.9976078591395231,
        0.9977414637229682,
        0.9978694365480145,
        0.9979917424127993,
        0.9981083813320488,
        0.9982194169550574,
        0.9983247826242906,
        0.9984245065425658,
        0.9985185513329139,
        0.9986069450130179,
        0.9986896644723894,
        0.9987667275523601,
        0.998838108744388,
        0.9989038291453041,
        0.9989638695633969,
        0.9990182495740936,
        0.999066950033239,
        0.999109982579278,
        0.9991473372841313,
        0.9991790195992388,
        0.9992050234613462,
        0.9992253517336994,
        0.9992400032815126,
        0.9992489761299875,
        0.9992522733512198,
        0.9992498899939071,
        0.9992418327817049,
        0.999228093005476,
        0.9992086819101585,
        0.9991835872314081,
        0.9991528246534372,
        0.9991163782776047,
        0.999074267060362,
        0.9990264729355116,
        0.9989730155844241,
        0.9989138714784925,
        0.9988490724088269,
        0.9987785874965001,
        0.9987024466268508,
        0.9986206235477848,
        0.9985331513193447,
        0.9984400000182083,
        0.9983412024898746,
        0.9982367266398404,
        0.9981266134907878,
        0.9980108158567618,
        0.9978893912983102,
        0.9977622903323542,
        0.997629564937295,
        0.9974911696269959,
        0.9973471622709518,
        0.9971974851854482,
        0.9970422055410243,
        0.9968812552807508,
        0.996714700848654,
        0.9965424819836182,
        0.9963646679261744,
        0.9961811995685312,
        0.9959921438137954,
        0.9957974357168847,
        0.9955971552768702,
        0.9953912253378915,
        0.9951797226414201
    ],
    "deviations": [
        [],
        [],
        [],
        []
    ],
    "fidelities1D_Dev": [
        [],
        [],
        [],
        []
    ],
    "fidelities2D_Theta_delta": null,
    "fidelities2D_Theta_omegaPhi": null,
    "fidelities2D_Theta_opTime": null,
    "fidelities2D_delta_omegaPhi": null,
    "fidelities2D_delta_opTime": null,
    "fidelities2D_omegaPhi_opTime": null
}