{
    "frequencies": [
        4.7381,
        4.1762,
        8.96
    ],
    "anharmonicities": [
        -0.221,
        -0.23,
        -0.08
    ],
    "couplings": [
        0.0545,
        0.05552
    ],
    "creationTime": "2021-07-16 00:39:25",
    "signalType": "cos",
    "gateType": "iSWAP",
    "nOptimizationLvls": 4,
    "riseTime": 25,
    "theta": 0.4382578199412206,
    "delta": 0.043553774474412194,
    "omegaPhi": 0.5663436870145006,
    "modulationTime": 90.68181739158138,
    "gateFidelity": 0.9987598857207883,
    "times": [
        77.19753227759158,
        77.53463940544133,
        77.87174653329107,
        78.20885366114082,
        78.54596078899056,
        78.8830679168403,
        79.22017504469005,
        79.5572821725398,
        79.89438930038953,
        80.23149642823928,
        80.56860355608903,
        80.90571068393878,
        81.24281781178851,
        81.57992493963826,
        81.91703206748801,
        82.25413919533776,
        82.5912463231875,
        82.92835345103724,
        83.26546057888699,
        83.60256770673674,
        83.93967483458648,
        84.27678196243622,
        84.61388909028597,
        84.95099621813571,
        85.28810334598546,
        85.6252104738352,
        85.96231760168494,
        86.29942472953469,
        86.63653185738444,
        86.97363898523419,
        87.31074611308392,
        87.64785324093367,
        87.98496036878342,
        88.32206749663317,
        88.6591746244829,
        88.99628175233265,
        89.3333888801824,
        89.67049600803215,
        90.00760313588188,
        90.34471026373163,
        90.68181739158138,
        91.01892451943112,
        91.35603164728087,
        91.69313877513062,
        92.03024590298035,
        92.3673530308301,
        92.70446015867985,
        93.0415672865296,
        93.37867441437933,
        93.71578154222908,
        94.05288867007883,
        94.38999579792858,
        94.72710292577831,
        95.06421005362806,
        95.40131718147781,
        95.73842430932756,
        96.0755314371773,
        96.41263856502704,
        96.74974569287679,
        97.08685282072653,
        97.42395994857628,
        97.76106707642602,
        98.09817420427576,
        98.43528133212551,
        98.77238845997526,
        99.109495587825,
        99.44660271567474,
        99.78370984352449,
        100.12081697137424,
        100.45792409922399,
        100.79503122707372,
        101.13213835492347,
        101.46924548277322,
        101.80635261062297,
        102.1434597384727,
        102.48056686632245,
        102.8176739941722,
        103.15478112202194,
        103.49188824987169,
        103.82899537772143,
        104.16610250557117,
        104.50320963342092,
        104.84031676127066,
        105.1774238891204,
        105.51453101697015,
        105.8516381448199,
        106.18874527266965,
        106.52585240051938,
        106.86295952836913,
        107.20006665621888,
        107.53717378406863,
        107.87428091191836,
        108.21138803976811,
        108.54849516761786,
        108.8856022954676,
        109.22270942331735,
        109.55981655116709,
        109.89692367901684,
        110.23403080686658,
        110.57113793471633,
        110.90824506256607,
        111.24535219041582,
        111.58245931826556,
        111.91956644611531,
        112.25667357396506,
        112.5937807018148,
        112.93088782966454,
        113.26799495751429,
        113.60510208536402,
        113.94220921321377,
        114.27931634106352,
        114.61642346891327,
        114.95353059676302,
        115.29063772461276,
        115.6277448524625,
        115.96485198031225
    ],
    "fidelitiesAtTimes": [
        0.9470668460691,
        0.9688274739766021,
        0.9736626140266289,
        0.9579890860431327,
        0.9729168858190673,
        0.9640830669258793,
        0.9705901831862622,
        0.9869992442276343,
        0.9702759013588107,
        0.9819373851249189,
        0.9795804456600882,
        0.9769836472447213,
        0.9921566045750329,
        0.9833514411000429,
        0.9880736634889941,
        0.9909967698072014,
        0.9865401223249263,
        0.9947469055538978,
        0.9926557947919157,
        0.9926566187221454,
        0.9962416946494461,
        0.9939426984534272,
        0.9964706146687246,
        0.9973519486084405,
        0.9965413878304734,
        0.9981547837678827,
        0.9976107117771356,
        0.9979271914867534,
        0.9985770755128096,
        0.9982813317464514,
        0.9986512663693642,
        0.9987501158915885,
        0.9987201913554813,
        0.9988497467341751,
        0.9988361953848877,
        0.9988338450675425,
        0.998826359369376,
        0.9988083642740092,
        0.9987922646559755,
        0.9987765125606615,
        0.9987598857207883,
        0.99874302241042,
        0.9987260519874578,
        0.9987089085825958,
        0.998691693982013,
        0.9986743226210513,
        0.9986568426025603,
        0.9986391930272674,
        0.9986214336554404,
        0.99860349546085,
        0.9985854513342259,
        0.9985672301500077,
        0.9985488996113681,
        0.998530393285747,
        0.9985117878115115,
        0.9984929990377701,
        0.9984740375081387,
        0.9984548987700304,
        0.9984356497424376,
        0.9984162211042307,
        0.9983967533599625,
        0.9983771063424559,
        0.9983573283007248,
        0.9983373732440247,
        0.9983173119218096,
        0.9982970272157999,
        0.9982766365077961,
        0.9982560679046392,
        0.9982353915624292,
        0.9982145830323411,
        0.9981936678986243,
        0.9981725735485808,
        0.9981513704608048,
        0.9981299895477864,
        0.9981084622144408,
        0.9980867503666134,
        0.9980649363397985,
        0.9980429865398104,
        0.9980209341696737,
        0.9979986970206894,
        0.9979763563396024,
        0.9979538405805588,
        0.9979312211236216,
        0.9979083639496567,
        0.9978854022448077,
        0.997862259889885,
        0.9978390166316627,
        0.9978155939121203,
        0.9977920721634097,
        0.9977684188109676,
        0.9977446121039939,
        0.9977206221928224,
        0.9976966090198122,
        0.9976724182785246,
        0.9976480932426766,
        0.9976235890691416,
        0.9975989321500286,
        0.9975740888160223,
        0.9975491457146513,
        0.9975240165719106,
        0.9974988399116542,
        0.9974734277295603,
        0.9974479697332722,
        0.9974223577654742,
        0.9973966216347406,
        0.99737072837668,
        0.9973447411209293,
        0.9973185355445302,
        0.9972922346423534,
        0.9972657463447584,
        0.9972391557447349,
        0.99721231637888,
        0.9971853757751665,
        0.99715824967854,
        0.9971310491821054,
        0.9971037349040508
    ],
    "deviations": [
        [],
        [],
        [],
        []
    ],
    "fidelities1D_Dev": [
        [],
        [],
        [],
        []
    ],
    "fidelities2D_Theta_delta": null,
    "fidelities2D_Theta_omegaPhi": null,
    "fidelities2D_Theta_opTime": null,
    "fidelities2D_delta_omegaPhi": null,
    "fidelities2D_delta_opTime": null,
    "fidelities2D_omegaPhi_opTime": null
}