{
    "frequencies": [
        4.7381,
        4.1762,
        8.96
    ],
    "anharmonicities": [
        -0.221,
        -0.23,
        -0.08
    ],
    "couplings": [
        0.0545,
        0.05552
    ],
    "creationTime": "2021-07-13 19:19:48",
    "signalType": "cos",
    "gateType": "iSWAP",
    "nOptimizationLvls": 4,
    "riseTime": 25,
    "theta": 0.3776671259985931,
    "delta": 0.051761792791816585,
    "omegaPhi": 0.5596019141842887,
    "modulationTime": 88.32555779905906,
    "gateFidelity": 0.9874412136785752,
    "times": [
        74.89201288665463,
        75.22785150946474,
        75.56369013227486,
        75.89952875508496,
        76.23536737789507,
        76.57120600070519,
        76.90704462351529,
        77.2428832463254,
        77.57872186913552,
        77.91456049194562,
        78.25039911475574,
        78.58623773756585,
        78.92207636037595,
        79.25791498318607,
        79.59375360599618,
        79.92959222880629,
        80.2654308516164,
        80.60126947442652,
        80.93710809723662,
        81.27294672004673,
        81.60878534285683,
        81.94462396566695,
        82.28046258847706,
        82.61630121128717,
        82.95213983409728,
        83.2879784569074,
        83.6238170797175,
        83.95965570252761,
        84.29549432533773,
        84.63133294814783,
        84.96717157095794,
        85.30301019376806,
        85.63884881657816,
        85.97468743938828,
        86.31052606219839,
        86.64636468500849,
        86.98220330781861,
        87.31804193062872,
        87.65388055343882,
        87.98971917624894,
        88.32555779905906,
        88.66139642186917,
        88.99723504467929,
        89.33307366748939,
        89.6689122902995,
        90.00475091310962,
        90.34058953591972,
        90.67642815872983,
        91.01226678153995,
        91.34810540435005,
        91.68394402716017,
        92.01978264997027,
        92.35562127278038,
        92.6914598955905,
        93.0272985184006,
        93.36313714121071,
        93.69897576402083,
        94.03481438683093,
        94.37065300964105,
        94.70649163245116,
        95.04233025526126,
        95.37816887807138,
        95.7140075008815,
        96.0498461236916,
        96.38568474650171,
        96.72152336931183,
        97.05736199212193,
        97.39320061493204,
        97.72903923774214,
        98.06487786055226,
        98.40071648336237,
        98.73655510617249,
        99.07239372898259,
        99.4082323517927,
        99.7440709746028,
        100.07990959741292,
        100.41574822022304,
        100.75158684303314,
        101.08742546584325,
        101.42326408865337,
        101.75910271146347,
        102.09494133427359,
        102.4307799570837,
        102.7666185798938,
        103.10245720270392,
        103.43829582551402,
        103.77413444832413,
        104.10997307113425,
        104.44581169394436,
        104.78165031675447,
        105.11748893956458,
        105.45332756237468,
        105.7891661851848,
        106.12500480799491,
        106.46084343080501,
        106.79668205361513,
        107.13252067642524,
        107.46835929923535,
        107.80419792204546,
        108.14003654485558,
        108.47587516766568,
        108.81171379047579,
        109.1475524132859,
        109.48339103609601,
        109.81922965890612,
        110.15506828171624,
        110.49090690452634,
        110.82674552733646,
        111.16258415014656,
        111.49842277295667,
        111.83426139576679,
        112.1701000185769,
        112.505938641387,
        112.84177726419712,
        113.17761588700722,
        113.51345450981734
    ],
    "fidelitiesAtTimes": [
        0.979103881625155,
        0.9822110544642519,
        0.9824375700630765,
        0.9783795943627117,
        0.9820275718833125,
        0.9828852482590044,
        0.9845609858821638,
        0.9849869910294358,
        0.9831969484990314,
        0.9834986201332816,
        0.9848694307613943,
        0.9848309928357288,
        0.9855823462549864,
        0.9853510729994845,
        0.9846719856728472,
        0.9859463912016999,
        0.9858429481906814,
        0.9866634720061056,
        0.9869721396269993,
        0.9865833695016502,
        0.987109102170581,
        0.9871630201168994,
        0.987274115645457,
        0.9873909218524867,
        0.9872476690744474,
        0.9873213736083868,
        0.9873804902916243,
        0.9872925607124305,
        0.9873845303023303,
        0.9873840842369954,
        0.9874021623695821,
        0.9874365486174403,
        0.9874316474531323,
        0.9874724283040155,
        0.9874693642727628,
        0.9874676920385038,
        0.9874658028668597,
        0.9874606721010599,
        0.9874545475798773,
        0.9874474413522455,
        0.9874412136785752,
        0.9874349549024405,
        0.9874287442082755,
        0.987422469706296,
        0.9874162495615559,
        0.9874099771462473,
        0.987403771775079,
        0.9873974989616456,
        0.9873912761451857,
        0.98738499340447,
        0.987378767706009,
        0.9873724862032563,
        0.9873662636146587,
        0.9873599836050797,
        0.9873537428487718,
        0.9873474512040612,
        0.9873412208470029,
        0.9873349357233223,
        0.9873287004970888,
        0.9873224068022619,
        0.9873161720186049,
        0.9873098753544591,
        0.9873036257281479,
        0.9872973267925698,
        0.9872910811498894,
        0.9872847643866219,
        0.9872784772405211,
        0.9872721691741362,
        0.9872658789196567,
        0.9872595668357966,
        0.9872533064328122,
        0.9872469863689126,
        0.9872407301022934,
        0.9872344149624137,
        0.9872281556111032,
        0.98722182522576,
        0.9872155559199969,
        0.9872092391066968,
        0.9872029739231463,
        0.9871966571029864,
        0.9871903903179826,
        0.9871840583828299,
        0.9871777825370345,
        0.987171439817281,
        0.9871651221079493,
        0.9871587777965531,
        0.9871524908569258,
        0.9871461473029136,
        0.9871398561594076,
        0.9871335058142311,
        0.9871271827735881,
        0.987120793089943,
        0.987114506804808,
        0.9871081621641397,
        0.9871018702444495,
        0.987095505634769,
        0.9870892064298786,
        0.9870828457678634,
        0.9870765433567248,
        0.9870701445309253,
        0.9870638453286297,
        0.9870574752932988,
        0.9870511633366469,
        0.9870448061669373,
        0.9870384684156635,
        0.9870320698336489,
        0.9870257341294405,
        0.9870193613212024,
        0.9870130441073328,
        0.9870066269566262,
        0.9870003007383531,
        0.9869939184140405,
        0.9869875587626208,
        0.9869811363009683,
        0.9869748068846287,
        0.9869684172532143
    ],
    "deviations": [
        [],
        [],
        [],
        []
    ],
    "fidelities1D_Dev": [
        [],
        [],
        [],
        []
    ],
    "fidelities2D_Theta_delta": null,
    "fidelities2D_Theta_omegaPhi": null,
    "fidelities2D_Theta_opTime": null,
    "fidelities2D_delta_omegaPhi": null,
    "fidelities2D_delta_opTime": null,
    "fidelities2D_omegaPhi_opTime": null
}