{
    "frequencies": [
        4.7381,
        4.1762,
        8.96
    ],
    "anharmonicities": [
        -0.221,
        -0.23,
        -0.08
    ],
    "couplings": [
        0.0545,
        0.05552
    ],
    "creationTime": "2021-08-21 14:11:15",
    "comboSignal": true,
    "signalType": "cos",
    "gateType": "SWAP",
    "nOptimizationLvls": 4,
    "riseTime": 25,
    "theta": -0.4341970138345219,
    "deltas": [
        0.022301010084900125,
        0.02692939751532126
    ],
    "omegaPhis": [
        0.7638915087037563,
        0.5637403344536743
    ],
    "modulationTimes": [
        96.16167370858396,
        91.69442891530954
    ],
    "gateFidelity": 0.4362292042802357,
    "times": [
        82.75934984676041,
        83.094407943306,
        83.42946603985159,
        83.76452413639718,
        84.09958223294277,
        84.43464032948836,
        84.76969842603394,
        85.10475652257954,
        85.43981461912512,
        85.77487271567071,
        86.1099308122163,
        86.44498890876189,
        86.78004700530748,
        87.11510510185306,
        87.45016319839866,
        87.78522129494424,
        88.12027939148983,
        88.45533748803543,
        88.790395584581,
        89.1254536811266,
        89.46051177767218,
        89.79556987421778,
        90.13062797076337,
        90.46568606730895,
        90.80074416385455,
        91.13580226040013,
        91.47086035694572,
        91.8059184534913,
        92.1409765500369,
        92.47603464658249,
        92.81109274312807,
        93.14615083967367,
        93.48120893621925,
        93.81626703276484,
        94.15132512931042,
        94.48638322585602,
        94.82144132240161,
        95.15649941894719,
        95.49155751549279,
        95.82661561203837,
        96.16167370858396,
        96.49673180512956,
        96.83178990167515,
        97.16684799822073,
        97.50190609476633,
        97.8369641913119,
        98.1720222878575,
        98.50708038440308,
        98.84213848094868,
        99.17719657749427,
        99.51225467403985,
        99.84731277058545,
        100.18237086713103,
        100.51742896367662,
        100.8524870602222,
        101.1875451567678,
        101.52260325331338,
        101.85766134985897,
        102.19271944640457,
        102.52777754295015,
        102.86283563949574,
        103.19789373604132,
        103.53295183258692,
        103.8680099291325,
        104.20306802567809,
        104.53812612222369,
        104.87318421876927,
        105.20824231531486,
        105.54330041186044,
        105.87835850840604,
        106.21341660495162,
        106.54847470149721,
        106.88353279804281,
        107.21859089458839,
        107.55364899113398,
        107.88870708767956,
        108.22376518422516,
        108.55882328077074,
        108.89388137731633,
        109.22893947386191,
        109.56399757040751,
        109.8990556669531,
        110.23411376349868,
        110.56917186004428,
        110.90422995658986,
        111.23928805313545,
        111.57434614968105,
        111.90940424622663,
        112.24446234277222,
        112.5795204393178,
        112.9145785358634,
        113.24963663240898,
        113.58469472895457,
        113.91975282550015,
        114.25481092204575,
        114.58986901859134,
        114.92492711513692,
        115.25998521168252,
        115.5950433082281,
        115.9301014047737,
        116.26515950131929,
        116.60021759786487,
        116.93527569441045,
        117.27033379095604,
        117.60539188750164,
        117.94044998404722,
        118.27550808059281,
        118.6105661771384,
        118.94562427368399,
        119.28068237022958,
        119.61574046677516,
        119.95079856332076,
        120.28585665986634,
        120.62091475641193,
        120.95597285295752,
        121.29103094950311
    ],
    "fidelitiesAtTimes": [
        0.4186877518981211,
        0.4138248754053704,
        0.41263127580180525,
        0.4232857242686728,
        0.4287612982712397,
        0.43518950551208774,
        0.4454254509537833,
        0.4383679862348521,
        0.42555461679974105,
        0.4441926380025031,
        0.4681439406079019,
        0.4633435321486144,
        0.4569321461943906,
        0.4609000689402117,
        0.46274399689714957,
        0.46399355938368414,
        0.4639577127217652,
        0.4518888850253203,
        0.44979507326495644,
        0.45817667496411413,
        0.4589555112479259,
        0.45091896915876406,
        0.4493974195983267,
        0.44711368883387975,
        0.4463416584773414,
        0.44925197652316484,
        0.44878102752457727,
        0.4428444498887085,
        0.44226352136621633,
        0.44386754416274066,
        0.4431566699009875,
        0.44110827861916213,
        0.4404908178346286,
        0.4392084525974239,
        0.4389108213475927,
        0.4388484246279587,
        0.43827163393594776,
        0.4375019414639101,
        0.4370949126450977,
        0.4366754985776266,
        0.4362292042802357,
        0.43578354034655725,
        0.43533851866271983,
        0.4348942268852795,
        0.43445059432527644,
        0.4340075731301692,
        0.4335654744605277,
        0.43312397027143046,
        0.4326832654360741,
        0.4322433902811511,
        0.4318043081601649,
        0.43136564654587717,
        0.43092774150094615,
        0.43049036538658597,
        0.4300538994781558,
        0.42961811027449065,
        0.4291829519339184,
        0.4287485050960112,
        0.42831512820337386,
        0.4278822270294692,
        0.42745003073695453,
        0.4270185974866849,
        0.4265879829519753,
        0.42615804637272864,
        0.4257289031756179,
        0.4253004664465244,
        0.4248730157202667,
        0.4244459083798633,
        0.4240195853094547,
        0.4235940636912369,
        0.4231692601626128,
        0.42274555240700157,
        0.4223226265303598,
        0.4219001934067063,
        0.4214784333435976,
        0.42105734102465,
        0.42063705328122997,
        0.42021751055236223,
        0.41979877114923203,
        0.4193807658015615,
        0.4189635778824963,
        0.4185470669208204,
        0.4181313850399267,
        0.4177164335041549,
        0.4173023025312904,
        0.41688889679527835,
        0.41647633803919637,
        0.41606450222525027,
        0.4156535009721834,
        0.4152432492846808,
        0.41483382961693094,
        0.4144251469330422,
        0.41401732273081626,
        0.41361026603185913,
        0.4132040733754822,
        0.41279859439680455,
        0.412393975089177,
        0.4119901166345956,
        0.4115870844710625,
        0.4111848302136763,
        0.4107834135079013,
        0.4103827621019197,
        0.40998301568513423,
        0.4095840318466575,
        0.4091861885046571,
        0.4087891236081286,
        0.4083930638314023,
        0.4079976253690575,
        0.4076027896274631,
        0.40720885578240046,
        0.40681597585467894,
        0.4064238296226983,
        0.4060324055257006,
        0.40564197624750253,
        0.4052521250725533,
        0.40486303536392043
    ]
}