{
    "frequencies": [
        4.7381,
        4.1762,
        8.96
    ],
    "anharmonicities": [
        -0.221,
        -0.23,
        -0.08
    ],
    "couplings": [
        0.0545,
        0.05552
    ],
    "creationTime": "2021-08-03 02:09:19",
    "comboSignal": false,
    "signalType": "cos",
    "gateType": "SWAP",
    "nOptimizationLvls": 4,
    "riseTime": 25,
    "theta": -0.40646822015582046,
    "delta": 0.02023612081424756,
    "omegaPhi": 0.5478309038302014,
    "modulationTime": 117.81765670529258,
    "gateFidelity": 0.9990647455953482,
    "times": [
        104.35278165325914,
        104.68940352955998,
        105.02602540586082,
        105.36264728216166,
        105.69926915846249,
        106.03589103476332,
        106.37251291106416,
        106.709134787365,
        107.04575666366583,
        107.38237853996667,
        107.7190004162675,
        108.05562229256834,
        108.39224416886918,
        108.72886604517001,
        109.06548792147085,
        109.40210979777169,
        109.73873167407253,
        110.07535355037335,
        110.41197542667419,
        110.74859730297503,
        111.08521917927587,
        111.4218410555767,
        111.75846293187753,
        112.09508480817837,
        112.43170668447921,
        112.76832856078005,
        113.10495043708087,
        113.44157231338171,
        113.77819418968255,
        114.11481606598339,
        114.45143794228423,
        114.78805981858505,
        115.1246816948859,
        115.46130357118673,
        115.79792544748757,
        116.13454732378841,
        116.47116920008924,
        116.80779107639007,
        117.14441295269091,
        117.48103482899175,
        117.81765670529258,
        118.15427858159342,
        118.49090045789426,
        118.8275223341951,
        119.16414421049592,
        119.50076608679676,
        119.8373879630976,
        120.17400983939844,
        120.51063171569928,
        120.8472535920001,
        121.18387546830094,
        121.52049734460178,
        121.85711922090262,
        122.19374109720344,
        122.53036297350428,
        122.86698484980512,
        123.20360672610596,
        123.5402286024068,
        123.87685047870762,
        124.21347235500846,
        124.5500942313093,
        124.88671610761014,
        125.22333798391097,
        125.5599598602118,
        125.89658173651264,
        126.23320361281348,
        126.56982548911432,
        126.90644736541515,
        127.24306924171599,
        127.57969111801683,
        127.91631299431766,
        128.2529348706185,
        128.58955674691933,
        128.92617862322018,
        129.262800499521,
        129.59942237582183,
        129.93604425212268,
        130.2726661284235,
        130.60928800472436,
        130.9459098810252,
        131.282531757326,
        131.61915363362687,
        131.9557755099277,
        132.29239738622852,
        132.62901926252937,
        132.9656411388302,
        133.30226301513105,
        133.63888489143187,
        133.9755067677327,
        134.31212864403355,
        134.64875052033437,
        134.98537239663523,
        135.32199427293605,
        135.65861614923688,
        135.99523802553773,
        136.33185990183856,
        136.6684817781394,
        137.00510365444023,
        137.34172553074106,
        137.6783474070419,
        138.01496928334274,
        138.3515911596436,
        138.68821303594441,
        139.02483491224524,
        139.3614567885461,
        139.69807866484692,
        140.03470054114774,
        140.3713224174486,
        140.70794429374942,
        141.04456617005027,
        141.3811880463511,
        141.71780992265195,
        142.05443179895278,
        142.3910536752536,
        142.72767555155446,
        143.06429742785528
    ],
    "fidelitiesAtTimes": [
        0.952327300835894,
        0.9554948050830128,
        0.9749100441464098,
        0.9655693523067539,
        0.9743576603098193,
        0.9780564422755141,
        0.9703599540245491,
        0.984013227119803,
        0.9832165214481536,
        0.9820454860666725,
        0.9904184706843177,
        0.9858559187267586,
        0.9891577719902289,
        0.9935334824895055,
        0.9899742858942997,
        0.9942784261836483,
        0.9946644104135742,
        0.9933374838244664,
        0.9968395912095002,
        0.9958684194846311,
        0.9962263760154684,
        0.9975980116681644,
        0.9965214207486376,
        0.9974638794970325,
        0.9980103842889262,
        0.9977005003256959,
        0.9982587988004104,
        0.9982240127418225,
        0.9982286531475577,
        0.998528612039251,
        0.9985239583810206,
        0.9986103239832985,
        0.9987580656276821,
        0.9988027034645498,
        0.9988555734371769,
        0.9989105032490588,
        0.9989416712692737,
        0.9989802544214081,
        0.9990137062286962,
        0.9990398276941199,
        0.9990647455953482,
        0.9990881453420173,
        0.9991103395226988,
        0.9991313171747173,
        0.9991510847053829,
        0.9991696372229362,
        0.9991869797206607,
        0.9992031110078461,
        0.9992180313530818,
        0.9992317441075962,
        0.9992442438469282,
        0.9992555271922875,
        0.9992655956690278,
        0.9992744484355583,
        0.9992820862187972,
        0.9992885086273668,
        0.9992937118096709,
        0.9992977016348032,
        0.9993004765288447,
        0.9993020415271232,
        0.9993023883378702,
        0.9993015231274068,
        0.9992994400034995,
        0.9992961451132354,
        0.9992916347717544,
        0.9992859105765319,
        0.999278969856461,
        0.9992708207648402,
        0.9992614518828585,
        0.9992508786121546,
        0.9992390816237344,
        0.9992260784627686,
        0.9992118450672415,
        0.9991964043295747,
        0.9991797408112653,
        0.9991618818880909,
        0.9991428061660443,
        0.9991225101738037,
        0.9991009896168297,
        0.9990782776199059,
        0.9990543410819273,
        0.9990292034014537,
        0.9990028416196619,
        0.998975264420881,
        0.9989464598701279,
        0.9989164555743626,
        0.9988852233266293,
        0.9988527903063286,
        0.9988191294025391,
        0.9987842671458257,
        0.9987481774793032,
        0.9987108934195301,
        0.9986723768476651,
        0.9986326651385979,
        0.9985917274748225,
        0.9985495939749102,
        0.9985062311244931,
        0.9984616742304955,
        0.9984158826943338,
        0.9983689012886263,
        0.9983206879785993,
        0.9982712839362939,
        0.9982206490896773,
        0.9981688224341203,
        0.9981157634603885,
        0.9980615149929971,
        0.9980060328492735,
        0.9979493650802767,
        0.9978914617736925,
        0.9978323764946028,
        0.9977720626856212,
        0.9977105634647657,
        0.9976478277309517,
        0.9975839097171727,
        0.9975187527793079,
        0.997452415819045
    ],