{
    "frequencies": [
        4.7381,
        4.1762,
        8.96
    ],
    "anharmonicities": [
        -0.221,
        -0.23,
        -0.08
    ],
    "couplings": [
        0.0545,
        0.05552
    ],
    "creationTime": "2021-08-01 01:29:36",
    "signalType": "cos",
    "gateType": "SWAP",
    "nOptimizationLvls": 4,
    "riseTime": 25,
    "theta": -0.4056676972435432,
    "delta": 0.027112137898960477,
    "omegaPhi": 0.5550851871793793,
    "modulationTime": 119.57245481058149,
    "gateFidelity": 0.998760468871356,
    "times": [
        106.13734752849368,
        106.47322521054588,
        106.80910289259808,
        107.14498057465028,
        107.48085825670246,
        107.81673593875466,
        108.15261362080686,
        108.48849130285905,
        108.82436898491125,
        109.16024666696345,
        109.49612434901563,
        109.83200203106783,
        110.16787971312003,
        110.50375739517222,
        110.83963507722441,
        111.17551275927661,
        111.51139044132881,
        111.847268123381,
        112.1831458054332,
        112.5190234874854,
        112.85490116953758,
        113.19077885158978,
        113.52665653364198,
        113.86253421569417,
        114.19841189774637,
        114.53428957979857,
        114.87016726185075,
        115.20604494390295,
        115.54192262595515,
        115.87780030800735,
        116.21367799005954,
        116.54955567211174,
        116.88543335416394,
        117.22131103621612,
        117.55718871826832,
        117.89306640032052,
        118.2289440823727,
        118.5648217644249,
        118.9006994464771,
        119.23657712852929,
        119.57245481058149,
        119.90833249263369,
        120.24421017468589,
        120.58008785673807,
        120.91596553879027,
        121.25184322084247,
        121.58772090289466,
        121.92359858494686,
        122.25947626699906,
        122.59535394905124,
        122.93123163110344,
        123.26710931315564,
        123.60298699520783,
        123.93886467726003,
        124.27474235931223,
        124.61062004136441,
        124.94649772341661,
        125.28237540546881,
        125.618253087521,
        125.9541307695732,
        126.2900084516254,
        126.6258861336776,
        126.96176381572978,
        127.29764149778198,
        127.63351917983418,
        127.96939686188637,
        128.30527454393857,
        128.64115222599077,
        128.97702990804297,
        129.31290759009514,
        129.64878527214734,
        129.98466295419954,
        130.32054063625174,
        130.65641831830393,
        130.99229600035613,
        131.3281736824083,
        131.6640513644605,
        131.9999290465127,
        132.3358067285649,
        132.6716844106171,
        133.0075620926693,
        133.3434397747215,
        133.67931745677367,
        134.01519513882587,
        134.35107282087807,
        134.68695050293027,
        135.02282818498247,
        135.35870586703467,
        135.69458354908684,
        136.03046123113904,
        136.36633891319124,
        136.70221659524344,
        137.03809427729564,
        137.37397195934784,
        137.7098496414,
        138.0457273234522,
        138.3816050055044,
        138.7174826875566,
        139.0533603696088,
        139.389238051661,
        139.72511573371318,
        140.06099341576538,
        140.39687109781758,
        140.73274877986978,
        141.06862646192198,
        141.40450414397418,
        141.74038182602635,
        142.07625950807855,
        142.41213719013075,
        142.74801487218295,
        143.08389255423515,
        143.41977023628735,
        143.75564791833955,
        144.09152560039172,
        144.42740328244392,
        144.76328096449612
    ],
    "fidelitiesAtTimes": [
        0.9648609998517431,
        0.9671804615025861,
        0.95390808384906,
        0.9792807770850036,
        0.9690022336315038,
        0.9698320248214106,
        0.9831620496517004,
        0.9710723647931525,
        0.9815474871610785,
        0.9849941375274922,
        0.977876167149647,
        0.9877916595554954,
        0.9843687662355652,
        0.9841971031442229,
        0.9916139695633595,
        0.98759041428844,
        0.9905816175785576,
        0.992365100164786,
        0.9899568696164283,
        0.9939729311619269,
        0.9941597727463037,
        0.9939702739287801,
        0.9961206720281339,
        0.9954079716952574,
        0.9962147178153039,
        0.9972378789170886,
        0.9968677720210426,
        0.997676135701427,
        0.9979325365120463,
        0.9979102810364904,
        0.9983381776239293,
        0.9983226235640753,
        0.998422666585206,
        0.9985453081051207,
        0.9985343645271113,
        0.9986084276660934,
        0.9986458489695466,
        0.998673925893559,
        0.9987037732302049,
        0.9987308491419606,
        0.998760468871356,
        0.9987894007843241,
        0.9988175895801288,
        0.9988450387599797,
        0.9988717270385303,
        0.9988976725835931,
        0.9989228578243982,
        0.9989472995118417,
        0.9989709819389594,
        0.9989939216437553,
        0.9990161012911495,
        0.99903753750424,
        0.9990582150903042,
        0.9990781473638611,
        0.9990973216984068,
        0.999115737761952,
        0.999133398036798,
        0.9991503118384735,
        0.9991664823715973,
        0.9991819040650928,
        0.9991965696122147,
        0.9992104863326741,
        0.9992236483202028,
        0.9992360608992412,
        0.9992477188931839,
        0.999258626744939,
        0.9992687806307853,
        0.9992781836441228,
        0.999286833321021,
        0.9992947314018205,
        0.9993018767838592,
        0.9993082698522129,
        0.9993139108682086,
        0.9993187988583623,
        0.9993229354497668,
        0.9993263183129961,
        0.9993289504400596,
        0.9993308281423403,
        0.9993319557779536,
        0.999332328300062,
        0.999331951432994,
        0.9993308187711083,
        0.9993289374048328,
        0.9993262995698332,
        0.9993229137232154,
        0.9993187707411921,
        0.9993138804476457,
        0.9993082323601774,
        0.9993018376690266,
        0.9992946845328256,
        0.9992867855085208,
        0.9992781273950101,
        0.9992687241141575,
        0.9992585611098261,
        0.9992476536700897,
        0.999235985876523,
        0.9992235743862702,
        0.9992104019187564,
        0.9991964864984363,
        0.9991818094874827,
        0.9991663903254404,
        0.9991502089368739,
        0.9991332869066746,
        0.9991156127416453,
        0.9990971988774529,
        0.9990780115934891,
        0.9990580853529941,
        0.9990373937518571,
        0.9990159648303181,
        0.9989937706548773,
        0.9989708524644143,
        0.9989471813578543,
        0.9989227637013235,
        0.9988975820129692,
        0.9988716487159042,
        0.9988449498106391
    ],