{
    "frequencies": [
        4.7381,
        4.1762,
        8.96
    ],
    "anharmonicities": [
        -0.221,
        -0.23,
        -0.08
    ],
    "couplings": [
        0.0545,
        0.05552
    ],
    "creationTime": "2021-08-01 21:13:12",
    "gateType": "SWAP",
    "nOptimizationLvls": 4,
    "riseTime": 25,
    "theta": -0.4121211381488267,
    "delta": 0.026724661341006754,
    "omegaPhi": 0.5903431614870691,
    "modulationTime": 144.75327480285537,
    "gateFidelity": 0.9972337495195334,
    "times": [
        131.31909616685954,
        131.6549506327594,
        131.9908050986593,
        132.3266595645592,
        132.6625140304591,
        132.998368496359,
        133.3342229622589,
        133.6700774281588,
        134.0059318940587,
        134.3417863599586,
        134.67764082585848,
        135.01349529175837,
        135.34934975765827,
        135.68520422355817,
        136.02105868945807,
        136.35691315535797,
        136.69276762125787,
        137.02862208715777,
        137.36447655305767,
        137.70033101895757,
        138.03618548485744,
        138.37203995075734,
        138.70789441665724,
        139.04374888255714,
        139.37960334845704,
        139.71545781435694,
        140.05131228025684,
        140.38716674615674,
        140.72302121205664,
        141.05887567795654,
        141.3947301438564,
        141.7305846097563,
        142.0664390756562,
        142.4022935415561,
        142.738148007456,
        143.0740024733559,
        143.4098569392558,
        143.7457114051557,
        144.0815658710556,
        144.41742033695547,
        144.75327480285537,
        145.08912926875527,
        145.42498373465517,
        145.76083820055507,
        146.09669266645497,
        146.43254713235487,
        146.76840159825474,
        147.10425606415464,
        147.44011053005454,
        147.77596499595444,
        148.11181946185434,
        148.44767392775424,
        148.78352839365414,
        149.11938285955404,
        149.45523732545394,
        149.79109179135384,
        150.1269462572537,
        150.4628007231536,
        150.7986551890535,
        151.1345096549534,
        151.4703641208533,
        151.8062185867532,
        152.1420730526531,
        152.477927518553,
        152.8137819844529,
        153.14963645035277,
        153.48549091625267,
        153.82134538215257,
        154.15719984805247,
        154.49305431395237,
        154.82890877985227,
        155.16476324575217,
        155.50061771165207,
        155.83647217755197,
        156.17232664345184,
        156.50818110935174,
        156.84403557525164,
        157.17989004115154,
        157.51574450705144,
        157.85159897295134,
        158.18745343885124,
        158.52330790475114,
        158.85916237065103,
        159.1950168365509,
        159.5308713024508,
        159.8667257683507,
        160.2025802342506,
        160.5384347001505,
        160.8742891660504,
        161.2101436319503,
        161.5459980978502,
        161.8818525637501,
        162.21770702965,
        162.55356149554987,
        162.88941596144977,
        163.22527042734967,
        163.56112489324957,
        163.89697935914947,
        164.23283382504937,
        164.56868829094927,
        164.90454275684917,
        165.24039722274904,
        165.57625168864894,
        165.91210615454884,
        166.24796062044874,
        166.58381508634864,
        166.91966955224854,
        167.25552401814844,
        167.59137848404833,
        167.92723294994823,
        168.26308741584813,
        168.59894188174803,
        168.9347963476479,
        169.2706508135478,
        169.6065052794477,
        169.9423597453476
    ],
    "fidelitiesAtTimes": [
        0.9103012808346597,
        0.8824830808910932,
        0.9123272540688365,
        0.9144424883543859,
        0.9024290605650764,
        0.9428654062314953,
        0.9260506075334606,
        0.9449730746824334,
        0.9514178979252079,
        0.9420279599185333,
        0.9676344272074473,
        0.9573412291269209,
        0.9679898652609541,
        0.9759238359900098,
        0.9705291229245706,
        0.9835168958789723,
        0.9781642847632244,
        0.9829104549424027,
        0.98805110704223,
        0.9854504971162996,
        0.9914202877845131,
        0.9899787485017673,
        0.9914599986507036,
        0.9931680456922194,
        0.9919803983027107,
        0.9944850906786092,
        0.9947401510743369,
        0.9951013153740125,
        0.9955213346372668,
        0.9952357544160083,
        0.9959144796404147,
        0.9961511266086511,
        0.9962927856083972,
        0.9965616549962384,
        0.9966764044892423,
        0.9967793872598701,
        0.9968604204047435,
        0.9969514725403823,
        0.9970639734122277,
        0.9971542168601901,
        0.9972337495195334,
        0.9973108976354483,
        0.9973853023840453,
        0.9974570047354812,
        0.9975259644922598,
        0.9975922015597822,
        0.9976556968764536,
        0.9977164941670097,
        0.997774547592676,
        0.9978298707352267,
        0.9978824514974602,
        0.997932307835257,
        0.997979411269843,
        0.9980237796479544,
        0.9980654048387816,
        0.9981042946755274,
        0.9981404428561828,
        0.998173852481943,
        0.9982045211727725,
        0.9982324476404969,
        0.9982576336844522,
        0.9982800689675104,
        0.9982997639206601,
        0.9983167166570797,
        0.9983309436018777,
        0.9983424248452619,
        0.9983511692838629,
        0.9983571664428286,
        0.9983604283367745,
        0.9983609412492171,
        0.9983587215213527,
        0.9983537537343459,
        0.9983460573819445,
        0.9983356128597356,
        0.9983224320092672,
        0.9983065047306111,
        0.998287854234673,
        0.998266454390286,
        0.9982423235373806,
        0.9982154396783149,
        0.9981858221275886,
        0.9981534595808906,
        0.9981183629197117,
        0.9980805239216037,
        0.9980399657907443,
        0.9979966620766954,
        0.9979506405977345,
        0.9979018653474778,
        0.9978503652716915,
        0.997796109692214,
        0.9977391413515753,
        0.9976794139080791,
        0.9976169772318437,
        0.997551758983343,
        0.9974838303193282,
        0.9974131431163957,
        0.997339748122258,
        0.9972635945965977,
        0.9971847367719213,
        0.9971031241518379,
        0.9970188024719009,
        0.9969317257544741,
        0.9968419469363159,
        0.9967494148768512,
        0.9966542237319104,
        0.9965562728077344,
        0.9964555967424189,
        0.996352164867649,
        0.9962460445728567,
        0.9961372080493309,
        0.9960256471838032,
        0.995911369252554,
        0.995794366014732,
        0.9956746005093864,
        0.9955521600623178,
        0.9954269630320404
    ],
    "deviations": [
        [],
        [],
        [],
        []
    ],
    "fidelities1D_Dev": [
        [],
        [],
        [],
        []
    ],
    "fidelities2D_Theta_delta": null,
    "fidelities2D_Theta_omegaPhi": null,
    "fidelities2D_Theta_opTime": null,
    "fidelities2D_delta_omegaPhi": null,
    "fidelities2D_delta_opTime": null,
    "fidelities2D_omegaPhi_opTime": null
}