{
    "frequencies": [
        4.7381,
        4.1762,
        8.96
    ],
    "anharmonicities": [
        -0.221,
        -0.23,
        -0.08
    ],
    "couplings": [
        0.0545,
        0.05552
    ],
    "creationTime": "2021-08-02 18:52:14",
    "comboSignal": false,
    "signalType": "cos",
    "gateType": "SWAP",
    "nOptimizationLvls": 4,
    "riseTime": 25,
    "theta": -0.3856828359052698,
    "delta": 0.0375542979741591,
    "omegaPhi": 0.5392174348028657,
    "modulationTime": 103.13148358312857,
    "gateFidelity": 0.9913403894995142,
    "times": [
        89.7377844164885,
        90.0726268956545,
        90.4074693748205,
        90.74231185398651,
        91.0771543331525,
        91.4119968123185,
        91.7468392914845,
        92.0816817706505,
        92.4165242498165,
        92.75136672898252,
        93.08620920814852,
        93.42105168731452,
        93.75589416648052,
        94.09073664564652,
        94.42557912481251,
        94.76042160397853,
        95.09526408314453,
        95.43010656231053,
        95.76494904147653,
        96.09979152064253,
        96.43463399980854,
        96.76947647897454,
        97.10431895814054,
        97.43916143730654,
        97.77400391647254,
        98.10884639563854,
        98.44368887480455,
        98.77853135397055,
        99.11337383313655,
        99.44821631230255,
        99.78305879146855,
        100.11790127063455,
        100.45274374980056,
        100.78758622896656,
        101.12242870813256,
        101.45727118729856,
        101.79211366646456,
        102.12695614563056,
        102.46179862479657,
        102.79664110396257,
        103.13148358312857,
        103.46632606229457,
        103.80116854146057,
        104.13601102062657,
        104.47085349979258,
        104.80569597895858,
        105.14053845812458,
        105.47538093729058,
        105.81022341645658,
        106.1450658956226,
        106.4799083747886,
        106.81475085395459,
        107.14959333312059,
        107.48443581228659,
        107.81927829145259,
        108.1541207706186,
        108.4889632497846,
        108.8238057289506,
        109.1586482081166,
        109.4934906872826,
        109.82833316644862,
        110.16317564561461,
        110.49801812478061,
        110.83286060394661,
        111.16770308311261,
        111.50254556227861,
        111.83738804144463,
        112.17223052061063,
        112.50707299977663,
        112.84191547894262,
        113.17675795810862,
        113.51160043727464,
        113.84644291644064,
        114.18128539560664,
        114.51612787477264,
        114.85097035393864,
        115.18581283310465,
        115.52065531227065,
        115.85549779143665,
        116.19034027060265,
        116.52518274976865,
        116.86002522893466,
        117.19486770810066,
        117.52971018726666,
        117.86455266643266,
        118.19939514559866,
        118.53423762476467,
        118.86908010393067,
        119.20392258309667,
        119.53876506226267,
        119.87360754142867,
        120.20845002059468,
        120.54329249976067,
        120.87813497892668,
        121.21297745809268,
        121.54781993725868,
        121.88266241642468,
        122.21750489559068,
        122.55234737475669,
        122.88718985392269,
        123.22203233308869,
        123.55687481225469,
        123.89171729142069,
        124.2265597705867,
        124.5614022497527,
        124.8962447289187,
        125.2310872080847,
        125.5659296872507,
        125.90077216641671,
        126.23561464558271,
        126.57045712474871,
        126.90529960391471,
        127.24014208308071,
        127.57498456224673,
        127.90982704141273,
        128.24466952057873
    ],
    "fidelitiesAtTimes": [
        0.8818318576229769,
        0.8998482835850601,
        0.9133685209907483,
        0.9042251652146163,
        0.9166508349762033,
        0.9233088473999123,
        0.929098642871474,
        0.9445227849151709,
        0.9460212242390474,
        0.9452467160269128,
        0.954901700164025,
        0.9556032749085646,
        0.963878756440916,
        0.9701291636307449,
        0.9685629266225325,
        0.9722533016962516,
        0.9751615694498484,
        0.9770435219623319,
        0.9817358248418575,
        0.9823204885834768,
        0.9823175055754184,
        0.9851357577725125,
        0.9855129172539139,
        0.9873942592782983,
        0.9882580958900578,
        0.9880984309968914,
        0.989145416042895,
        0.9896985848929536,
        0.9901330516020354,
        0.990515272401117,
        0.9905668746565421,
        0.9907573321954921,
        0.9911142947828046,
        0.9911492391108366,
        0.9912468206364162,
        0.9912660439109633,
        0.9912794317028111,
        0.9913417675857668,
        0.99133958322195,
        0.9913415081545119,
        0.9913403894995142,
        0.9913391524473351,
        0.9913379296978831,
        0.9913366930686717,
        0.9913354664504391,
        0.9913342213919026,
        0.9913329943260353,
        0.9913317434303787,
        0.9913305011179798,
        0.9913292334402035,
        0.9913279733775665,
        0.9913266966519038,
        0.9913254310742701,
        0.9913241458400162,
        0.9913228703620538,
        0.9913215757351385,
        0.9913202912765822,
        0.9913189896821596,
        0.9913176989267448,
        0.9913163910296582,
        0.9913150959076121,
        0.9913137822537358,
        0.9913124793628642,
        0.9913111566787676,
        0.9913098482699219,
        0.9913085224839783,
        0.9913072102309313,
        0.9913058775790908,
        0.9913045587850791,
        0.9913032137898663,
        0.991301881788603,
        0.991300528301287,
        0.9912991876114393,
        0.991297837213063,
        0.9912964973884154,
        0.9912951338832233,
        0.9912937784814098,
        0.9912924024160217,
        0.991291041345605,
        0.9912896582330737,
        0.9912882898951306,
        0.9912869031088342,
        0.9912855292943616,
        0.9912841384208047,
        0.9912827602652536,
        0.9912813606760007,
        0.9912799758390027,
        0.9912785660123999,
        0.9912771720588254,
        0.9912757566754434,
        0.9912743564268729,
        0.9912729466853671,
        0.9912715339734784,
        0.9912701030416582,
        0.9912686795409021,
        0.9912672339424662,
        0.9912658041377196,
        0.9912643515905838,
        0.9912629139349989,
        0.9912614521969612,
        0.9912600036965511,
        0.9912585351786826,
        0.9912570821711121,
        0.9912556046847161,
        0.9912541379681477,
        0.9912526508117339,
        0.9912511730732048,
        0.99124967890202,
        0.9912481999817186,
        0.9912466992591333,
        0.9912452121479596,
        0.9912437054609893,
        0.9912422138440498,
        0.9912407006196965,
        0.9912391995950027,
        0.991237677807652
    ],