{
    "frequencies": [
        4.7381,
        4.1762,
        8.96
    ],
    "anharmonicities": [
        -0.221,
        -0.23,
        -0.08
    ],
    "couplings": [
        0.0545,
        0.05552
    ],
    "creationTime": "2021-08-21 14:01:48",
    "comboSignal": false,
    "signalType": "cos",
    "gateType": "iSWAP",
    "nOptimizationLvls": 4,
    "riseTime": 25,
    "theta": -0.4341970138345219,
    "delta": 0.02692939751532126,
    "omegaPhi": 0.5637403344536743,
    "modulationTime": 91.69442891530954,
    "gateFidelity": 0.9997179207116045,
    "times": [
        78.20995407482285,
        78.54706594583502,
        78.88417781684718,
        79.22128968785935,
        79.55840155887151,
        79.89551342988368,
        80.23262530089585,
        80.56973717190802,
        80.90684904292019,
        81.24396091393236,
        81.58107278494452,
        81.9181846559567,
        82.25529652696886,
        82.59240839798102,
        82.92952026899319,
        83.26663214000536,
        83.60374401101753,
        83.9408558820297,
        84.27796775304186,
        84.61507962405403,
        84.95219149506619,
        85.28930336607836,
        85.62641523709053,
        85.9635271081027,
        86.30063897911486,
        86.63775085012703,
        86.9748627211392,
        87.31197459215137,
        87.64908646316354,
        87.9861983341757,
        88.32331020518787,
        88.66042207620004,
        88.9975339472122,
        89.33464581822437,
        89.67175768923654,
        90.00886956024871,
        90.34598143126087,
        90.68309330227304,
        91.0202051732852,
        91.35731704429737,
        91.69442891530954,
        92.03154078632171,
        92.36865265733388,
        92.70576452834605,
        93.04287639935822,
        93.37998827037039,
        93.71710014138255,
        94.05421201239471,
        94.39132388340688,
        94.72843575441905,
        95.06554762543122,
        95.40265949644339,
        95.73977136745556,
        96.07688323846773,
        96.41399510947988,
        96.75110698049205,
        97.08821885150422,
        97.42533072251639,
        97.76244259352856,
        98.09955446454073,
        98.4366663355529,
        98.77377820656507,
        99.11089007757722,
        99.4480019485894,
        99.78511381960156,
        100.12222569061373,
        100.4593375616259,
        100.79644943263807,
        101.13356130365024,
        101.47067317466241,
        101.80778504567456,
        102.14489691668673,
        102.4820087876989,
        102.81912065871107,
        103.15623252972324,
        103.49334440073541,
        103.83045627174758,
        104.16756814275975,
        104.50468001377192,
        104.84179188478407,
        105.17890375579624,
        105.51601562680841,
        105.85312749782058,
        106.19023936883275,
        106.52735123984492,
        106.86446311085709,
        107.20157498186924,
        107.53868685288141,
        107.87579872389358,
        108.21291059490575,
        108.55002246591792,
        108.88713433693009,
        109.22424620794226,
        109.56135807895443,
        109.8984699499666,
        110.23558182097875,
        110.57269369199092,
        110.90980556300309,
        111.24691743401526,
        111.58402930502743,
        111.9211411760396,
        112.25825304705177,
        112.59536491806392,
        112.9324767890761,
        113.26958866008826,
        113.60670053110043,
        113.9438124021126,
        114.28092427312477,
        114.61803614413694,
        114.9551480151491,
        115.29225988616128,
        115.62937175717343,
        115.96648362818561,
        116.30359549919777,
        116.64070737020994,
        116.97781924122211
    ],
    "fidelitiesAtTimes": [
        0.960633734346439,
        0.9438539603361942,
        0.9741954018551023,
        0.9621733171137684,
        0.9632583260717087,
        0.9786112642640955,
        0.9631943484578921,
        0.9789683599916625,
        0.9819052317953612,
        0.9746946942018753,
        0.988359461988677,
        0.9807185371397855,
        0.9844173256971569,
        0.9924028054308087,
        0.985988399731356,
        0.9930942915034979,
        0.9923473043686745,
        0.9909211212628477,
        0.9966146479096455,
        0.994032766208797,
        0.9959104067231493,
        0.9975645681936902,
        0.996089913038734,
        0.9983367639558907,
        0.9982196549268971,
        0.9981847437325392,
        0.9992300844002076,
        0.9988057866828542,
        0.9992361212220235,
        0.9995444830919521,
        0.9994349405615497,
        0.999678856337377,
        0.9996907048973563,
        0.9996995577335397,
        0.9997703703694822,
        0.9997616869084707,
        0.9997645216229805,
        0.9997653813976669,
        0.9997511047080551,
        0.9997357237595196,
        0.9997179207116045,
        0.9996985099708106,
        0.999677643789215,
        0.9996553509904184,
        0.9996316027490583,
        0.9996064301028277,
        0.9995798004158895,
        0.9995517462500011,
        0.9995222343476076,
        0.9994913002061405,
        0.9994589052084665,
        0.9994251172507773,
        0.9993898853498582,
        0.9993532249776607,
        0.9993150789254035,
        0.9992755596868873,
        0.9992345811963343,
        0.9991921414880922,
        0.9991482715266866,
        0.9991029499825406,
        0.9990561703873899,
        0.9990079791995473,
        0.9989583856482606,
        0.9989073863627084,
        0.9988549248563086,
        0.9988010590301191,
        0.9987457230024142,
        0.998688961256389,
        0.9986307374581301,
        0.9985711316808397,
        0.9985100410680076,
        0.9984475709853321,
        0.9983836338935126,
        0.9983183428780599,
        0.9982515864989523,
        0.9981833917509626,
        0.9981137076616797,
        0.9980426523140979,
        0.9979701063693677,
        0.9978961143719767,
        0.9978207023502325,
        0.9977438329000285,
        0.9976654945375575,
        0.997585771042288,
        0.9975046368797396,
        0.9974220531221624,
        0.9973380926440623,
        0.9972527515112148,
        0.9971659541696221,
        0.9970777675095382,
        0.996988063916955,
        0.9968969871017045,
        0.9968043707011915,
        0.996710355460066,
        0.9966148639801172,
        0.996517988088218,
        0.9964196436572645,
        0.9963199317147236,
        0.9962187462862755,
        0.9961161838064962,
        0.9960121508355358,
        0.9959068269866773,
        0.9958000365634696,
        0.995691871280644,
        0.995582145704911,
        0.9954710548752901,
        0.995358576251968,
        0.9952447355635616,
        0.99512946357376,
        0.9950129000210911,
        0.9948948011970373,
        0.9947754048101742,
        0.9946545418212487,
        0.9945322612710908,
        0.9944085142120894,
        0.9942832734577622
    ],
    "deviations": [
        [],
        [],
        [],
        []
    ],
    "fidelities1D_Dev": [
        [],
        [],
        [],
        []
    ],
    "fidelities2D_Theta_delta": null,
    "fidelities2D_Theta_omegaPhi": null,
    "fidelities2D_Theta_opTime": null,
    "fidelities2D_delta_omegaPhi": null,
    "fidelities2D_delta_opTime": null,
    "fidelities2D_omegaPhi_opTime": null
}