{
    "frequencies": [
        4.733295,
        4.183434,
        7.8998
    ],
    "anharmonicities": [
        -0.222696,
        -0.228889,
        -0.220
    ],
    "couplings": [
        0.059380,
        0.058610
    ]
}